id,fecha_hora,numero,jugadores_presentes,velocity,direction,strategy,fichas,ganancia,saldo,opcion_apuesta,categoria,aus_rojo,aus_negro,aus_par,aus_impar,aus_1-18,aus_19-36
2.0,2025-05-09 14:35:35,27.0,7,61.81905738733348,antihorario,martingala,1.0,1000.0,11500.0,rojo,rojo,0,0,0,0,0,0
3.0,2025-05-09 14:36:18,11.0,15,56.96442199531855,horario,martingala,1.0,1000.0,12000.0,impar,negro,1,1,1,1,1,1
4.0,2025-05-09 14:36:56,13.0,12,53.001387635067296,antihorario,martingala,1.0,1000.0,12500.0,negro,negro,2,1,2,2,2,2
5.0,2025-05-09 14:37:39,20.0,1,52.26284039686283,horario,martingala,1.0,1000.0,13000.0,negro,negro,3,1,3,3,3,3
6.0,2025-05-09 14:38:24,28.0,1,55.85318361545595,antihorario,martingala,1.0,1000.0,13500.0,negro,negro,4,1,4,4,4,4
7.0,2025-05-09 14:39:05,27.0,1,52.27431277394649,horario,martingala,1.0,-500.0,12500.0,negro,rojo,5,1,5,5,5,5
8.0,2025-05-09 14:39:50,20.0,1,45.93172579408513,antihorario,martingala,2.0,2000.0,13500.0,19-36,negro,1,2,6,6,6,6
9.0,2025-05-09 14:40:27,25.0,12,57.40701439393621,horario,martingala,1.0,1000.0,14000.0,19-36,rojo,2,1,7,7,7,7
10.0,2025-05-09 14:41:13,23.0,1,60.87003794419891,antihorario,martingala,1.0,1000.0,14500.0,rojo,rojo,1,2,8,8,8,8
11.0,2025-05-09 14:41:59,0.0,1,52.804929936507996,horario,martingala,1.0,-500.0,13500.0,rojo,0,1,3,9,9,9,9
12.0,2025-05-09 14:42:36,22.0,1,51.8958127816666,antihorario,martingala,2.0,-1000.0,11500.0,impar,negro,2,4,10,10,10,10
13.0,2025-05-09 14:43:15,2.0,1,53.488024446625296,horario,martingala,4.0,4000.0,13500.0,negro,negro,3,1,11,11,11,11
14.0,2025-05-09 14:44:03,18.0,12,58.09156133600887,antihorario,martingala,1.0,1000.0,14000.0,par,rojo,4,1,12,12,12,12
15.0,2025-05-09 14:44:46,21.0,12,50.44467451830908,horario,martingala,1.0,1000.0,14500.0,rojo,rojo,1,2,13,13,13,13
16.0,2025-05-09 14:45:23,11.0,12,51.52840791661784,antihorario,martingala,1.0,1000.0,15000.0,impar,negro,1,3,14,14,14,14
17.0,2025-05-09 14:46:07,3.0,12,43.072327116708585,horario,martingala,1.0,1000.0,15500.0,impar,rojo,2,1,15,15,15,15
18.0,2025-05-09 14:46:48,16.0,12,56.2342615624857,antihorario,martingala,1.0,1000.0,16000.0,rojo,rojo,1,2,16,16,16,16
19.0,2025-05-09 14:47:33,15.0,12,55.47356991843194,horario,martingala,1.0,1000.0,16500.0,1-18,negro,1,3,17,17,17,17
20.0,2025-05-09 14:48:17,3.0,12,45.323456758792425,antihorario,martingala,1.0,1000.0,17000.0,impar,rojo,2,1,18,18,18,18
21.0,2025-05-09 14:48:56,16.0,12,53.88571068272015,horario,martingala,1.0,1000.0,17500.0,rojo,rojo,1,2,19,19,19,19
22.0,2025-05-09 14:49:42,17.0,12,43.027569945705785,antihorario,martingala,1.0,1000.0,18000.0,1-18,negro,1,3,20,20,20,20
23.0,2025-05-09 14:50:29,30.0,12,56.75102689631086,horario,martingala,1.0,-500.0,17000.0,negro,rojo,2,1,21,21,21,21
24.0,2025-05-09 14:51:11,18.0,12,57.90950451532266,antihorario,martingala,2.0,2000.0,18000.0,rojo,rojo,1,2,22,22,22,22
25.0,2025-05-09 14:51:47,4.0,12,57.39179595481805,horario,martingala,1.0,1000.0,18500.0,par,negro,1,3,23,23,23,23
26.0,2025-05-09 14:52:31,12.0,12,50.19884225732507,antihorario,martingala,1.0,1000.0,19000.0,par,rojo,2,1,24,24,24,24
27.0,2025-05-09 14:53:13,1.0,12,49.56814000899058,horario,martingala,1.0,1000.0,19500.0,1-18,rojo,1,2,25,25,25,25
29.0,2025-05-09 15:13:22,19.0,0,47.901298496170476,horario,martingala,4.0,4000.0,10000.0,19-36,rojo,1,3,26,26,26,26
30.0,2025-05-09 15:14:04,18.0,0,49.09111466892201,antihorario,martingala,1.0,1000.0,10500.0,rojo,rojo,1,4,27,27,27,27
31.0,2025-05-09 15:14:52,36.0,0,57.03589474488708,horario,martingala,1.0,1000.0,11000.0,rojo,rojo,1,5,28,28,28,28
32.0,2025-05-09 15:19:07,25.0,28,48.6006525441851,horario,martingala,2.0,2000.0,11000.0,rojo,rojo,1,6,29,29,29,29
33.0,2025-05-09 15:19:47,16.0,28,31.66139909675696,antihorario,martingala,1.0,1000.0,11500.0,rojo,rojo,1,7,30,30,30,30
34.0,2025-05-09 20:09:08,24.0,0,46.8215171599922,antihorario,martingala,2.0,2000.0,11000.0,negro,negro,1,8,31,31,31,31
35.0,2025-05-09 20:09:49,26.0,0,43.32702726086685,sin cambio,martingala,1.0,1000.0,11500.0,negro,negro,2,1,32,32,32,32
36.0,2025-05-09 20:10:31,6.0,0,52.55191337677591,antihorario,martingala,1.0,1000.0,12000.0,negro,negro,3,1,33,33,33,33
37.0,2025-05-09 20:11:14,16.0,0,49.710625784325124,horario,martingala,1.0,1000.0,12500.0,par,rojo,4,1,34,34,34,34
38.0,2025-05-09 20:16:16,22.0,78,43.67185612761564,antihorario,martingala,2.0,2000.0,11000.0,negro,negro,1,2,35,35,35,35
39.0,2025-05-09 20:16:57,7.0,78,57.409229457680986,horario,martingala,1.0,-500.0,10000.0,negro,rojo,2,1,36,36,36,36
41.0,2025-05-09 20:18:22,14.0,38,62.10524310821151,horario,martingala,1.0,1000.0,11500.0,1-18,rojo,1,2,37,37,37,37
42.0,2025-05-09 20:18:23,14.0,38,52.558194400523,horario,martingala,2.0,2000.0,11000.0,1-18,rojo,1,3,38,38,38,38
43.0,2025-05-09 20:21:58,6.0,28,60.40026547362172,antihorario,martingala,2.0,2000.0,11000.0,par,negro,1,4,39,39,39,39
45.0,2025-05-10 10:27:25,15.0,15,56.25938556449955,horario,martingala,2.0,2000.0,11000.0,impar,negro,2,1,40,40,40,40
46.0,2025-05-10 10:40:01,17.0,11,46.391029088217536,horario,dalembert,2.0,2000.0,11000.0,negro,negro,3,1,41,41,41,41
47.0,2025-05-10 10:40:41,27.0,15,59.18241471678463,antihorario,dalembert,1.0,1000.0,11500.0,impar,rojo,4,1,42,42,42,42
48.0,2025-05-10 10:41:23,16.0,15,46.59209159039845,horario,dalembert,1.0,1000.0,12000.0,rojo,rojo,1,2,43,43,43,43
49.0,2025-05-10 10:42:11,0.0,15,58.50157486699866,antihorario,dalembert,1.0,-500.0,11000.0,rojo,0,1,3,44,44,44,44
50.0,2025-05-10 10:42:53,27.0,15,52.55979128180792,horario,martingala,2.0,2000.0,12000.0,impar,rojo,2,4,45,45,45,45
51.0,2025-05-10 10:43:33,7.0,15,48.45035715848767,antihorario,martingala,1.0,1000.0,12500.0,rojo,rojo,1,5,46,46,46,46
52.0,2025-05-10 10:45:03,23.0,15,58.4098759212868,antihorario,martingala,1.0,1000.0,13000.0,rojo,rojo,1,6,47,47,47,47
54.0,2025-05-10 10:45:44,7.0,15,47.40287387189944,horario,martingala,1.0,1000.0,14000.0,rojo,rojo,1,7,48,48,48,48
55.0,2025-05-10 10:47:11,1.0,15,43.764795278161806,horario,dalembert,1.0,1000.0,14500.0,rojo,rojo,1,8,49,49,49,49
57.0,2025-05-10 10:47:54,19.0,15,63.7558930605725,antihorario,martingala,1.0,1000.0,15500.0,rojo,rojo,1,9,50,50,50,50
58.0,2025-05-10 10:48:38,10.0,10,55.86206540700357,horario,martingala,1.0,-500.0,14500.0,rojo,negro,1,10,51,51,51,51
59.0,2025-05-10 10:49:22,25.0,10,58.5330999629389,antihorario,martingala,2.0,-1000.0,12500.0,negro,rojo,2,1,52,52,52,52
60.0,2025-05-10 10:50:08,30.0,15,49.9499117613609,horario,martingala,4.0,4000.0,14500.0,rojo,rojo,1,2,53,53,53,53
61.0,2025-05-10 10:50:52,7.0,15,46.545875329026366,antihorario,martingala,1.0,1000.0,15000.0,rojo,rojo,1,3,54,54,54,54
62.0,2025-05-10 10:51:32,21.0,13,48.96249348783851,horario,martingala,1.0,1000.0,15500.0,rojo,rojo,1,4,55,55,55,55
63.0,2025-05-10 10:52:16,19.0,15,50.0272761120757,antihorario,martingala,1.0,1000.0,16000.0,rojo,rojo,1,5,56,56,56,56
64.0,2025-05-10 10:52:58,23.0,15,57.28831930743974,horario,fibonacci,1.0,1000.0,16500.0,rojo,rojo,1,6,57,57,57,57
65.0,2025-05-10 10:53:42,13.0,15,62.24879744062904,antihorario,martingala,1.0,1000.0,17000.0,impar,negro,1,7,58,58,58,58
66.0,2025-05-10 10:54:24,24.0,15,46.52353701198609,horario,martingala,1.0,1000.0,17500.0,negro,negro,2,1,59,59,59,59
67.0,2025-05-10 10:55:06,31.0,16,54.18306100659899,antihorario,martingala,1.0,1000.0,18000.0,negro,negro,3,1,60,60,60,60
68.0,2025-05-10 10:55:49,33.0,15,47.473331277982425,horario,martingala,1.0,1000.0,18500.0,negro,negro,4,1,61,61,61,61
69.0,2025-05-10 10:56:32,31.0,16,49.69974456879925,antihorario,martingala,1.0,1000.0,19000.0,negro,negro,5,1,62,62,62,62
70.0,2025-05-10 10:57:12,19.0,15,46.082892453281,horario,martingala,1.0,1000.0,19500.0,impar,rojo,6,1,63,63,63,63
71.0,2025-05-10 10:57:55,19.0,15,48.576056642433166,antihorario,martingala,1.0,1000.0,20000.0,rojo,rojo,1,2,64,64,64,64
72.0,2025-05-10 10:58:37,34.0,18,49.40681902689732,horario,martingala,1.0,1000.0,20500.0,rojo,rojo,1,3,65,65,65,65
73.0,2025-05-10 10:59:24,9.0,15,46.55964673474872,antihorario,martingala,1.0,1000.0,21000.0,rojo,rojo,1,4,66,66,66,66
74.0,2025-05-10 11:26:59,32.0,0,49.14352504462992,sin cambio,martingala,2.0,2000.0,11000.0,rojo,rojo,1,5,67,67,67,67
76.0,2025-05-10 11:31:29,34.0,18,63.23899247869744,antihorario,martingala,2.0,2000.0,11000.0,par,rojo,1,6,68,68,68,68
77.0,2025-05-10 11:32:08,31.0,20,58.59639931129929,horario,martingala,1.0,1000.0,11500.0,19-36,negro,1,7,69,69,69,69
78.0,2025-05-10 11:33:29,24.0,19,59.85914627660039,horario,fibonacci,1.0,1000.0,12000.0,negro,negro,2,1,70,70,70,70
80.0,2025-05-10 11:34:16,31.0,10,55.21964513663052,antihorario,martingala,1.0,1000.0,13000.0,negro,negro,3,1,71,71,71,71
81.0,2025-05-10 11:34:57,15.0,16,54.36841576873589,horario,martingala,1.0,1000.0,13500.0,negro,negro,4,1,72,72,72,72
82.0,2025-05-10 11:35:42,14.0,15,46.813841733830074,antihorario,martingala,1.0,1000.0,14000.0,1-18,rojo,5,1,73,73,73,73
83.0,2025-05-10 11:36:28,5.0,16,46.45886916716332,horario,fibonacci,1.0,1000.0,14500.0,rojo,rojo,1,2,74,74,74,74
84.0,2025-05-10 11:37:08,5.0,10,49.467833113196605,antihorario,martingala,1.0,1000.0,15000.0,rojo,rojo,1,3,75,75,75,75
85.0,2025-05-10 11:38:31,35.0,13,62.918047782222004,antihorario,martingala,1.0,-500.0,14000.0,rojo,negro,1,4,76,76,76,76
87.0,2025-05-10 11:39:13,35.0,13,59.0613692515957,horario,fibonacci,1.0,1000.0,15500.0,negro,negro,2,1,77,77,77,77
88.0,2025-05-10 11:40:46,0.0,10,55.85548891954469,sin cambio,martingala,1.0,1000.0,15500.0,negro,0,3,1,78,78,78,78
89.0,2025-05-10 11:41:20,32.0,13,69.64126728244555,antihorario,martingala,1.0,-500.0,14500.0,negro,rojo,4,2,79,79,79,79
90.0,2025-05-10 11:42:51,25.0,0,50.769232055078156,antihorario,martingala,2.0,2000.0,15500.0,rojo,rojo,1,3,80,80,80,80
92.0,2025-05-10 11:50:38,15.0,18,51.482272301897595,horario,martingala,2.0,2000.0,11000.0,negro,negro,1,4,81,81,81,81
93.0,2025-05-10 11:52:01,7.0,18,49.37058093246926,horario,martingala,1.0,-500.0,10000.0,negro,rojo,2,1,82,82,82,82
98.0,2025-05-10 12:26:38,11.0,19,44.043570871738645,horario,martingala,1.0,-500.0,10000.0,rojo,negro,1,2,83,83,83,83
99.0,2025-05-10 12:27:18,9.0,19,54.235314920680814,antihorario,martingala,2.0,2000.0,11000.0,impar,rojo,2,1,84,84,84,84
100.0,2025-05-10 12:28:01,21.0,10,50.875806181790985,horario,martingala,1.0,1000.0,11500.0,rojo,rojo,1,2,85,85,85,85
101.0,2025-05-10 12:28:46,28.0,10,56.24980451923094,antihorario,martingala,1.0,1000.0,12000.0,19-36,negro,1,3,86,86,86,86
102.0,2025-05-10 12:29:32,1.0,15,60.60418360992194,horario,martingala,1.0,-500.0,11000.0,negro,rojo,2,1,87,87,87,87
103.0,2025-05-10 12:30:14,31.0,16,45.14355027137396,antihorario,martingala,2.0,2000.0,12000.0,impar,negro,1,2,88,88,88,88
104.0,2025-05-10 12:30:56,1.0,10,49.59737691752783,horario,martingala,1.0,1000.0,12500.0,impar,rojo,2,1,89,89,89,89
105.0,2025-05-10 12:31:37,16.0,20,52.96965530299451,antihorario,martingala,1.0,1000.0,13000.0,rojo,rojo,1,2,90,90,90,90
106.0,2025-05-10 15:06:30,15.0,15,56.284369104548794,horario,martingala,16.0,-8000.0,-13000.0,rojo,negro,1,3,91,91,91,91
108.0,2025-05-10 15:07:55,23.0,13,45.38481989487733,horario,fibonacci,1.0,-500.0,2000.0,negro,rojo,2,1,92,92,92,92
110.0,2025-05-10 15:08:43,7.0,10,57.22042313818659,horario,martingala,1.0,1000.0,34500.0,rojo,rojo,1,2,93,93,93,93
111.0,2025-05-10 15:30:59,9.0,10,55.54420316824197,antihorario,martingala,2.0,2000.0,11000.0,rojo,rojo,1,3,94,94,94,94
112.0,2025-05-10 15:31:42,3.0,10,47.86109664003195,horario,martingala,1.0,1000.0,11500.0,rojo,rojo,1,4,95,95,95,95
113.0,2025-05-10 15:32:28,13.0,10,44.539960941820105,antihorario,martingala,1.0,1000.0,12000.0,impar,negro,1,5,96,96,96,96
114.0,2025-05-10 15:33:09,15.0,10,46.53566118218108,horario,martingala,1.0,1000.0,12500.0,negro,negro,2,1,97,97,97,97
115.0,2025-05-10 15:45:22,15.0,0,45.3829898990442,horario,martingala,2.0,-1000.0,8000.0,rojo,negro,3,1,98,98,98,98
117.0,2025-05-10 15:49:43,32.0,13,38.75237594601661,sin cambio,martingala,2.0,2000.0,11000.0,rojo,rojo,4,1,99,99,99,99
118.0,2025-05-10 15:50:22,30.0,10,48.250151217328664,horario,martingala,1.0,1000.0,11500.0,rojo,rojo,1,2,100,100,100,100
119.0,2025-05-10 15:51:09,18.0,10,48.7314131303831,antihorario,martingala,1.0,1000.0,12000.0,rojo,rojo,1,3,101,101,101,101
120.0,2025-05-10 15:51:53,28.0,10,45.74212364423888,horario,martingala,1.0,-500.0,11000.0,rojo,negro,1,4,102,102,102,102
121.0,2025-05-10 15:52:39,31.0,11,51.941193730204226,antihorario,martingala,2.0,-1000.0,9000.0,rojo,negro,2,1,103,103,103,103
122.0,2025-05-10 16:06:18,25.0,0,37.27729079967651,antihorario,martingala,2.0,2000.0,11000.0,rojo,rojo,3,1,104,104,104,104
127.0,2025-05-10 16:18:21,15.0,0,53.26898128217496,horario,martingala,2.0,-1000.0,8000.0,par,negro,1,2,105,105,105,105
128.0,2025-05-10 16:19:04,22.0,0,46.32701395016688,antihorario,martingala,4.0,4000.0,10000.0,negro,negro,2,1,106,106,106,106
129.0,2025-05-10 16:19:45,10.0,0,54.17918195658651,horario,martingala,1.0,1000.0,10500.0,negro,negro,3,1,107,107,107,107
130.0,2025-05-10 16:20:31,25.0,0,55.87844878385901,antihorario,martingala,1.0,-500.0,9500.0,negro,rojo,4,1,108,108,108,108
131.0,2025-05-10 16:21:10,22.0,0,50.38531534947183,horario,martingala,2.0,2000.0,10500.0,negro,negro,1,2,109,109,109,109
132.0,2025-05-10 16:21:55,25.0,0,46.98849110497946,antihorario,martingala,1.0,1000.0,11000.0,19-36,rojo,2,1,110,110,110,110
133.0,2025-05-10 16:22:40,31.0,0,45.17742140326567,horario,martingala,1.0,1000.0,11500.0,19-36,negro,1,2,111,111,111,111
134.0,2025-05-10 16:29:03,24.0,10,53.40727430822265,antihorario,martingala,2.0,2000.0,11000.0,19-36,negro,2,1,112,112,112,112
135.0,2025-05-10 16:29:46,26.0,10,47.298678827811955,horario,martingala,1.0,1000.0,11500.0,negro,negro,3,1,113,113,113,113
136.0,2025-05-10 16:30:28,28.0,10,46.32848195788571,antihorario,martingala,1.0,1000.0,12000.0,negro,negro,4,1,114,114,114,114
137.0,2025-05-10 16:31:12,31.0,13,55.19151159297417,horario,martingala,1.0,1000.0,12500.0,negro,negro,5,1,115,115,115,115
138.0,2025-05-10 16:32:00,0.0,10,52.886253381081765,antihorario,martingala,1.0,1000.0,13000.0,negro,0,6,1,116,116,116,116
139.0,2025-05-10 16:32:40,3.0,10,42.94864255188588,sin cambio,martingala,1.0,-500.0,12000.0,negro,rojo,7,2,117,117,117,117
140.0,2025-05-10 16:33:19,34.0,12,56.245784655774735,antihorario,martingala,2.0,-1000.0,10000.0,negro,rojo,1,3,118,118,118,118
141.0,2025-05-10 16:34:03,19.0,10,43.39066468713022,horario,martingala,4.0,-2000.0,6000.0,negro,rojo,1,4,119,119,119,119
143.0,2025-05-10 16:40:03,21.0,13,56.43871104379112,horario,martingala,4.0,4000.0,10000.0,impar,rojo,1,5,120,120,120,120
144.0,2025-05-10 16:40:47,35.0,10,42.26090360887835,antihorario,martingala,1.0,1000.0,10500.0,impar,negro,1,6,121,121,121,121
146.0,2025-05-10 16:47:52,33.0,0,49.429291218704066,horario,martingala,1.0,-500.0,10000.0,rojo,negro,2,1,122,122,122,122
147.0,2025-05-10 16:48:39,21.0,0,49.31350006786079,antihorario,martingala,2.0,2000.0,11000.0,rojo,rojo,3,1,123,123,123,123
148.0,2025-05-10 16:49:19,13.0,0,46.19132185028278,horario,martingala,1.0,-500.0,10000.0,rojo,negro,1,2,124,124,124,124
149.0,2025-05-10 16:50:02,4.0,0,46.19894140520418,antihorario,martingala,2.0,-1000.0,8000.0,rojo,negro,2,1,125,125,125,125
150.0,2025-05-10 16:54:20,29.0,10,62.79690802138697,antihorario,martingala,2.0,-1000.0,8000.0,rojo,negro,3,1,126,126,126,126
151.0,2025-05-10 16:55:00,12.0,13,53.70127861817849,horario,martingala,4.0,4000.0,10000.0,rojo,rojo,4,1,127,127,127,127
152.0,2025-05-10 16:55:43,22.0,10,52.94835538676491,antihorario,martingala,1.0,-500.0,9000.0,rojo,negro,1,2,128,128,128,128
153.0,2025-05-10 16:56:26,23.0,12,45.76147229330119,horario,martingala,2.0,2000.0,10000.0,rojo,rojo,2,1,129,129,129,129
154.0,2025-05-10 17:12:51,15.0,10,50.99344821136521,horario,martingala,2.0,-1000.0,8000.0,rojo,negro,1,2,130,130,130,130
155.0,2025-05-10 17:13:31,23.0,12,44.78395893968796,antihorario,martingala,4.0,4000.0,10000.0,rojo,rojo,2,1,131,131,131,131
156.0,2025-05-10 17:14:14,14.0,10,44.96749064221905,horario,martingala,1.0,1000.0,10500.0,rojo,rojo,1,2,132,132,132,132
157.0,2025-05-10 17:15:01,2.0,10,45.61639297872248,antihorario,martingala,1.0,-500.0,9500.0,rojo,negro,1,3,133,133,133,133
158.0,2025-05-10 17:15:44,1.0,10,40.55489300858669,horario,martingala,2.0,2000.0,10500.0,rojo,rojo,2,1,134,134,134,134
159.0,2025-05-10 17:16:24,28.0,10,39.04965915989534,antihorario,martingala,1.0,-500.0,9500.0,rojo,negro,1,2,135,135,135,135
160.0,2025-05-10 17:17:06,5.0,10,53.44316948081334,horario,martingala,2.0,2000.0,10500.0,rojo,rojo,2,1,136,136,136,136
161.0,2025-05-10 17:17:50,9.0,10,68.39938716677744,antihorario,martingala,1.0,1000.0,11000.0,rojo,rojo,1,2,137,137,137,137
162.0,2025-05-10 17:18:32,5.0,10,59.82786323831858,horario,martingala,1.0,1000.0,11500.0,rojo,rojo,1,3,138,138,138,138
163.0,2025-05-10 17:19:15,32.0,10,59.42464891810204,antihorario,martingala,1.0,1000.0,12000.0,rojo,rojo,1,4,139,139,139,139
164.0,2025-05-10 17:20:01,19.0,10,43.5336022527253,horario,martingala,1.0,1000.0,12500.0,rojo,rojo,1,5,140,140,140,140
165.0,2025-05-10 17:20:43,28.0,10,54.51785105921328,antihorario,martingala,1.0,-500.0,11500.0,rojo,negro,1,6,141,141,141,141
166.0,2025-05-10 17:21:28,7.0,10,60.110864398626745,horario,martingala,2.0,2000.0,12500.0,rojo,rojo,2,1,142,142,142,142
167.0,2025-05-10 17:22:08,28.0,10,62.200163989045016,sin cambio,martingala,1.0,-500.0,11500.0,rojo,negro,1,2,143,143,143,143
168.0,2025-05-10 17:22:51,11.0,10,47.335035509530606,horario,martingala,2.0,-1000.0,9500.0,rojo,negro,2,1,144,144,144,144
169.0,2025-05-10 17:23:34,2.0,10,55.533716043747155,antihorario,martingala,4.0,-2000.0,5500.0,rojo,negro,3,1,145,145,145,145
170.0,2025-05-10 17:24:15,16.0,10,60.41225837503999,horario,martingala,8.0,8000.0,9500.0,rojo,rojo,4,1,146,146,146,146
171.0,2025-05-10 17:24:58,13.0,10,48.766779754417826,antihorario,martingala,1.0,-500.0,8500.0,rojo,negro,1,2,147,147,147,147
172.0,2025-05-10 17:25:42,29.0,10,47.72695566197738,horario,martingala,2.0,-1000.0,6500.0,rojo,negro,2,1,148,148,148,148
173.0,2025-05-10 17:26:20,11.0,10,55.94109357804606,antihorario,martingala,4.0,-2000.0,2500.0,rojo,negro,3,1,149,149,149,149
174.0,2025-05-10 17:27:02,32.0,10,53.24186196352178,horario,martingala,8.0,8000.0,6500.0,rojo,rojo,4,1,150,150,150,150
175.0,2025-05-10 17:27:51,15.0,10,47.62021570396149,antihorario,martingala,1.0,-500.0,5500.0,rojo,negro,1,2,151,151,151,151
176.0,2025-05-10 17:28:33,26.0,10,58.27377955906656,horario,martingala,2.0,-1000.0,3500.0,rojo,negro,2,1,152,152,152,152
177.0,2025-05-10 17:29:13,4.0,10,53.359225109442164,antihorario,martingala,4.0,-2000.0,-500.0,rojo,negro,3,1,153,153,153,153
178.0,2025-05-10 17:29:59,8.0,10,59.798848911602626,horario,martingala,8.0,-4000.0,-8500.0,rojo,negro,4,1,154,154,154,154
179.0,2025-05-10 18:51:48,7.0,10,49.812858134714645,horario,martingala,2.0,2000.0,11000.0,rojo,rojo,5,1,155,155,155,155
180.0,2025-05-10 18:52:34,23.0,10,49.86790095704052,antihorario,martingala,1.0,1000.0,11500.0,rojo,rojo,1,2,156,156,156,156
181.0,2025-05-10 18:53:15,20.0,10,40.457655841666906,horario,martingala,1.0,-500.0,10500.0,rojo,negro,1,3,157,157,157,157
182.0,2025-05-10 18:54:02,8.0,10,44.8181239397232,antihorario,martingala,2.0,-1000.0,8500.0,rojo,negro,2,1,158,158,158,158
183.0,2025-05-10 18:55:22,3.0,10,46.74709399206048,horario,martingala,4.0,4000.0,10500.0,rojo,rojo,3,1,159,159,159,159
184.0,2025-05-10 18:56:03,10.0,10,54.94183382961459,horario,martingala,1.0,-500.0,9500.0,rojo,negro,1,2,160,160,160,160
185.0,2025-05-10 18:56:45,11.0,11,50.96425388097244,antihorario,martingala,2.0,-1000.0,7500.0,rojo,negro,2,1,161,161,161,161
186.0,2025-05-10 18:57:33,24.0,10,48.51592570552662,horario,martingala,4.0,-2000.0,3500.0,rojo,negro,3,1,162,162,162,162
187.0,2025-05-10 18:58:15,20.0,13,50.43758851702364,antihorario,martingala,8.0,-4000.0,-4500.0,rojo,negro,4,1,163,163,163,163
188.0,2025-05-10 18:59:02,2.0,10,53.155907023289735,horario,martingala,16.0,-8000.0,-20500.0,rojo,negro,5,1,164,164,164,164
189.0,2025-05-10 18:59:42,22.0,13,58.69005910556041,antihorario,martingala,32.0,-16000.0,-52500.0,rojo,negro,6,1,165,165,165,165
190.0,2025-05-10 19:00:25,34.0,10,52.14511691134579,horario,martingala,64.0,64000.0,-20500.0,rojo,rojo,7,1,166,166,166,166
191.0,2025-05-10 19:01:07,32.0,10,37.06463968654838,antihorario,martingala,1.0,1000.0,-20000.0,rojo,rojo,1,2,167,167,167,167
192.0,2025-05-10 19:01:51,30.0,10,47.74836298932845,horario,martingala,1.0,1000.0,-19500.0,rojo,rojo,1,3,168,168,168,168
193.0,2025-05-10 19:02:37,13.0,10,55.27636581446162,antihorario,martingala,1.0,-500.0,-20500.0,rojo,negro,1,4,169,169,169,169
194.0,2025-05-10 19:03:24,27.0,10,54.213845099365074,horario,martingala,2.0,2000.0,-19500.0,rojo,rojo,2,1,170,170,170,170
195.0,2025-05-10 19:04:06,1.0,10,53.16595983506791,antihorario,martingala,1.0,1000.0,-19000.0,rojo,rojo,1,2,171,171,171,171
196.0,2025-05-10 19:04:51,29.0,10,44.18095882512547,horario,martingala,1.0,-500.0,-20000.0,rojo,negro,1,3,172,172,172,172
197.0,2025-05-10 19:05:31,17.0,10,48.72713527558922,antihorario,martingala,2.0,-1000.0,-22000.0,rojo,negro,2,1,173,173,173,173
198.0,2025-05-10 19:06:12,12.0,10,40.36055619810014,horario,martingala,4.0,4000.0,-20000.0,rojo,rojo,3,1,174,174,174,174
199.0,2025-05-10 19:06:59,2.0,10,47.70865284791862,antihorario,martingala,1.0,-500.0,-21000.0,rojo,negro,1,2,175,175,175,175
200.0,2025-05-10 19:07:40,24.0,10,47.540874960524185,horario,martingala,2.0,-1000.0,-23000.0,rojo,negro,2,1,176,176,176,176
201.0,2025-05-10 20:10:33,26.0,10,64.02631865035423,horario,dalembert,2.0,-1000.0,7500.0,rojo,negro,3,1,177,177,177,177
202.0,2025-05-10 20:11:19,10.0,10,58.444403502448324,antihorario,dalembert,3.0,-1500.0,4500.0,rojo,negro,4,1,178,178,178,178
203.0,2025-05-10 20:12:05,29.0,13,46.73742975161571,horario,fibonacci,2.0,-1000.0,2500.0,rojo,negro,5,1,179,179,179,179
204.0,2025-05-10 20:12:41,5.0,10,54.38486540495367,antihorario,fibonacci,3.0,1500.0,2500.0,rojo,rojo,6,1,180,180,180,180
205.0,2025-05-10 20:13:23,20.0,11,58.66915047782756,horario,fibonacci,1.0,-500.0,1500.0,rojo,negro,1,2,181,181,181,181
206.0,2025-05-10 20:14:02,21.0,10,53.50569331860095,antihorario,fibonacci,1.0,500.0,1500.0,rojo,rojo,2,1,182,182,182,182
207.0,2025-05-10 20:14:44,2.0,10,47.13984679510789,horario,fibonacci,1.0,-500.0,500.0,rojo,negro,1,2,183,183,183,183
208.0,2025-05-10 20:15:31,21.0,10,54.485384708578664,antihorario,fibonacci,1.0,500.0,500.0,rojo,rojo,2,1,184,184,184,184
209.0,2025-05-10 20:16:11,7.0,10,48.73764854723032,horario,fibonacci,1.0,500.0,500.0,rojo,rojo,1,2,185,185,185,185
210.0,2025-05-10 20:16:53,12.0,10,51.965370432639695,antihorario,fibonacci,1.0,500.0,500.0,rojo,rojo,1,3,186,186,186,186
211.0,2025-05-10 20:18:20,32.0,10,53.74290221210307,horario,fibonacci,1.0,500.0,500.0,rojo,rojo,1,4,187,187,187,187
212.0,2025-05-10 20:19:04,11.0,10,40.22552487193009,sin cambio,fibonacci,1.0,-500.0,-500.0,rojo,negro,1,5,188,188,188,188
213.0,2025-05-10 20:19:46,2.0,10,52.92333981698198,antihorario,fibonacci,1.0,-500.0,-1500.0,rojo,negro,2,1,189,189,189,189
214.0,2025-05-10 20:20:32,10.0,10,52.61662281832528,horario,dalembert,4.0,-2000.0,-5500.0,rojo,negro,3,1,190,190,190,190
215.0,2025-05-10 20:21:14,18.0,10,55.76916396343008,antihorario,fibonacci,2.0,1000.0,-5500.0,rojo,rojo,4,1,191,191,191,191
216.0,2025-05-10 20:22:42,13.0,13,57.04705714917068,horario,fibonacci,1.0,-500.0,-6500.0,rojo,negro,1,2,192,192,192,192
217.0,2025-05-10 20:23:22,32.0,13,43.65452058662244,horario,fibonacci,1.0,500.0,-6500.0,rojo,rojo,2,1,193,193,193,193
218.0,2025-05-10 20:24:01,25.0,10,46.9273584459481,sin cambio,fibonacci,1.0,500.0,-6500.0,rojo,rojo,1,2,194,194,194,194
219.0,2025-05-10 20:24:48,14.0,10,47.671260484177395,horario,fibonacci,1.0,500.0,-6500.0,rojo,rojo,1,3,195,195,195,195
220.0,2025-05-10 20:25:32,16.0,10,47.05568449508064,antihorario,fibonacci,1.0,500.0,-6500.0,rojo,rojo,1,4,196,196,196,196
222.0,2025-05-10 20:37:49,4.0,10,53.76747712171323,horario,fibonacci,2.0,-1000.0,7000.0,rojo,negro,1,5,197,197,197,197
223.0,2025-05-10 20:38:33,17.0,10,51.256466552134064,antihorario,fibonacci,3.0,-1500.0,4000.0,rojo,negro,2,1,198,198,198,198
224.0,2025-05-10 20:39:19,4.0,10,46.29266190155287,horario,fibonacci,5.0,-2500.0,-1000.0,rojo,negro,3,1,199,199,199,199
225.0,2025-05-10 20:39:59,34.0,10,52.13485201341747,antihorario,fibonacci,8.0,4000.0,-1000.0,rojo,rojo,4,1,200,200,200,200
226.0,2025-05-10 20:40:41,7.0,10,50.88469656128779,horario,fibonacci,1.0,500.0,-1000.0,rojo,rojo,1,2,201,201,201,201
227.0,2025-05-10 20:41:23,12.0,10,59.01290683988961,antihorario,fibonacci,1.0,500.0,-1000.0,rojo,rojo,1,3,202,202,202,202
228.0,2025-05-10 20:42:07,18.0,10,49.406281527364364,horario,fibonacci,1.0,500.0,-1000.0,rojo,rojo,1,4,203,203,203,203
229.0,2025-05-10 20:43:31,27.0,10,40.008470538750586,antihorario,fibonacci,1.0,500.0,-1000.0,rojo,rojo,1,5,204,204,204,204
230.0,2025-05-10 20:44:19,32.0,10,44.87821956075924,antihorario,fibonacci,1.0,500.0,-1000.0,rojo,rojo,1,6,205,205,205,205
231.0,2025-05-10 20:44:59,20.0,10,42.37805934242932,sin cambio,fibonacci,1.0,-500.0,-2000.0,rojo,negro,1,7,206,206,206,206
232.0,2025-05-10 20:45:41,32.0,10,50.54075026787555,antihorario,fibonacci,1.0,500.0,-2000.0,rojo,rojo,2,1,207,207,207,207
233.0,2025-05-10 20:46:31,2.0,10,45.40671075700022,horario,fibonacci,1.0,-500.0,-3000.0,rojo,negro,1,2,208,208,208,208
234.0,2025-05-10 20:47:15,23.0,13,42.64905019059349,antihorario,fibonacci,1.0,500.0,-3000.0,rojo,rojo,2,1,209,209,209,209
235.0,2025-05-10 20:47:59,36.0,10,45.51277943189165,horario,fibonacci,1.0,500.0,-3000.0,rojo,rojo,1,2,210,210,210,210
236.0,2025-05-10 20:48:37,6.0,14,50.54656493803644,antihorario,fibonacci,1.0,-500.0,-4000.0,rojo,negro,1,3,211,211,211,211
237.0,2025-05-10 20:49:19,35.0,13,55.07752577139187,horario,fibonacci,1.0,-500.0,-5000.0,rojo,negro,2,1,212,212,212,212
238.0,2025-05-10 20:49:59,27.0,10,53.76450577722579,antihorario,fibonacci,2.0,1000.0,-5000.0,rojo,rojo,3,1,213,213,213,213
239.0,2025-05-10 20:50:42,23.0,10,50.38755930643162,horario,fibonacci,1.0,500.0,-5000.0,rojo,rojo,1,2,214,214,214,214
240.0,2025-05-10 20:51:27,20.0,10,48.47593872319933,antihorario,fibonacci,1.0,-500.0,-6000.0,rojo,negro,1,3,215,215,215,215
241.0,2025-05-10 20:52:09,9.0,13,47.55929748522402,horario,fibonacci,1.0,500.0,-6000.0,rojo,rojo,2,1,216,216,216,216
242.0,2025-05-10 20:52:47,0.0,15,45.63620584258355,antihorario,dalembert,1.0,-500.0,-7000.0,rojo,0,1,2,217,217,217,217
243.0,2025-05-10 20:53:28,24.0,13,55.76937880077816,horario,fibonacci,2.0,-1000.0,-9000.0,rojo,negro,2,3,218,218,218,218
244.0,2025-05-10 20:54:15,0.0,10,47.80719357786867,antihorario,fibonacci,3.0,-1500.0,-12000.0,rojo,0,3,1,219,219,219,219
245.0,2025-05-10 20:54:57,19.0,9,38.77325302703689,horario,fibonacci,5.0,2500.0,-12000.0,rojo,rojo,4,2,220,220,220,220
246.0,2025-05-10 20:55:44,7.0,10,47.605254632162776,antihorario,fibonacci,1.0,500.0,-12000.0,rojo,rojo,1,3,221,221,221,221
269.0,2025-05-12 14:02:57,27.0,13,38.730783404581324,antihorario,,0.0,0.0,9500.0,,rojo,1,4,222,222,222,222
271.0,2025-05-12 14:03:43,16.0,0,45.53751260856129,horario,,0.0,0.0,9000.0,,rojo,1,5,223,223,223,223
273.0,2025-05-12 14:12:32,26.0,0,40.05835502502216,sin cambio,,0.0,0.0,10000.0,,negro,1,6,224,224,224,224
274.0,2025-05-12 14:13:12,7.0,10,51.400968980698195,antihorario,fibonacci,2.0,0.0,9000.0,negro,rojo,2,1,225,225,225,225
275.0,2025-05-12 14:13:54,29.0,10,53.77681117588074,horario,,0.0,0.0,9000.0,,negro,1,2,226,226,226,226
276.0,2025-05-12 14:14:37,5.0,0,52.4866273724536,antihorario,,0.0,0.0,9000.0,,rojo,2,1,227,227,227,227
277.0,2025-05-12 14:15:19,4.0,18,58.97459560634297,horario,fibonacci,8.0,0.0,5000.0,impar,negro,1,2,228,228,228,228
278.0,2025-05-12 14:16:03,24.0,10,47.83660017207054,antihorario,,0.0,0.0,5000.0,,negro,2,1,229,229,229,229
279.0,2025-05-12 14:16:47,32.0,0,54.214866438668395,horario,,0.0,0.0,5000.0,,rojo,3,1,230,230,230,230
280.0,2025-05-12 14:17:30,34.0,0,62.91104548402016,antihorario,,0.0,0.0,5000.0,,rojo,1,2,231,231,231,231
281.0,2025-05-12 14:18:17,14.0,0,56.63275979073365,horario,,0.0,0.0,5000.0,,rojo,1,3,232,232,232,232
282.0,2025-05-12 14:18:56,17.0,0,58.511134906356354,antihorario,,0.0,0.0,5000.0,,negro,1,4,233,233,233,233
283.0,2025-05-12 14:19:38,15.0,0,60.130291647398735,horario,,0.0,0.0,5000.0,,negro,2,1,234,234,234,234
284.0,2025-05-12 14:20:21,30.0,0,54.058169151465314,antihorario,,0.0,0.0,5000.0,,rojo,3,1,235,235,235,235
285.0,2025-05-12 14:21:03,35.0,0,53.683740578994126,horario,,0.0,0.0,5000.0,,negro,1,2,236,236,236,236
286.0,2025-05-12 14:21:45,15.0,13,50.72122473867179,antihorario,,0.0,0.0,5000.0,,negro,2,1,237,237,237,237
287.0,2025-05-12 14:22:28,33.0,0,49.177513768195865,horario,,0.0,0.0,5000.0,,negro,3,1,238,238,238,238
288.0,2025-05-12 14:23:09,5.0,0,58.09076133798518,antihorario,,0.0,0.0,5000.0,,rojo,4,1,239,239,239,239
289.0,2025-05-12 14:23:51,13.0,0,57.42880780688296,horario,,0.0,0.0,5000.0,,negro,1,2,240,240,240,240
290.0,2025-05-12 14:24:33,11.0,15,56.035817304371335,antihorario,,0.0,0.0,5000.0,,negro,2,1,241,241,241,241
291.0,2025-05-12 14:25:20,12.0,16,56.279648186718475,horario,fibonacci,3.0,0.0,3500.0,impar,rojo,3,1,242,242,242,242
292.0,2025-05-12 14:26:05,14.0,13,57.228340895965296,antihorario,fibonacci,5.0,0.0,1000.0,impar,rojo,1,2,243,243,243,243
293.0,2025-05-12 14:26:43,14.0,13,48.12608188655217,horario,,0.0,0.0,1000.0,,rojo,1,3,244,244,244,244
294.0,2025-05-12 14:27:31,18.0,13,54.654554776467116,antihorario,,0.0,0.0,1000.0,,rojo,1,4,245,245,245,245
295.0,2025-05-12 14:28:09,3.0,13,54.07078104180381,horario,fibonacci,21.0,0.0,-9500.0,1-18,rojo,1,5,246,246,246,246
296.0,2025-05-12 14:29:35,14.0,15,51.650805174275575,horario,fibonacci,1.0,0.0,-10000.0,1-18,rojo,1,6,247,247,247,247
297.0,2025-05-12 14:30:12,32.0,18,44.30906494389652,antihorario,fibonacci,1.0,0.0,-10500.0,1-18,rojo,1,7,248,248,248,248
298.0,2025-05-12 14:31:03,20.0,0,39.1862809417459,horario,fibonacci,2.0,0.0,-11500.0,1-18,negro,1,8,249,249,249,249
299.0,2025-05-12 14:48:54,5.0,0,60.82123419922375,antihorario,,0.0,0.0,10000.0,,rojo,2,1,250,250,250,250
300.0,2025-05-12 14:49:38,32.0,0,42.92097064519385,sin cambio,fibonacci,2.0,0.0,9000.0,rojo,rojo,1,2,251,251,251,251
301.0,2025-05-12 14:50:19,14.0,0,49.78509234117572,antihorario,fibonacci,3.0,0.0,7500.0,rojo,rojo,1,3,252,252,252,252
302.0,2025-05-12 14:51:03,5.0,0,46.0367697506654,horario,fibonacci,5.0,0.0,5000.0,rojo,rojo,1,4,253,253,253,253
303.0,2025-05-12 14:51:45,26.0,0,48.95476803820892,antihorario,fibonacci,8.0,0.0,1000.0,rojo,negro,1,5,254,254,254,254
304.0,2025-05-12 14:52:30,14.0,0,64.79328136858014,horario,fibonacci,13.0,0.0,-5500.0,rojo,rojo,2,1,255,255,255,255
305.0,2025-05-12 14:53:14,29.0,13,54.816211491143264,antihorario,fibonacci,21.0,0.0,-16000.0,rojo,negro,1,2,256,256,256,256
307.0,2025-05-12 14:56:47,9.0,10,57.39657099727484,horario,fibonacci,2.0,0.0,9000.0,negro,rojo,2,1,257,257,257,257
308.0,2025-05-12 14:57:30,27.0,0,47.50765666413554,antihorario,fibonacci,3.0,0.0,7500.0,impar,rojo,1,2,258,258,258,258
309.0,2025-05-12 14:58:11,22.0,0,53.07041925965368,horario,fibonacci,5.0,0.0,5000.0,impar,negro,1,3,259,259,259,259
310.0,2025-05-12 14:58:54,11.0,0,53.64153779762905,antihorario,fibonacci,8.0,0.0,1000.0,impar,negro,2,1,260,260,260,260
311.0,2025-05-12 14:59:37,21.0,0,47.820622056151,horario,fibonacci,13.0,0.0,-5500.0,impar,rojo,3,1,261,261,261,261
312.0,2025-05-12 15:00:20,23.0,0,47.734460983368166,antihorario,fibonacci,21.0,0.0,-16000.0,impar,rojo,1,2,262,262,262,262
313.0,2025-05-12 15:01:07,31.0,0,51.81248750882808,horario,fibonacci,1.0,0.0,-16500.0,impar,negro,1,3,263,263,263,263
314.0,2025-05-12 15:01:48,22.0,0,42.987214753899046,antihorario,fibonacci,1.0,0.0,-17000.0,impar,negro,2,1,264,264,264,264
315.0,2025-05-12 15:02:29,9.0,0,49.06373340284818,horario,fibonacci,2.0,0.0,-18000.0,impar,rojo,3,1,265,265,265,265
316.0,2025-05-12 15:03:17,21.0,0,37.27363155632988,antihorario,fibonacci,3.0,0.0,-19500.0,impar,rojo,1,2,266,266,266,266
317.0,2025-05-12 15:04:01,22.0,10,47.66296094081677,horario,fibonacci,5.0,0.0,-22000.0,impar,negro,1,3,267,267,267,267
318.0,2025-05-12 15:04:41,34.0,10,60.9570562566827,antihorario,fibonacci,8.0,0.0,-26000.0,19-36,rojo,2,1,268,268,268,268
319.0,2025-05-12 15:06:07,27.0,11,49.56404219181556,antihorario,fibonacci,13.0,0.0,-32500.0,19-36,rojo,1,2,269,269,269,269
320.0,2025-05-12 15:06:55,24.0,12,51.95549125859514,horario,fibonacci,21.0,0.0,-43000.0,19-36,negro,1,3,270,270,270,270
321.0,2025-05-12 15:07:35,25.0,15,44.25699887834849,antihorario,fibonacci,1.0,0.0,-43500.0,19-36,rojo,2,1,271,271,271,271
322.0,2025-05-12 15:08:24,4.0,15,44.41604525188544,horario,fibonacci,1.0,0.0,-44000.0,19-36,negro,1,2,272,272,272,272
323.0,2025-05-12 15:09:14,32.0,13,36.45718979709655,sin cambio,fibonacci,2.0,0.0,-45000.0,19-36,rojo,2,1,273,273,273,273
324.0,2025-05-12 15:09:57,0.0,13,47.49376006816043,horario,fibonacci,3.0,0.0,-46500.0,19-36,0,1,2,274,274,274,274
325.0,2025-05-12 15:10:38,23.0,13,53.10497734418158,antihorario,,0.0,0.0,-46500.0,,rojo,2,3,275,275,275,275
326.0,2025-05-12 15:11:29,3.0,13,44.217625611501596,horario,fibonacci,8.0,0.0,-50500.0,19-36,rojo,1,4,276,276,276,276
327.0,2025-05-12 15:12:06,25.0,13,46.877404742031125,antihorario,,0.0,0.0,-50500.0,,rojo,1,5,277,277,277,277
328.0,2025-05-12 15:12:49,23.0,13,50.17059669392898,horario,,0.0,0.0,-50500.0,,rojo,1,6,278,278,278,278
329.0,2025-05-12 15:13:34,26.0,12,55.60914287396253,antihorario,,0.0,0.0,-50500.0,,negro,1,7,279,279,279,279
330.0,2025-05-12 15:14:17,35.0,15,54.104487105945765,horario,,0.0,0.0,-50500.0,,negro,2,1,280,280,280,280
331.0,2025-05-12 15:15:00,22.0,15,62.41016674380702,antihorario,,0.0,0.0,-50500.0,,negro,3,1,281,281,281,281
332.0,2025-05-13 16:19:29,28.0,16,41.23189510683926,horario,fibonacci,1.0,0.0,9500.0,negro,negro,4,1,282,282,282,282
333.0,2025-05-13 16:20:15,26.0,7,35.66625443757176,antihorario,fibonacci,1.0,0.0,9500.0,negro,negro,5,1,283,283,283,283
334.0,2025-05-13 16:21:00,24.0,19,47.82690162101892,horario,fibonacci,1.0,0.0,9500.0,negro,negro,6,1,284,284,284,284
336.0,2025-05-13 16:28:57,34.0,19,57.80479228286854,antihorario,fibonacci,1.0,500.0,10000.0,rojo,rojo,7,1,285,285,285,285
337.0,2025-05-13 16:29:40,33.0,19,51.567331186182486,horario,fibonacci,1.0,0.0,9500.0,rojo,negro,1,2,286,286,286,286
338.0,2025-05-13 16:30:26,13.0,19,54.83191807455963,antihorario,fibonacci,1.0,-500.0,9000.0,rojo,negro,2,1,287,287,287,287
339.0,2025-05-13 16:31:06,20.0,7,63.457250467041085,horario,fibonacci,1.0,0.0,8500.0,impar,negro,3,1,288,288,288,288
340.0,2025-05-13 16:31:47,22.0,7,55.237352568813264,antihorario,fibonacci,1.0,-500.0,8000.0,impar,negro,4,1,289,289,289,289
341.0,2025-05-13 16:32:32,5.0,19,44.62889875906185,horario,fibonacci,2.0,0.0,7000.0,negro,rojo,5,1,290,290,290,290
342.0,2025-05-14 11:31:53,22.0,13,55.46871393596391,antihorario,fibonacci,1.0,0.0,9500.0,negro,negro,1,2,291,291,291,291
343.0,2025-05-14 11:32:32,14.0,0,47.73290919472211,horario,fibonacci,1.0,-500.0,9000.0,negro,rojo,2,1,292,292,292,292
344.0,2025-05-14 11:33:13,2.0,12,62.6643486481064,antihorario,fibonacci,2.0,0.0,8000.0,par,negro,1,2,293,293,293,293
345.0,2025-05-14 11:46:19,20.0,15,62.817053040948075,antihorario,fibonacci,1.0,0.0,9500.0,negro,negro,2,1,294,294,294,294
346.0,2025-05-14 11:46:59,3.0,0,44.76013028074525,sin cambio,fibonacci,1.0,-500.0,9000.0,negro,rojo,3,1,295,295,295,295
347.0,2025-05-14 11:47:43,34.0,15,50.88064295800216,antihorario,fibonacci,2.0,0.0,8000.0,par,rojo,1,2,296,296,296,296
348.0,2025-05-14 11:56:57,36.0,0,46.43329806086297,horario,fibonacci,1.0,0.0,9500.0,rojo,rojo,1,3,297,297,297,297
349.0,2025-05-14 11:57:39,14.0,0,53.440439454407276,antihorario,fibonacci,1.0,500.0,10000.0,rojo,rojo,1,4,298,298,298,298
350.0,2025-05-14 11:58:27,33.0,0,59.13986266903935,horario,fibonacci,1.0,0.0,9500.0,rojo,negro,1,5,299,299,299,299
351.0,2025-05-14 11:59:05,19.0,0,47.034543053483056,antihorario,fibonacci,1.0,500.0,10000.0,rojo,rojo,2,1,300,300,300,300
352.0,2025-05-14 11:59:47,28.0,18,52.69943477828417,horario,fibonacci,1.0,0.0,9500.0,rojo,negro,1,2,301,301,301,301
353.0,2025-05-14 12:00:27,29.0,0,56.951583376347116,antihorario,fibonacci,1.0,-500.0,9000.0,rojo,negro,2,1,302,302,302,302
354.0,2025-05-14 12:01:10,13.0,19,59.22595922967483,horario,fibonacci,1.0,0.0,8500.0,rojo,negro,3,1,303,303,303,303
355.0,2025-05-14 12:01:54,32.0,18,38.22169444910066,sin cambio,fibonacci,1.0,500.0,9000.0,rojo,rojo,4,1,304,304,304,304
356.0,2025-05-14 12:02:34,30.0,0,52.12552879566872,horario,fibonacci,1.0,0.0,8500.0,rojo,rojo,1,2,305,305,305,305
357.0,2025-05-14 12:03:19,22.0,18,48.714165156622315,antihorario,fibonacci,1.0,-500.0,8000.0,rojo,negro,1,3,306,306,306,306
358.0,2025-05-14 12:03:59,9.0,18,54.83617698288459,horario,fibonacci,1.0,0.0,7500.0,rojo,rojo,2,1,307,307,307,307
359.0,2025-05-14 12:13:28,18.0,0,58.38693008970224,antihorario,fibonacci,1.0,0.0,9500.0,rojo,rojo,1,2,308,308,308,308
361.0,2025-05-14 12:14:53,31.0,0,32.506270491537286,sin cambio,fibonacci,1.0,0.0,9500.0,negro,negro,1,3,309,309,309,309
363.0,2025-05-14 12:15:37,34.0,0,58.33802354466184,horario,fibonacci,1.0,0.0,9500.0,rojo,rojo,2,1,310,310,310,310
364.0,2025-05-14 12:17:43,12.0,0,49.98684819347157,antihorario,fibonacci,1.0,0.0,9500.0,1-18,rojo,1,2,311,311,311,311
366.0,2025-05-14 12:18:23,27.0,0,51.44928906550138,horario,fibonacci,1.0,0.0,9500.0,1-18,rojo,1,3,312,312,312,312
368.0,2025-05-14 12:19:09,13.0,0,53.05437458357953,antihorario,fibonacci,1.0,0.0,8500.0,rojo,negro,1,4,313,313,313,313
370.0,2025-05-14 12:29:09,12.0,7,43.689802047164356,antihorario,fibonacci,1.0,0.0,9500.0,rojo,rojo,2,1,314,314,314,314
371.0,2025-05-14 12:29:50,0.0,15,44.55619784646086,sin cambio,fibonacci,1.0,-500.0,9000.0,rojo,0,1,2,315,315,315,315
373.0,2025-05-14 14:40:02,10.0,13,48.24115670947805,antihorario,fibonacci,1.0,0.0,9500.0,negro,negro,2,3,316,316,316,316
375.0,2025-05-14 14:40:47,25.0,15,54.729287077128646,horario,fibonacci,1.0,0.0,9500.0,negro,rojo,3,1,317,317,317,317
377.0,2025-05-14 14:41:31,21.0,18,39.251953332965854,antihorario,fibonacci,1.0,0.0,8500.0,rojo,rojo,1,2,318,318,318,318
379.0,2025-05-14 14:42:16,5.0,0,49.7190994989236,horario,fibonacci,1.0,0.0,8500.0,rojo,rojo,1,3,319,319,319,319
381.0,2025-05-14 14:43:00,16.0,13,46.90076698544215,antihorario,fibonacci,1.0,0.0,8500.0,rojo,rojo,1,4,320,320,320,320
383.0,2025-05-14 14:43:45,9.0,0,50.99873259362197,horario,fibonacci,1.0,0.0,8500.0,rojo,rojo,1,5,321,321,321,321
385.0,2025-05-14 14:58:04,2.0,12,52.464612850615495,horario,fibonacci,1.0,0.0,9500.0,negro,negro,1,6,322,322,322,322
387.0,2025-05-14 17:01:11,27.0,0,52.695337807187826,antihorario,fibonacci,1.0,500.0,10000.0,rojo,rojo,2,1,323,323,323,323
388.0,2025-05-14 17:01:57,0.0,0,41.08600538563859,sin cambio,fibonacci,1.0,-500.0,9000.0,rojo,0,1,2,324,324,324,324
389.0,2025-05-14 17:02:41,9.0,15,52.22974647705233,antihorario,dalembert,2.0,1000.0,9000.0,rojo,rojo,2,3,325,325,325,325
390.0,2025-05-14 17:03:25,17.0,0,55.82233490169059,horario,fibonacci,1.0,-500.0,8000.0,rojo,negro,1,4,326,326,326,326
391.0,2025-05-14 17:04:07,30.0,14,43.59963878937689,antihorario,fibonacci,1.0,500.0,8000.0,rojo,rojo,2,1,327,327,327,327
392.0,2025-05-14 17:04:51,25.0,0,45.540739782688206,horario,fibonacci,1.0,500.0,8000.0,rojo,rojo,1,2,328,328,328,328
393.0,2025-05-14 17:05:35,12.0,0,55.19044815212877,antihorario,fibonacci,1.0,500.0,8000.0,rojo,rojo,1,3,329,329,329,329
394.0,2025-05-14 17:06:17,17.0,0,56.86932534192536,horario,dalembert,1.0,-500.0,7000.0,rojo,negro,1,4,330,330,330,330
395.0,2025-05-14 17:06:56,12.0,0,48.40327455130088,antihorario,fibonacci,1.0,500.0,7000.0,rojo,rojo,2,1,331,331,331,331
396.0,2025-05-14 17:07:43,31.0,0,42.04520520925572,horario,fibonacci,1.0,-500.0,6000.0,rojo,negro,1,2,332,332,332,332
397.0,2025-05-14 17:08:23,9.0,10,46.00657166096362,antihorario,fibonacci,1.0,-500.0,5000.0,19-36,rojo,2,1,333,333,333,333
398.0,2025-05-14 17:09:10,14.0,10,41.54610978530513,horario,fibonacci,2.0,-1000.0,3000.0,impar,rojo,1,2,334,334,334,334
399.0,2025-05-14 17:09:54,36.0,0,52.90735363508377,antihorario,fibonacci,3.0,1500.0,3000.0,rojo,rojo,1,3,335,335,335,335
400.0,2025-05-14 17:10:34,0.0,10,47.50523953703941,horario,fibonacci,1.0,-500.0,2000.0,rojo,0,1,4,336,336,336,336
401.0,2025-05-14 21:13:44,26.0,0,45.13369363216984,horario,fibonacci,1.0,-500.0,9000.0,rojo,negro,2,5,337,337,337,337
402.0,2025-05-14 21:14:34,14.0,0,38.067018728574574,antihorario,fibonacci,2.0,1000.0,9000.0,rojo,rojo,3,1,338,338,338,338
403.0,2025-05-14 21:15:21,1.0,10,45.83222294605512,horario,fibonacci,1.0,500.0,9000.0,rojo,rojo,1,2,339,339,339,339
404.0,2025-05-14 21:16:02,24.0,0,51.136722558689115,antihorario,fibonacci,1.0,-500.0,8000.0,rojo,negro,1,3,340,340,340,340
405.0,2025-05-14 21:16:44,36.0,0,40.585225034572254,horario,fibonacci,1.0,500.0,8000.0,rojo,rojo,2,1,341,341,341,341
406.0,2025-05-14 21:17:29,36.0,0,45.777094350825074,antihorario,fibonacci,1.0,500.0,8000.0,rojo,rojo,1,2,342,342,342,342
407.0,2025-05-14 21:18:10,4.0,0,49.87544439747177,horario,fibonacci,1.0,-500.0,7000.0,rojo,negro,1,3,343,343,343,343
408.0,2025-05-14 21:18:54,25.0,0,41.97198400775064,antihorario,fibonacci,1.0,500.0,7000.0,rojo,rojo,2,1,344,344,344,344
409.0,2025-05-14 21:20:25,1.0,13,40.07863668218859,antihorario,fibonacci,1.0,500.0,7000.0,rojo,rojo,1,2,345,345,345,345
410.0,2025-05-14 21:21:09,13.0,0,48.54253274397417,horario,fibonacci,1.0,500.0,7000.0,negro,negro,1,3,346,346,346,346
411.0,2025-05-14 21:22:39,8.0,0,48.163071930047245,horario,dalembert,1.0,-500.0,6000.0,rojo,negro,2,1,347,347,347,347
412.0,2025-05-14 21:23:21,18.0,0,42.908699206149926,antihorario,fibonacci,1.0,500.0,6000.0,rojo,rojo,3,1,348,348,348,348
413.0,2025-05-14 21:24:52,9.0,10,42.068817349362554,antihorario,fibonacci,1.0,500.0,6000.0,rojo,rojo,1,2,349,349,349,349
414.0,2025-05-14 21:25:37,7.0,0,48.14820715723922,horario,fibonacci,1.0,500.0,6000.0,impar,rojo,1,3,350,350,350,350
415.0,2025-05-14 21:26:25,1.0,10,53.29274771228203,antihorario,fibonacci,1.0,500.0,6000.0,rojo,rojo,1,4,351,351,351,351
416.0,2025-05-14 21:27:11,31.0,0,55.59023112362053,horario,fibonacci,1.0,-500.0,5000.0,rojo,negro,1,5,352,352,352,352
417.0,2025-05-14 21:27:58,30.0,0,53.61278834577663,antihorario,fibonacci,1.0,500.0,5000.0,rojo,rojo,2,1,353,353,353,353
418.0,2025-05-14 21:28:40,14.0,0,48.661764219809015,horario,fibonacci,1.0,500.0,5000.0,rojo,rojo,1,2,354,354,354,354
419.0,2025-05-14 21:29:21,6.0,0,58.71719781922159,antihorario,fibonacci,1.0,-500.0,4000.0,rojo,negro,1,3,355,355,355,355
420.0,2025-05-14 21:30:08,9.0,0,65.414033861492,horario,fibonacci,1.0,500.0,4000.0,rojo,rojo,2,1,356,356,356,356
421.0,2025-05-14 21:30:50,9.0,13,57.29474567459189,antihorario,fibonacci,1.0,500.0,4000.0,rojo,rojo,1,2,357,357,357,357
422.0,2025-05-14 21:31:30,28.0,0,45.95579827783329,horario,fibonacci,1.0,-500.0,3000.0,rojo,negro,1,3,358,358,358,358
423.0,2025-05-14 21:32:10,13.0,0,56.300675999407225,antihorario,fibonacci,1.0,-500.0,2000.0,rojo,negro,2,1,359,359,359,359
425.0,2025-05-15 10:06:27,9.0,10,45.00904321109126,antihorario,fibonacci,1.0,500.0,10000.0,rojo,rojo,3,1,360,360,360,360
427.0,2025-05-15 10:07:10,26.0,15,50.49709642282999,horario,fibonacci,1.0,-500.0,9000.0,1-18,negro,1,2,361,361,361,361
429.0,2025-05-15 10:07:56,9.0,15,49.89479978092216,antihorario,fibonacci,1.0,500.0,9000.0,rojo,rojo,2,1,362,362,362,362
432.0,2025-05-15 10:27:40,25.0,12,46.942521808975144,horario,fibonacci,1.0,500.0,10000.0,rojo,rojo,1,2,363,363,363,363
434.0,2025-05-15 10:29:11,34.0,16,43.70925414427426,horario,fibonacci,1.0,500.0,10000.0,rojo,rojo,1,3,364,364,364,364
437.0,2025-05-17 11:31:15,25.0,0,57.02406946850055,antihorario,fibonacci,1.0,500.0,10000.0,rojo,rojo,1,4,365,365,365,365
439.0,2025-05-17 11:32:39,22.0,0,46.08803508073902,antihorario,fibonacci,1.0,-500.0,9000.0,rojo,negro,1,5,366,366,366,366
441.0,2025-05-17 11:35:35,17.0,13,51.372202230936665,antihorario,fibonacci,1.0,-500.0,9000.0,rojo,negro,2,1,367,367,367,367
443.0,2025-05-17 11:37:05,15.0,13,61.01185051988495,antihorario,fibonacci,2.0,-1000.0,7000.0,rojo,negro,3,1,368,368,368,368
445.0,2025-05-17 11:43:25,20.0,16,47.429684067284974,horario,fibonacci,1.0,-500.0,9000.0,rojo,negro,4,1,369,369,369,369
446.0,2025-05-17 11:44:12,20.0,0,42.83038345051307,antihorario,fibonacci,2.0,0.0,8000.0,rojo,negro,5,1,370,370,370,370
447.0,2025-05-17 11:44:58,14.0,15,37.43477513785829,horario,fibonacci,2.0,1000.0,9000.0,rojo,rojo,6,1,371,371,371,371
448.0,2025-05-17 11:45:43,14.0,0,40.38731385431945,antihorario,fibonacci,1.0,0.0,8500.0,rojo,rojo,1,2,372,372,372,372
450.0,2025-05-17 12:06:07,25.0,10,45.38696292724541,antihorario,fibonacci,1.0,500.0,10000.0,rojo,rojo,1,3,373,373,373,373
452.0,2025-05-17 12:06:50,6.0,0,52.22005956626134,horario,fibonacci,1.0,500.0,10000.0,par,negro,1,4,374,374,374,374
454.0,2025-05-17 12:07:37,8.0,0,48.48338144172811,antihorario,fibonacci,1.0,-500.0,9000.0,rojo,negro,2,1,375,375,375,375
456.0,2025-05-17 12:08:18,16.0,0,44.94046176984586,horario,fibonacci,1.0,500.0,9000.0,rojo,rojo,3,1,376,376,376,376
460.0,2025-05-17 15:02:18,16.0,15,47.40002603277645,horario,fibonacci,1.0,500.0,10000.0,rojo,rojo,1,2,377,377,377,377
462.0,2025-05-17 15:02:59,19.0,16,57.63781566164104,antihorario,fibonacci,1.0,500.0,10000.0,rojo,rojo,1,3,378,378,378,378
464.0,2025-05-17 15:31:03,26.0,13,41.223897767132215,antihorario,fibonacci,1.0,-500.0,9000.0,rojo,negro,1,4,379,379,379,379
465.0,2025-05-17 15:31:48,27.0,15,53.332683619573935,antihorario,fibonacci,2.0,1000.0,9000.0,rojo,rojo,2,1,380,380,380,380
466.0,2025-05-17 15:32:31,3.0,13,56.34316273205697,horario,dalembert,1.0,500.0,9000.0,rojo,rojo,1,2,381,381,381,381
467.0,2025-05-17 15:33:13,11.0,13,49.34338371536495,antihorario,dalembert,1.0,-500.0,8000.0,rojo,negro,1,3,382,382,382,382
468.0,2025-05-17 15:33:52,18.0,14,59.94993637439696,horario,fibonacci,3.0,1500.0,8000.0,rojo,rojo,2,1,383,383,383,383
469.0,2025-05-17 15:34:38,32.0,13,44.73205717549246,antihorario,fibonacci,1.0,500.0,8000.0,rojo,rojo,1,2,384,384,384,384
470.0,2025-05-17 15:35:23,11.0,13,44.17184579964074,horario,fibonacci,1.0,-500.0,7000.0,rojo,negro,1,3,385,385,385,385
471.0,2025-05-17 15:36:03,6.0,13,45.677535309202646,antihorario,fibonacci,1.0,-500.0,6000.0,rojo,negro,2,1,386,386,386,386
472.0,2025-05-17 15:36:48,31.0,14,48.08604940470521,horario,fibonacci,2.0,-1000.0,4000.0,rojo,negro,3,1,387,387,387,387
473.0,2025-05-17 15:37:32,22.0,14,42.39094505388397,antihorario,fibonacci,3.0,-1500.0,1000.0,rojo,negro,4,1,388,388,388,388
474.0,2025-05-17 15:38:13,34.0,14,54.37494518697053,horario,fibonacci,5.0,2500.0,1000.0,rojo,rojo,5,1,389,389,389,389
475.0,2025-05-17 15:38:57,21.0,12,53.60745186537478,antihorario,fibonacci,1.0,500.0,1000.0,rojo,rojo,1,2,390,390,390,390
476.0,2025-05-17 15:39:42,19.0,11,47.888204655336345,horario,fibonacci,1.0,500.0,1000.0,rojo,rojo,1,3,391,391,391,391
477.0,2025-05-17 15:40:28,1.0,11,50.67389905181553,antihorario,fibonacci,1.0,500.0,1000.0,rojo,rojo,1,4,392,392,392,392
478.0,2025-05-17 15:41:09,20.0,14,48.033629626413834,horario,fibonacci,1.0,-500.0,0.0,rojo,negro,1,5,393,393,393,393
479.0,2025-05-17 15:41:55,18.0,12,44.60322040610824,antihorario,fibonacci,1.0,500.0,0.0,rojo,rojo,2,1,394,394,394,394
480.0,2025-05-17 15:42:42,20.0,11,51.44549943424855,horario,fibonacci,1.0,-500.0,-1000.0,rojo,negro,1,2,395,395,395,395
481.0,2025-05-17 15:43:20,31.0,11,56.019809624817846,antihorario,fibonacci,1.0,-500.0,-2000.0,rojo,negro,2,1,396,396,396,396
482.0,2025-05-17 15:44:02,1.0,10,51.55918030110268,horario,fibonacci,2.0,1000.0,-2000.0,rojo,rojo,3,1,397,397,397,397
483.0,2025-05-17 15:44:49,16.0,12,43.53141973712926,antihorario,dalembert,1.0,500.0,-2000.0,rojo,rojo,1,2,398,398,398,398
484.0,2025-05-17 15:45:30,8.0,12,49.07196095764804,sin cambio,fibonacci,1.0,500.0,-2000.0,par,negro,1,3,399,399,399,399
485.0,2025-05-17 15:46:13,26.0,0,52.686638229336715,antihorario,fibonacci,1.0,-500.0,-3000.0,rojo,negro,2,1,400,400,400,400
486.0,2025-05-17 15:47:02,13.0,13,41.09885776708648,horario,fibonacci,1.0,-500.0,-4000.0,rojo,negro,3,1,401,401,401,401
487.0,2025-05-17 15:47:43,31.0,13,42.21288364773205,antihorario,fibonacci,2.0,-1000.0,-6000.0,rojo,negro,4,1,402,402,402,402
488.0,2025-05-17 15:48:29,5.0,15,37.18120520131523,horario,fibonacci,3.0,1500.0,-6000.0,rojo,rojo,5,1,403,403,403,403
489.0,2025-05-17 15:49:11,20.0,15,60.23578635504361,antihorario,fibonacci,1.0,-500.0,-7000.0,rojo,negro,1,2,404,404,404,404
490.0,2025-05-17 16:33:22,34.0,15,39.13729933980195,horario,fibonacci,1.0,500.0,10000.0,rojo,rojo,2,1,405,405,405,405
491.0,2025-05-17 16:34:03,18.0,16,47.82266378480724,antihorario,fibonacci,1.0,500.0,10000.0,rojo,rojo,1,2,406,406,406,406
492.0,2025-05-17 16:34:52,20.0,16,58.576386241826484,horario,fibonacci,1.0,-500.0,9000.0,rojo,negro,1,3,407,407,407,407
493.0,2025-05-17 16:35:31,7.0,7,56.895303680280534,antihorario,fibonacci,1.0,500.0,9000.0,rojo,rojo,2,1,408,408,408,408
494.0,2025-05-17 16:36:18,18.0,19,48.002476202185484,horario,fibonacci,1.0,500.0,9000.0,rojo,rojo,1,2,409,409,409,409
495.0,2025-05-17 16:37:01,12.0,7,52.16797422328551,antihorario,fibonacci,1.0,-500.0,8000.0,negro,rojo,1,3,410,410,410,410
496.0,2025-05-17 16:37:47,14.0,21,50.486922980509256,horario,fibonacci,1.0,500.0,8000.0,rojo,rojo,1,4,411,411,411,411
497.0,2025-05-17 16:38:27,17.0,22,59.83293907540164,antihorario,fibonacci,1.0,-500.0,7000.0,rojo,negro,1,5,412,412,412,412
498.0,2025-05-17 16:39:13,4.0,22,46.72515302614324,horario,fibonacci,1.0,-500.0,6000.0,rojo,negro,2,1,413,413,413,413
499.0,2025-05-17 16:39:50,2.0,21,56.09332372037176,antihorario,fibonacci,2.0,-1000.0,4000.0,rojo,negro,3,1,414,414,414,414
500.0,2025-05-17 16:40:38,21.0,26,50.055364482469415,horario,fibonacci,3.0,1500.0,4000.0,rojo,rojo,4,1,415,415,415,415
501.0,2025-05-17 16:41:22,24.0,24,52.871853472434076,antihorario,fibonacci,1.0,-500.0,3000.0,rojo,negro,1,2,416,416,416,416
502.0,2025-05-17 16:42:04,2.0,24,52.40441971624173,horario,fibonacci,1.0,-500.0,2000.0,rojo,negro,2,1,417,417,417,417
503.0,2025-05-17 16:42:47,13.0,22,45.888365570911766,antihorario,fibonacci,2.0,-1000.0,0.0,rojo,negro,3,1,418,418,418,418
504.0,2025-05-17 16:43:31,17.0,23,54.30837535583683,horario,dalembert,2.0,-1000.0,-2000.0,rojo,negro,4,1,419,419,419,419
505.0,2025-05-17 16:44:14,23.0,25,53.25906746902205,antihorario,fibonacci,3.0,1500.0,-2000.0,rojo,rojo,5,1,420,420,420,420
506.0,2025-05-17 16:44:58,24.0,24,44.81261271131704,horario,fibonacci,1.0,-500.0,-3000.0,rojo,negro,1,2,421,421,421,421
507.0,2025-05-17 16:45:44,16.0,24,44.88866393760877,antihorario,fibonacci,1.0,500.0,-3000.0,rojo,rojo,2,1,422,422,422,422
508.0,2025-05-17 16:46:27,4.0,0,48.77896076773796,horario,fibonacci,1.0,-500.0,-4000.0,rojo,negro,1,2,423,423,423,423
509.0,2025-05-17 16:47:14,23.0,20,68.94741018022656,antihorario,fibonacci,1.0,500.0,-4000.0,rojo,rojo,2,1,424,424,424,424
510.0,2025-05-17 16:47:55,32.0,23,52.53314336413653,sin cambio,fibonacci,1.0,500.0,-4000.0,rojo,rojo,1,2,425,425,425,425
511.0,2025-05-17 16:48:40,7.0,18,45.56919188364127,antihorario,fibonacci,1.0,500.0,-4000.0,rojo,rojo,1,3,426,426,426,426
512.0,2025-05-17 16:49:17,19.0,20,50.99897393305792,horario,fibonacci,1.0,500.0,-4000.0,rojo,rojo,1,4,427,427,427,427
513.0,2025-05-17 16:50:03,14.0,19,49.63519896167036,antihorario,fibonacci,1.0,500.0,-4000.0,rojo,rojo,1,5,428,428,428,428
514.0,2025-05-17 16:50:47,14.0,23,54.924018805087066,horario,fibonacci,1.0,500.0,-4000.0,rojo,rojo,1,6,429,429,429,429
515.0,2025-05-17 16:51:30,1.0,28,42.56017669259608,antihorario,fibonacci,1.0,500.0,-4000.0,rojo,rojo,1,7,430,430,430,430
517.0,2025-05-17 18:25:48,13.0,10,48.29723293608871,antihorario,fibonacci,1.0,-500.0,9000.0,rojo,negro,1,8,431,431,431,431
520.0,2025-05-17 18:30:48,21.0,15,42.861033402902066,horario,dalembert,1.0,500.0,10000.0,rojo,rojo,2,1,432,432,432,432
522.0,2025-05-17 18:31:31,0.0,10,50.20094640021671,antihorario,fibonacci,1.0,-500.0,9000.0,rojo,0,1,2,433,433,433,433
525.0,2025-05-17 19:00:52,18.0,0,63.363131293954254,horario,,0.0,0.0,10000.0,,rojo,2,3,434,434,434,434
526.0,2025-05-17 19:01:01,18.0,0,58.22076698064996,horario,,0.0,0.0,10000.0,,rojo,1,4,435,435,435,435
527.0,2025-05-17 19:01:10,18.0,0,55.72269959648256,horario,,0.0,0.0,10000.0,,rojo,1,5,436,436,436,436
529.0,2025-05-17 19:01:14,18.0,12,55.72269959648256,horario,fibonacci,1.0,500.0,10000.0,rojo,rojo,1,6,437,437,437,437
533.0,2025-05-17 19:01:34,18.0,12,47.75922590268151,antihorario,,0.0,0.0,10000.0,,rojo,1,7,438,438,438,438
535.0,2025-05-17 19:48:10,31.0,10,32.01516598663286,antihorario,fibonacci,1.0,-500.0,9000.0,rojo,negro,1,8,439,439,439,439
537.0,2025-05-17 19:48:53,35.0,10,53.20093240163505,horario,dalembert,2.0,-1000.0,7000.0,rojo,negro,2,1,440,440,440,440
555.0,2025-05-17 20:07:30,4.0,10,51.49395327088855,horario,fibonacci,1.0,-500.0,9000.0,rojo,negro,3,1,441,441,441,441
557.0,2025-05-17 20:08:12,20.0,10,48.5043059203275,antihorario,dalembert,2.0,-1000.0,7000.0,rojo,negro,4,1,442,442,442,442
559.0,2025-05-17 20:11:46,5.0,0,40.13789603960107,horario,fibonacci,1.0,0.0,9500.0,rojo,rojo,5,1,443,443,443,443
560.0,2025-05-17 20:12:29,1.0,10,56.05444605396332,antihorario,fibonacci,1.0,500.0,9500.0,rojo,rojo,1,2,444,444,444,444
561.0,2025-05-17 20:13:11,28.0,10,50.05351940968553,horario,fibonacci,1.0,-500.0,8500.0,rojo,negro,1,3,445,445,445,445
562.0,2025-05-17 20:13:57,14.0,10,49.33432734042653,antihorario,fibonacci,1.0,500.0,8500.0,rojo,rojo,2,1,446,446,446,446
563.0,2025-05-17 20:14:42,16.0,10,52.351221971766805,horario,dalembert,1.0,500.0,8500.0,rojo,rojo,1,2,447,447,447,447
564.0,2025-05-17 20:15:21,36.0,12,48.11282705214781,antihorario,fibonacci,1.0,500.0,8500.0,rojo,rojo,1,3,448,448,448,448
565.0,2025-05-17 20:16:07,30.0,10,50.77814946507651,horario,fibonacci,1.0,500.0,8500.0,rojo,rojo,1,4,449,449,449,449
566.0,2025-05-17 20:16:46,28.0,10,50.842752367427714,antihorario,fibonacci,1.0,-500.0,7500.0,rojo,negro,1,5,450,450,450,450
567.0,2025-05-17 20:17:32,34.0,10,49.84000346131444,horario,fibonacci,1.0,500.0,7500.0,rojo,rojo,2,1,451,451,451,451
568.0,2025-05-17 21:03:17,10.0,10,55.26501030145782,antihorario,fibonacci,1.0,0.0,9500.0,rojo,negro,1,2,452,452,452,452
569.0,2025-05-17 21:03:33,10.0,10,49.73721663093562,horario,fibonacci,2.0,-500.0,8500.0,rojo,negro,2,1,453,453,453,453
570.0,2025-05-17 21:03:46,10.0,18,53.67373523042588,horario,fibonacci,3.0,-1000.0,7000.0,rojo,negro,3,1,454,454,454,454
571.0,2025-05-17 21:04:00,29.0,18,56.32027821318235,horario,fibonacci,5.0,-1500.0,4500.0,rojo,negro,4,1,455,455,455,455
573.0,2025-05-17 21:04:27,29.0,16,55.64667713040421,antihorario,fibonacci,13.0,-4000.0,-6000.0,rojo,negro,5,1,456,456,456,456
575.0,2025-05-17 21:20:12,30.0,10,50.42901070709057,antihorario,fibonacci,1.0,500.0,9000.0,impar,rojo,6,1,457,457,457,457
576.0,2025-05-17 21:20:37,11.0,10,48.26048399700095,antihorario,fibonacci,1.0,500.0,8500.0,rojo,negro,1,2,458,458,458,458
578.0,2025-05-17 21:21:19,8.0,10,69.03837510613657,horario,fibonacci,3.0,-1000.0,6000.0,rojo,negro,2,1,459,459,459,459
580.0,2025-05-17 21:22:02,20.0,10,59.010420347032145,antihorario,fibonacci,8.0,-2500.0,-500.0,rojo,negro,3,1,460,460,460,460
582.0,2025-05-17 21:22:49,12.0,10,47.81219826586064,horario,fibonacci,8.0,6500.0,-11000.0,rojo,rojo,4,1,461,461,461,461
583.0,2025-05-18 10:29:14,7.0,16,63.383155176027536,antihorario,fibonacci,1.0,0.0,9500.0,rojo,rojo,1,2,462,462,462,462
584.0,2025-05-18 10:29:55,1.0,16,49.562547112429264,horario,fibonacci,1.0,500.0,9000.0,rojo,rojo,1,3,463,463,463,463
585.0,2025-05-18 10:30:36,17.0,16,53.07986487160335,antihorario,fibonacci,2.0,-500.0,8000.0,rojo,negro,1,4,464,464,464,464
586.0,2025-05-18 10:31:23,36.0,16,50.323845404553275,horario,fibonacci,1.0,1000.0,7500.0,rojo,rojo,2,1,465,465,465,465
587.0,2025-05-18 10:32:05,27.0,16,54.239482385755,antihorario,fibonacci,1.0,500.0,7000.0,rojo,rojo,1,2,466,466,466,466
588.0,2025-05-18 10:32:45,14.0,16,54.40319739920235,horario,fibonacci,1.0,500.0,6500.0,rojo,rojo,1,3,467,467,467,467
589.0,2025-05-18 10:33:29,35.0,16,56.32572368067961,antihorario,fibonacci,2.0,-500.0,5500.0,rojo,negro,1,4,468,468,468,468
590.0,2025-05-18 10:34:15,20.0,15,56.19958089157435,horario,fibonacci,3.0,-1000.0,4000.0,rojo,negro,2,1,469,469,469,469
591.0,2025-05-18 10:35:01,27.0,15,46.52545541004691,antihorario,fibonacci,2.0,1500.0,3000.0,rojo,rojo,3,1,470,470,470,470
592.0,2025-05-18 10:35:44,36.0,16,50.78926068902877,horario,fibonacci,1.0,1000.0,2500.0,rojo,rojo,1,2,471,471,471,471
593.0,2025-05-18 10:41:28,6.0,10,43.26085738919489,horario,fibonacci,1.0,0.0,9500.0,negro,negro,1,3,472,472,472,472
594.0,2025-05-18 10:46:38,32.0,19,0.26217479427629087,sin cambio,dalembert,2.0,0.0,9000.0,negro,rojo,2,1,473,473,473,473
596.0,2025-05-18 10:48:10,9.0,18,54.09846522031213,antihorario,fibonacci,1.0,500.0,8500.0,rojo,rojo,1,2,474,474,474,474
598.0,2025-05-18 11:23:16,10.0,10,42.73101902764744,antihorario,fibonacci,1.0,0.0,9500.0,rojo,negro,1,3,475,475,475,475
599.0,2025-05-18 11:23:35,10.0,15,32.65111110999649,horario,fibonacci,2.0,-500.0,8500.0,rojo,negro,2,1,476,476,476,476
600.0,2025-05-18 11:28:24,28.0,13,50.32621417169677,horario,,0.0,0.0,10000.0,,negro,3,1,477,477,477,477
601.0,2025-05-18 11:28:40,28.0,14,58.426452104657066,antihorario,fibonacci,1.0,-500.0,9000.0,rojo,negro,4,1,478,478,478,478
602.0,2025-05-18 11:29:09,11.0,10,49.47703611305653,antihorario,fibonacci,2.0,-1000.0,7000.0,19-36,negro,5,1,479,479,479,479
603.0,2025-05-18 11:29:27,11.0,10,51.13507031489702,horario,fibonacci,3.0,-1500.0,4000.0,rojo,negro,6,1,480,480,480,480
604.0,2025-05-18 11:29:47,14.0,10,63.8080866422161,horario,fibonacci,5.0,2500.0,4000.0,rojo,rojo,7,1,481,481,481,481
605.0,2025-05-18 11:48:04,33.0,0,60.8656144974667,antihorario,,0.0,0.0,10000.0,,negro,1,2,482,482,482,482
606.0,2025-05-18 11:48:46,9.0,13,40.49260921233141,horario,fibonacci,1.0,500.0,10000.0,rojo,rojo,2,1,483,483,483,483
607.0,2025-05-18 11:49:31,6.0,13,45.52267240957732,antihorario,fibonacci,1.0,-500.0,9000.0,rojo,negro,1,2,484,484,484,484
608.0,2025-05-18 11:50:16,11.0,13,45.746961919937974,horario,dalembert,2.0,-1000.0,7000.0,rojo,negro,2,1,485,485,485,485
609.0,2025-05-18 11:50:57,12.0,13,64.79103390168957,antihorario,fibonacci,1.0,500.0,7000.0,rojo,rojo,3,1,486,486,486,486
610.0,2025-05-18 11:51:43,10.0,13,43.351333847094644,horario,fibonacci,1.0,-500.0,6000.0,rojo,negro,1,2,487,487,487,487
611.0,2025-05-18 11:52:23,15.0,13,56.34548672144226,antihorario,fibonacci,1.0,-500.0,5000.0,rojo,negro,2,1,488,488,488,488
612.0,2025-05-18 11:53:09,26.0,13,54.48688751534813,sin cambio,fibonacci,2.0,-1000.0,3000.0,rojo,negro,3,1,489,489,489,489
613.0,2025-05-18 11:53:52,20.0,13,45.22807885496677,antihorario,fibonacci,3.0,-1500.0,0.0,rojo,negro,4,1,490,490,490,490
614.0,2025-05-18 11:54:34,15.0,13,60.190152502660894,horario,fibonacci,5.0,-2500.0,-5000.0,rojo,negro,5,1,491,491,491,491
615.0,2025-05-18 11:55:19,21.0,13,54.34919173285694,antihorario,fibonacci,8.0,4000.0,-5000.0,rojo,rojo,6,1,492,492,492,492
616.0,2025-05-18 11:55:57,1.0,13,52.295440987330714,horario,fibonacci,5.0,2500.0,-5000.0,rojo,rojo,1,2,493,493,493,493
617.0,2025-05-18 11:56:42,31.0,13,45.36236105956918,antihorario,fibonacci,3.0,-1500.0,-8000.0,rojo,negro,1,3,494,494,494,494
618.0,2025-05-18 11:57:23,1.0,13,56.9151868295668,horario,fibonacci,5.0,2500.0,-8000.0,rojo,rojo,2,1,495,495,495,495
619.0,2025-05-18 11:58:05,8.0,13,57.885563228705585,antihorario,fibonacci,3.0,1500.0,-8000.0,1-18,negro,1,2,496,496,496,496
620.0,2025-05-18 11:58:51,28.0,13,45.739068996750085,horario,dalembert,1.0,-500.0,-9000.0,rojo,negro,2,1,497,497,497,497
621.0,2025-05-18 11:59:38,12.0,15,55.37449976536701,antihorario,fibonacci,5.0,2500.0,-9000.0,rojo,rojo,3,1,498,498,498,498
622.0,2025-05-18 12:00:20,9.0,16,44.39190518540334,horario,fibonacci,3.0,1500.0,-9000.0,rojo,rojo,1,2,499,499,499,499
623.0,2025-05-18 12:01:02,16.0,15,53.32638304754741,antihorario,fibonacci,2.0,1000.0,-9000.0,rojo,rojo,1,3,500,500,500,500
624.0,2025-05-18 12:01:48,15.0,15,49.20428800683425,horario,fibonacci,1.0,-500.0,-10000.0,rojo,negro,1,4,501,501,501,501
625.0,2025-05-18 12:02:31,15.0,15,46.82828097592761,antihorario,fibonacci,2.0,-1000.0,-12000.0,rojo,negro,2,1,502,502,502,502
626.0,2025-05-18 12:03:16,6.0,10,50.74853564367601,horario,fibonacci,3.0,-1500.0,-15000.0,rojo,negro,3,1,503,503,503,503
627.0,2025-05-18 12:04:02,10.0,10,49.162721832871746,antihorario,fibonacci,5.0,-2500.0,-20000.0,rojo,negro,4,1,504,504,504,504
628.0,2025-05-18 12:04:40,12.0,10,56.96201216448018,horario,fibonacci,8.0,4000.0,-20000.0,rojo,rojo,5,1,505,505,505,505
629.0,2025-05-18 12:05:25,35.0,15,43.982606830737105,antihorario,fibonacci,5.0,-2500.0,-25000.0,rojo,negro,1,2,506,506,506,506
630.0,2025-05-18 15:50:02,23.0,18,44.25164070945914,horario,,0.0,0.0,10000.0,,rojo,2,1,507,507,507,507
631.0,2025-05-18 15:50:46,6.0,10,48.833993470661945,antihorario,fibonacci,1.0,-500.0,9000.0,impar,negro,1,2,508,508,508,508
632.0,2025-05-18 15:51:33,24.0,10,50.328251685702774,horario,fibonacci,2.0,-1000.0,7000.0,impar,negro,2,1,509,509,509,509
633.0,2025-05-18 15:52:17,35.0,7,61.74521826568492,antihorario,fibonacci,3.0,-1500.0,4000.0,rojo,negro,3,1,510,510,510,510
634.0,2025-05-18 15:53:00,32.0,16,43.21027419111925,sin cambio,fibonacci,5.0,2500.0,4000.0,rojo,rojo,4,1,511,511,511,511
635.0,2025-05-18 15:53:40,10.0,16,60.86230909786258,antihorario,fibonacci,3.0,-1500.0,1000.0,rojo,negro,1,2,512,512,512,512
636.0,2025-05-18 15:54:26,32.0,10,52.61351492374536,horario,fibonacci,5.0,2500.0,1000.0,rojo,rojo,2,1,513,513,513,513
637.0,2025-05-18 15:55:06,21.0,10,54.36473848400825,antihorario,fibonacci,3.0,1500.0,1000.0,rojo,rojo,1,2,514,514,514,514
638.0,2025-05-18 15:55:48,17.0,15,55.57492403726413,horario,fibonacci,2.0,-1000.0,-1000.0,rojo,negro,1,3,515,515,515,515
639.0,2025-05-18 15:56:28,31.0,15,46.961239036052895,antihorario,fibonacci,3.0,-1500.0,-4000.0,rojo,negro,2,1,516,516,516,516
640.0,2025-05-18 15:57:12,2.0,15,52.897667806809125,horario,fibonacci,5.0,-2500.0,-9000.0,rojo,negro,3,1,517,517,517,517
641.0,2025-05-18 15:57:55,0.0,15,50.77400237326178,antihorario,fibonacci,8.0,-4000.0,-17000.0,rojo,0,4,1,518,518,518,518
642.0,2025-05-18 15:58:39,28.0,10,47.15933488080192,horario,fibonacci,13.0,-6500.0,-30000.0,rojo,negro,5,2,519,519,519,519
643.0,2025-05-18 15:59:22,19.0,15,57.45541640834022,antihorario,fibonacci,21.0,10500.0,-30000.0,rojo,rojo,6,1,520,520,520,520
644.0,2025-05-18 16:00:06,5.0,10,50.08949726467789,horario,dalembert,1.0,500.0,-30000.0,rojo,rojo,1,2,521,521,521,521
645.0,2025-05-18 16:00:49,7.0,10,53.65390796163647,antihorario,fibonacci,13.0,6500.0,-30000.0,rojo,rojo,1,3,522,522,522,522
646.0,2025-05-18 16:01:33,16.0,13,41.080477343172234,horario,fibonacci,8.0,4000.0,-30000.0,rojo,rojo,1,4,523,523,523,523
647.0,2025-05-18 16:02:13,22.0,10,61.06930849439425,antihorario,fibonacci,5.0,-2500.0,-35000.0,rojo,negro,1,5,524,524,524,524
648.0,2025-05-18 16:02:59,17.0,16,50.19043265759587,horario,fibonacci,8.0,-4000.0,-43000.0,rojo,negro,2,1,525,525,525,525
649.0,2025-05-18 16:03:44,1.0,16,53.52056027627656,antihorario,fibonacci,13.0,6500.0,-43000.0,1-18,rojo,3,1,526,526,526,526
650.0,2025-05-18 16:04:28,0.0,15,45.723511084771516,sin cambio,fibonacci,8.0,-4000.0,-51000.0,rojo,0,1,2,527,527,527,527
651.0,2025-05-18 16:05:11,35.0,15,54.98452753244153,antihorario,fibonacci,13.0,-6500.0,-64000.0,rojo,negro,2,3,528,528,528,528
652.0,2025-05-18 16:05:55,9.0,16,36.81409383061127,horario,fibonacci,21.0,10500.0,-64000.0,rojo,rojo,3,1,529,529,529,529
653.0,2025-05-18 16:06:40,8.0,15,46.57095947617347,antihorario,fibonacci,13.0,-6500.0,-77000.0,rojo,negro,1,2,530,530,530,530
654.0,2025-05-18 16:07:24,10.0,16,46.46430159229392,horario,fibonacci,21.0,-10500.0,-98000.0,rojo,negro,2,1,531,531,531,531
655.0,2025-05-18 16:31:16,15.0,13,50.493350758274126,antihorario,,0.0,0.0,10000.0,,negro,3,1,532,532,532,532
656.0,2025-05-18 16:31:59,6.0,15,48.74742590689551,horario,fibonacci,1.0,-500.0,9000.0,rojo,negro,4,1,533,533,533,533
657.0,2025-05-18 16:32:37,5.0,14,45.38100625270905,antihorario,fibonacci,2.0,1000.0,9000.0,rojo,rojo,5,1,534,534,534,534
658.0,2025-05-18 16:33:19,12.0,10,46.10696027788244,horario,dalembert,1.0,500.0,9000.0,rojo,rojo,1,2,535,535,535,535
659.0,2025-05-18 16:34:00,30.0,13,56.06817259135789,antihorario,fibonacci,1.0,500.0,9000.0,rojo,rojo,1,3,536,536,536,536
660.0,2025-05-18 16:34:41,15.0,10,58.600977070711224,horario,fibonacci,1.0,-500.0,8000.0,rojo,negro,1,4,537,537,537,537
661.0,2025-05-18 16:42:39,21.0,18,46.86211544791924,antihorario,,0.0,0.0,10000.0,,rojo,2,1,538,538,538,538
662.0,2025-05-18 16:43:21,10.0,10,51.79134326181355,horario,fibonacci,1.0,-500.0,9500.0,rojo,negro,1,2,539,539,539,539
663.0,2025-05-18 16:44:07,10.0,16,53.18201011864091,antihorario,fibonacci,2.0,-1000.0,8500.0,rojo,negro,2,1,540,540,540,540
664.0,2025-05-18 16:44:47,28.0,10,45.575461951390274,horario,fibonacci,3.0,-1500.0,7000.0,rojo,negro,3,1,541,541,541,541
665.0,2025-05-18 16:45:34,34.0,10,55.45827553037821,antihorario,dalembert,2.0,1000.0,8000.0,rojo,rojo,4,1,542,542,542,542
666.0,2025-05-18 16:46:18,23.0,10,49.287490124269524,horario,fibonacci,2.0,1000.0,9000.0,rojo,rojo,1,2,543,543,543,543
667.0,2025-05-18 16:47:03,7.0,16,46.97023292091153,antihorario,fibonacci,1.0,500.0,9500.0,rojo,rojo,1,3,544,544,544,544
668.0,2025-05-18 16:47:47,12.0,16,54.434776912560146,horario,fibonacci,1.0,500.0,10000.0,rojo,rojo,1,4,545,545,545,545
669.0,2025-05-18 16:48:27,23.0,18,55.732549241831094,antihorario,fibonacci,1.0,500.0,10500.0,rojo,rojo,1,5,546,546,546,546
670.0,2025-05-18 16:49:14,28.0,10,37.33307775413779,horario,fibonacci,1.0,-500.0,10000.0,rojo,negro,1,6,547,547,547,547
671.0,2025-05-18 16:50:00,0.0,10,45.152571408741515,antihorario,fibonacci,1.0,-500.0,9500.0,rojo,0,2,1,548,548,548,548
672.0,2025-05-18 16:50:45,17.0,19,50.587299513663616,horario,fibonacci,2.0,-1000.0,8500.0,rojo,negro,3,2,549,549,549,549
673.0,2025-05-18 16:51:27,33.0,18,37.40193697423823,antihorario,fibonacci,3.0,-1500.0,7000.0,rojo,negro,4,1,550,550,550,550
674.0,2025-05-18 16:52:14,31.0,18,56.68121037947424,horario,fibonacci,5.0,-2500.0,4500.0,rojo,negro,5,1,551,551,551,551
675.0,2025-05-18 16:52:53,23.0,18,65.6770949817572,antihorario,fibonacci,8.0,-4000.0,500.0,1-18,rojo,6,1,552,552,552,552
676.0,2025-05-18 16:53:40,35.0,10,52.07592156848576,horario,fibonacci,13.0,-6500.0,-6000.0,rojo,negro,1,2,553,553,553,553
677.0,2025-05-18 16:54:22,18.0,16,37.62917044147462,antihorario,fibonacci,21.0,10500.0,4500.0,rojo,rojo,2,1,554,554,554,554
678.0,2025-05-18 16:55:07,9.0,10,48.56099778999572,horario,fibonacci,13.0,6500.0,11000.0,rojo,rojo,1,2,555,555,555,555
679.0,2025-05-18 16:55:53,20.0,10,44.9206825367803,antihorario,fibonacci,8.0,-4000.0,7000.0,rojo,negro,1,3,556,556,556,556
680.0,2025-05-18 16:56:38,12.0,10,47.22131983842111,horario,fibonacci,13.0,6500.0,13500.0,rojo,rojo,2,1,557,557,557,557
681.0,2025-05-18 16:57:21,11.0,10,51.83514496411324,antihorario,fibonacci,8.0,-4000.0,9500.0,rojo,negro,1,2,558,558,558,558
682.0,2025-05-18 16:58:01,21.0,10,46.996724658375605,horario,fibonacci,13.0,-6500.0,3000.0,1-18,rojo,2,1,559,559,559,559
683.0,2025-05-18 16:58:47,21.0,16,53.31369299750707,antihorario,fibonacci,21.0,10500.0,13500.0,rojo,rojo,1,2,560,560,560,560
684.0,2025-05-18 16:59:32,15.0,16,57.180738470432615,horario,fibonacci,13.0,-6500.0,7000.0,rojo,negro,1,3,561,561,561,561
685.0,2025-05-18 17:00:12,3.0,0,47.43451615096783,antihorario,fibonacci,21.0,10500.0,17500.0,rojo,rojo,2,1,562,562,562,562
686.0,2025-05-18 17:00:58,8.0,16,40.01564381207262,horario,fibonacci,13.0,-6500.0,11000.0,rojo,negro,1,2,563,563,563,563
687.0,2025-05-18 17:01:38,25.0,19,45.60635211156332,sin cambio,fibonacci,21.0,10500.0,21500.0,rojo,rojo,2,1,564,564,564,564
688.0,2025-05-18 17:19:55,12.0,13,46.2968552258147,antihorario,,0.0,0.0,10000.0,,rojo,1,2,565,565,565,565
689.0,2025-05-18 17:20:38,34.0,13,51.289938635993984,horario,fibonacci,1.0,500.0,10000.0,rojo,rojo,1,3,566,566,566,566
690.0,2025-05-18 17:21:20,15.0,10,40.61697178833674,antihorario,fibonacci,1.0,-500.0,9000.0,par,negro,1,4,567,567,567,567
691.0,2025-05-18 17:22:02,29.0,13,52.79927080387245,horario,fibonacci,1.0,-500.0,8000.0,rojo,negro,2,1,568,568,568,568
692.0,2025-05-18 17:22:49,11.0,10,42.45544821428761,antihorario,fibonacci,2.0,-1000.0,6000.0,rojo,negro,3,1,569,569,569,569
693.0,2025-05-18 17:23:33,11.0,10,40.49605971936701,horario,fibonacci,3.0,-1500.0,3000.0,rojo,negro,4,1,570,570,570,570
694.0,2025-05-18 17:24:18,19.0,15,46.3364145627903,antihorario,fibonacci,5.0,2500.0,3000.0,rojo,rojo,5,1,571,571,571,571
695.0,2025-05-18 17:25:04,22.0,16,54.020503590696364,horario,fibonacci,3.0,1500.0,3000.0,par,negro,1,2,572,572,572,572
696.0,2025-05-18 17:25:50,20.0,18,61.765339805661554,antihorario,fibonacci,2.0,1000.0,3000.0,par,negro,2,1,573,573,573,573
697.0,2025-05-18 17:26:33,10.0,18,56.96291070252822,horario,fibonacci,1.0,-500.0,2000.0,rojo,negro,3,1,574,574,574,574
698.0,2025-05-18 17:27:11,16.0,10,53.18761882728993,antihorario,fibonacci,2.0,1000.0,2000.0,par,rojo,4,1,575,575,575,575
699.0,2025-05-18 17:27:58,25.0,16,53.36398387467217,horario,fibonacci,1.0,500.0,2000.0,rojo,rojo,1,2,576,576,576,576
700.0,2025-05-18 17:28:38,8.0,10,58.40068942780866,antihorario,dalembert,1.0,500.0,2000.0,1-18,negro,1,3,577,577,577,577
701.0,2025-05-18 17:29:18,1.0,10,53.95217615302824,horario,fibonacci,1.0,500.0,2000.0,rojo,rojo,2,1,578,578,578,578
703.0,2025-05-18 17:44:53,21.0,15,43.705845543859596,horario,dalembert,2.0,1000.0,11000.0,rojo,rojo,1,2,579,579,579,579
704.0,2025-05-18 17:45:36,20.0,19,42.99168366148624,antihorario,dalembert,1.0,-500.0,10500.0,rojo,negro,1,3,580,580,580,580
705.0,2025-05-18 17:46:19,29.0,10,50.65716065491199,horario,fibonacci,1.0,-500.0,10000.0,rojo,negro,2,1,581,581,581,581
706.0,2025-05-18 17:46:59,10.0,19,60.97104458353175,antihorario,fibonacci,2.0,-1000.0,9000.0,rojo,negro,3,1,582,582,582,582
707.0,2025-05-18 17:47:44,26.0,19,34.4282165843063,sin cambio,fibonacci,3.0,-1500.0,7500.0,rojo,negro,4,1,583,583,583,583
708.0,2025-05-18 17:48:24,13.0,10,48.783306463733744,antihorario,fibonacci,5.0,-2500.0,5000.0,rojo,negro,5,1,584,584,584,584
709.0,2025-05-18 17:49:05,32.0,10,49.03037365454955,sin cambio,fibonacci,8.0,4000.0,9000.0,rojo,rojo,6,1,585,585,585,585
710.0,2025-05-18 17:49:46,26.0,10,51.875986158873694,antihorario,dalembert,1.0,-500.0,8500.0,rojo,negro,1,2,586,586,586,586
711.0,2025-05-18 17:50:32,4.0,10,47.74408650526144,horario,fibonacci,13.0,-6500.0,2000.0,rojo,negro,2,1,587,587,587,587
712.0,2025-05-18 17:51:17,1.0,10,40.99285544572259,antihorario,fibonacci,21.0,10500.0,12500.0,rojo,rojo,3,1,588,588,588,588
713.0,2025-05-18 17:52:02,0.0,15,43.22027041390946,horario,fibonacci,13.0,6500.0,19000.0,negro,0,1,2,589,589,589,589
714.0,2025-05-18 17:52:44,6.0,10,59.12427434431734,antihorario,fibonacci,8.0,-4000.0,15000.0,rojo,negro,2,3,590,590,590,590
715.0,2025-05-18 17:53:30,1.0,16,57.690350892342344,horario,fibonacci,13.0,6500.0,21500.0,rojo,rojo,3,1,591,591,591,591
716.0,2025-05-18 17:54:10,23.0,10,64.4555379305206,antihorario,fibonacci,8.0,4000.0,25500.0,rojo,rojo,1,2,592,592,592,592
717.0,2025-05-18 17:54:52,30.0,16,43.49380717019153,horario,fibonacci,5.0,2500.0,28000.0,rojo,rojo,1,3,593,593,593,593
718.0,2025-05-18 17:55:43,31.0,10,41.68863553448473,antihorario,fibonacci,3.0,-1500.0,26500.0,rojo,negro,1,4,594,594,594,594
719.0,2025-05-18 17:56:26,24.0,10,41.22317027451522,horario,fibonacci,5.0,-2500.0,24000.0,rojo,negro,2,1,595,595,595,595
720.0,2025-05-18 17:57:06,29.0,18,61.5400974141387,antihorario,fibonacci,8.0,4000.0,28000.0,19-36,negro,3,1,596,596,596,596
721.0,2025-05-18 17:57:52,17.0,18,41.109979383667905,horario,dalembert,1.0,-500.0,27500.0,rojo,negro,4,1,597,597,597,597
722.0,2025-05-18 17:58:35,32.0,18,42.21945251522287,antihorario,fibonacci,13.0,6500.0,34000.0,rojo,rojo,5,1,598,598,598,598
723.0,2025-05-18 17:59:19,33.0,10,38.675754635485475,horario,fibonacci,8.0,-4000.0,30000.0,rojo,negro,1,2,599,599,599,599
724.0,2025-05-18 18:00:04,2.0,10,47.45603020219827,antihorario,fibonacci,13.0,-6500.0,23500.0,rojo,negro,2,1,600,600,600,600
725.0,2025-05-18 18:00:48,7.0,18,50.03249404572258,horario,fibonacci,21.0,10500.0,34000.0,rojo,rojo,3,1,601,601,601,601
726.0,2025-05-18 18:01:27,7.0,18,56.88430425616874,antihorario,fibonacci,13.0,6500.0,40500.0,rojo,rojo,1,2,602,602,602,602
727.0,2025-05-18 18:02:08,17.0,7,53.934382200499186,horario,fibonacci,8.0,-4000.0,36500.0,19-36,negro,1,3,603,603,603,603
728.0,2025-05-18 18:02:48,36.0,18,51.81824522371222,antihorario,fibonacci,13.0,6500.0,43000.0,rojo,rojo,2,1,604,604,604,604
729.0,2025-05-18 18:17:03,11.0,13,59.62101914374053,antihorario,fibonacci,1.0,-500.0,9500.0,rojo,negro,1,2,605,605,605,605
730.0,2025-05-18 18:17:46,14.0,13,48.03398179551234,horario,fibonacci,1.0,0.0,9500.0,rojo,rojo,2,1,606,606,606,606
731.0,2025-05-18 18:18:29,14.0,13,44.117364502702834,antihorario,fibonacci,1.0,0.0,9500.0,rojo,rojo,1,2,607,607,607,607
732.0,2025-05-18 18:19:08,28.0,13,47.472731748312015,horario,dalembert,2.0,-1500.0,8000.0,rojo,negro,1,3,608,608,608,608
733.0,2025-05-18 18:19:51,30.0,16,54.45470039682647,antihorario,fibonacci,1.0,500.0,8500.0,rojo,rojo,2,1,609,609,609,609
735.0,2025-05-18 20:54:42,19.0,10,61.611017077933894,antihorario,fibonacci,1.0,0.0,10000.0,rojo,rojo,1,2,610,610,610,610
736.0,2025-05-18 20:55:22,31.0,10,47.72835946748554,horario,fibonacci,2.0,-500.0,9000.0,rojo,negro,1,3,611,611,611,611
737.0,2025-05-18 21:04:40,4.0,10,54.724652731074855,antihorario,,0.0,0.0,9500.0,,negro,2,1,612,612,612,612
738.0,2025-05-18 21:05:18,8.0,10,51.98049922863877,horario,fibonacci,1.0,-500.0,8000.0,rojo,negro,3,1,613,613,613,613
739.0,2025-05-18 21:06:01,2.0,1,50.437465127101696,antihorario,fibonacci,2.0,-1000.0,5500.0,rojo,negro,4,1,614,614,614,614
740.0,2025-05-18 21:06:43,17.0,10,54.18648264701177,horario,fibonacci,3.0,-1500.0,1500.0,rojo,negro,5,1,615,615,615,615
741.0,2025-05-18 21:07:26,17.0,15,50.52498446573782,antihorario,fibonacci,5.0,2500.0,2500.0,impar,negro,6,1,616,616,616,616
742.0,2025-05-18 21:08:07,32.0,15,59.38180419013884,horario,fibonacci,3.0,1500.0,3500.0,rojo,rojo,7,1,617,617,617,617
743.0,2025-05-18 21:11:04,19.0,10,51.36468055449237,horario,,0.0,0.0,10000.0,,rojo,1,2,618,618,618,618
744.0,2025-05-18 21:11:49,32.0,10,53.41393545383484,antihorario,fibonacci,1.0,500.0,10500.0,rojo,rojo,1,3,619,619,619,619
745.0,2025-05-18 21:12:35,4.0,10,48.19652815133304,horario,fibonacci,1.0,-500.0,10000.0,rojo,negro,1,4,620,620,620,620
746.0,2025-05-18 21:13:11,18.0,10,48.99238159771964,antihorario,fibonacci,1.0,500.0,10500.0,rojo,rojo,2,1,621,621,621,621
747.0,2025-05-18 21:13:53,23.0,10,52.14572158238781,horario,fibonacci,1.0,500.0,11000.0,rojo,rojo,1,2,622,622,622,622
748.0,2025-05-18 21:14:35,34.0,10,52.67334905851925,antihorario,fibonacci,1.0,-500.0,10500.0,1-18,rojo,1,3,623,623,623,623
749.0,2025-05-18 21:15:15,3.0,10,62.73758143801169,horario,fibonacci,1.0,500.0,11000.0,rojo,rojo,1,4,624,624,624,624
750.0,2025-05-18 21:15:52,7.0,10,61.0785809751913,antihorario,fibonacci,1.0,500.0,11500.0,rojo,rojo,1,5,625,625,625,625
751.0,2025-05-18 21:16:34,2.0,10,52.63334122729233,horario,fibonacci,1.0,-500.0,11000.0,rojo,negro,1,6,626,626,626,626
752.0,2025-05-18 21:18:42,18.0,10,62.06453294200164,antihorario,,0.0,0.0,10000.0,,rojo,2,1,627,627,627,627
753.0,2025-05-18 21:19:22,14.0,10,52.278371481491966,horario,fibonacci,1.0,500.0,10500.0,rojo,rojo,1,2,628,628,628,628
754.0,2025-05-18 21:20:07,29.0,10,45.72916408224224,antihorario,fibonacci,1.0,-500.0,10000.0,rojo,negro,1,3,629,629,629,629
755.0,2025-05-18 21:20:51,16.0,10,45.83670472863053,horario,fibonacci,1.0,500.0,10500.0,rojo,rojo,2,1,630,630,630,630
756.0,2025-05-18 21:21:30,36.0,10,46.681702828497144,antihorario,fibonacci,1.0,500.0,11000.0,rojo,rojo,1,2,631,631,631,631
757.0,2025-05-18 21:22:14,3.0,10,47.42407212984055,horario,fibonacci,1.0,500.0,11500.0,rojo,rojo,1,3,632,632,632,632
758.0,2025-05-18 21:22:57,30.0,10,43.54254726435288,antihorario,fibonacci,1.0,500.0,12000.0,rojo,rojo,1,4,633,633,633,633
759.0,2025-05-18 21:23:37,24.0,10,51.67380105958952,horario,fibonacci,1.0,-500.0,11500.0,rojo,negro,1,5,634,634,634,634
760.0,2025-05-18 21:24:17,16.0,10,46.463571616133116,antihorario,fibonacci,1.0,500.0,12000.0,rojo,rojo,2,1,635,635,635,635
761.0,2025-05-18 21:25:03,28.0,10,43.69584587413312,horario,fibonacci,1.0,-500.0,11500.0,rojo,negro,1,2,636,636,636,636
762.0,2025-05-18 21:25:45,1.0,10,58.62973440812192,antihorario,fibonacci,1.0,500.0,12000.0,rojo,rojo,2,1,637,637,637,637
763.0,2025-05-18 21:26:32,17.0,10,58.85034856786326,horario,fibonacci,1.0,-500.0,11500.0,rojo,negro,1,2,638,638,638,638
764.0,2025-05-18 21:27:15,9.0,10,48.5286524619567,antihorario,fibonacci,1.0,500.0,12000.0,rojo,rojo,2,1,639,639,639,639
765.0,2025-05-18 21:27:57,22.0,10,46.24292571119486,horario,fibonacci,1.0,-500.0,11500.0,rojo,negro,1,2,640,640,640,640
766.0,2025-05-18 21:28:40,23.0,10,39.49073583619803,antihorario,fibonacci,1.0,500.0,12000.0,rojo,rojo,2,1,641,641,641,641
767.0,2025-05-18 21:29:29,35.0,10,57.24191685051866,horario,fibonacci,1.0,500.0,12500.0,negro,negro,1,2,642,642,642,642
768.0,2025-05-18 21:30:07,10.0,10,57.64305891469133,antihorario,fibonacci,1.0,-500.0,12000.0,rojo,negro,2,1,643,643,643,643
769.0,2025-05-18 21:30:52,15.0,10,36.247243783165054,horario,fibonacci,1.0,-500.0,11500.0,rojo,negro,3,1,644,644,644,644
770.0,2025-05-18 21:31:34,9.0,10,49.832844412279506,antihorario,fibonacci,2.0,1000.0,12500.0,rojo,rojo,4,1,645,645,645,645
771.0,2025-05-18 21:32:14,6.0,10,49.772227494946584,horario,fibonacci,1.0,-500.0,12000.0,rojo,negro,1,2,646,646,646,646
772.0,2025-05-18 21:32:57,20.0,10,52.46400236477058,antihorario,fibonacci,2.0,-1000.0,11000.0,rojo,negro,2,1,647,647,647,647
773.0,2025-05-18 21:33:41,31.0,10,58.037768978700335,horario,fibonacci,3.0,-1500.0,9500.0,par,negro,3,1,648,648,648,648
774.0,2025-05-18 21:34:19,0.0,10,47.841205246257054,antihorario,fibonacci,5.0,-2500.0,7000.0,rojo,0,4,1,649,649,649,649
775.0,2025-05-18 21:35:06,20.0,10,36.960666132759606,horario,fibonacci,8.0,-4000.0,3000.0,rojo,negro,5,2,650,650,650,650
776.0,2025-05-18 21:35:50,5.0,10,44.67591159361684,antihorario,fibonacci,13.0,6500.0,9500.0,rojo,rojo,6,1,651,651,651,651
777.0,2025-05-18 21:36:29,15.0,10,59.55638564728466,horario,fibonacci,8.0,-4000.0,5500.0,rojo,negro,1,2,652,652,652,652
778.0,2025-05-18 21:37:09,13.0,10,49.45188110161572,antihorario,fibonacci,13.0,-6500.0,-1000.0,rojo,negro,2,1,653,653,653,653
779.0,2025-05-18 22:12:24,6.0,10,58.100412359926764,antihorario,,0.0,0.0,10000.0,,negro,3,1,654,654,654,654
780.0,2025-05-18 22:13:05,21.0,10,50.671998044567935,horario,fibonacci,1.0,500.0,10000.0,rojo,rojo,4,1,655,655,655,655
781.0,2025-05-18 22:13:52,26.0,10,44.40668988605343,horario,fibonacci,1.0,-500.0,9000.0,rojo,negro,1,2,656,656,656,656
782.0,2025-05-18 22:14:34,27.0,10,51.69396557548373,horario,fibonacci,1.0,500.0,9000.0,rojo,rojo,2,1,657,657,657,657
,2025-05-21 20:36:58,7.0,0,53.39513150560717,antihorario,dalembert,2.0,1000.0,1000.0,rojo,rojo,1,2,658,658,658,658
,2025-05-21 20:38:28,0.0,0,38.06493740729203,sin cambio,dalembert,2.0,-1000.0,-500.0,rojo,0,1,3,659,659,659,659
,2025-05-21 20:39:11,13.0,0,50.100728489838104,horario,fibonacci,1.0,-500.0,-1000.0,rojo,negro,2,4,660,660,660,660
,2025-05-21 20:43:55,9.0,10,53.564944465672795,antihorario,fibonacci,1.0,500.0,500.0,rojo,rojo,3,1,661,661,661,661
,2025-05-21 20:44:39,4.0,10,52.489837254397365,horario,fibonacci,1.0,500.0,1000.0,negro,negro,1,2,662,662,662,662
,2025-05-21 20:45:18,7.0,0,51.17381636856821,antihorario,fibonacci,1.0,500.0,1500.0,rojo,rojo,2,1,663,663,663,663
,2025-05-21 20:46:03,8.0,10,33.47824918781604,horario,fibonacci,1.0,-500.0,1000.0,rojo,negro,1,2,664,664,664,664
,2025-05-21 20:47:27,22.0,10,49.75714684519249,horario,fibonacci,1.0,-500.0,1000.0,rojo,negro,2,1,665,665,665,665
,2025-05-21 20:58:14,29.0,10,59.03780636893046,antihorario,fibonacci,1.0,-500.0,-500.0,rojo,negro,3,1,666,666,666,666
,2025-05-21 20:58:58,5.0,10,46.788367434606,horario,fibonacci,2.0,1000.0,500.0,rojo,rojo,4,1,667,667,667,667
,2025-05-21 20:59:42,30.0,10,49.612129092061856,antihorario,fibonacci,1.0,500.0,1000.0,rojo,rojo,1,2,668,668,668,668
,2025-05-21 21:04:43,15.0,10,52.19498474178159,horario,fibonacci,1.0,-500.0,-500.0,rojo,negro,1,3,669,669,669,669
,2025-05-21 21:05:25,21.0,10,44.684531441678764,antihorario,dalembert,2.0,1000.0,500.0,rojo,rojo,2,1,670,670,670,670
,2025-05-21 21:14:36,25.0,6,38.9289387502569,horario,dalembert,2.0,1000.0,1000.0,rojo,rojo,1,2,671,671,671,671
,2025-05-21 21:15:21,24.0,6,64.56363419676813,antihorario,dalembert,1.0,-500.0,500.0,rojo,negro,1,3,672,672,672,672
,2025-05-21 21:16:04,17.0,7,60.777552240691705,horario,dalembert,2.0,-1000.0,-500.0,par,negro,2,1,673,673,673,673
,2025-05-21 21:16:47,2.0,6,50.342903043441694,antihorario,fibonacci,1.0,-500.0,-1000.0,rojo,negro,3,1,674,674,674,674
,2025-05-21 21:18:08,2.0,7,53.420049652672475,antihorario,fibonacci,1.0,-500.0,-500.0,rojo,negro,4,1,675,675,675,675
,2025-05-21 21:18:52,25.0,7,46.24145904903149,horario,fibonacci,1.0,500.0,0.0,rojo,rojo,5,1,676,676,676,676
,2025-05-21 21:19:36,34.0,8,43.92484804633297,antihorario,fibonacci,1.0,500.0,500.0,rojo,rojo,1,2,677,677,677,677
,2025-05-21 21:49:04,22.0,14,53.64184145906398,horario,,0.0,0.0,0.0,,negro,1,3,678,678,678,678
,2025-05-21 21:49:43,31.0,12,67.23030645386456,antihorario,fibonacci,1.0,-500.0,-500.0,rojo,negro,2,1,679,679,679,679
,2025-05-21 21:50:28,7.0,1,51.16827924857621,horario,fibonacci,2.0,1000.0,500.0,rojo,rojo,3,1,680,680,680,680
,2025-05-21 21:51:15,6.0,1,60.42080505179508,antihorario,fibonacci,1.0,-500.0,0.0,rojo,negro,1,2,681,681,681,681
,2025-05-21 21:51:56,33.0,1,40.31353984116777,horario,fibonacci,1.0,-500.0,-500.0,rojo,negro,2,1,682,682,682,682
,2025-05-21 21:52:35,33.0,13,60.833958178931965,antihorario,fibonacci,2.0,-1000.0,-1500.0,rojo,negro,3,1,683,683,683,683
,2025-05-21 21:53:15,21.0,12,60.307371385898335,horario,dalembert,2.0,1000.0,-500.0,rojo,rojo,4,1,684,684,684,684
,2025-05-21 21:53:59,12.0,14,61.903193840701476,antihorario,dalembert,1.0,500.0,0.0,rojo,rojo,1,2,685,685,685,685
,2025-05-21 21:54:43,20.0,13,74.45851011846052,horario,dalembert,1.0,-500.0,-500.0,rojo,negro,1,3,686,686,686,686
,2025-05-21 21:55:26,13.0,15,45.28400569999232,antihorario,dalembert,2.0,-1000.0,-1500.0,rojo,negro,2,1,687,687,687,687
,2025-05-21 21:56:07,8.0,12,45.69333011261771,horario,dalembert,3.0,-1500.0,-3000.0,rojo,negro,3,1,688,688,688,688
,2025-05-21 21:56:56,3.0,1,56.35608510541407,antihorario,fibonacci,3.0,1500.0,-1500.0,rojo,rojo,4,1,689,689,689,689
,2025-05-21 21:58:19,7.0,8,50.180525278664106,antihorario,fibonacci,1.0,500.0,-500.0,impar,rojo,1,2,690,690,690,690
,2025-05-23 15:15:38,34.0,9,60.61119060219312,antihorario,,0.0,0.0,0.0,,rojo,1,3,691,691,691,691
,2025-05-23 15:56:10,1.0,1,48.2623856144229,horario,8,8.0,-4000.0,-4000.0,22,rojo,1,4,692,692,692,692
,2025-05-23 18:30:32,11.0,12,46.828954628640105,horario,1,1.0,-500.0,-8000.0,31,negro,1,5,693,693,693,693
,2025-05-23 18:31:18,10.0,13,53.74900815723804,antihorario,14,14.0,-7000.0,-15000.0,32,negro,2,1,694,694,694,694
,2025-05-23 18:32:04,1.0,13,47.12852091682716,horario,1,1.0,-500.0,-15500.0,32,rojo,3,1,695,695,695,695
,2025-05-23 18:32:48,36.0,14,53.62564656531782,antihorario,16,16.0,-8000.0,-23500.0,32,rojo,1,2,696,696,696,696
,2025-05-23 18:34:12,0.0,14,50.78768793045373,antihorario,23,23.0,-11500.0,-51500.0,31,0,1,3,697,697,697,697
,2025-05-23 19:49:51,35.0,10,52.651860554926216,antihorario,,0.0,0.0,0.0,,negro,2,4,698,698,698,698
,2025-05-23 20:09:08,29.0,1,54.9416399557435,horario,6,6.0,-3000.0,-3000.0,0,negro,3,1,699,699,699,699
,2025-05-23 20:09:51,19.0,9,51.57030158368724,antihorario,13,13.0,-6500.0,-9500.0,0,rojo,4,1,700,700,700,700
,2025-05-23 20:26:54,33.0,6,66.71752409789173,antihorario,8,8.0,-4000.0,-20500.0,0,negro,1,2,701,701,701,701
,2025-05-23 20:27:37,18.0,6,46.03260366939218,horario,2,2.0,-1000.0,-21500.0,0,rojo,2,1,702,702,702,702
,2025-05-23 20:58:32,24.0,10,54.572870800749044,antihorario,26,26.0,-13000.0,-30000.0,0,negro,1,2,703,703,703,703
,2025-05-23 20:59:12,14.0,1,70.89246546369625,horario,4,4.0,-2000.0,-32000.0,0,rojo,2,1,704,704,704,704
,2025-05-23 21:08:37,32.0,13,78.52959740236192,antihorario,17,17.0,-8500.0,-8500.0,0,rojo,1,2,705,705,705,705
,2025-05-23 21:09:21,18.0,13,49.68921196314593,horario,20,20.0,-10000.0,-18500.0,0,rojo,1,3,706,706,706,706
,2025-05-23 21:11:35,32.0,10,53.536453697088746,antihorario,29,29.0,-14500.0,-62000.0,0,rojo,1,4,707,707,707,707
,2025-05-24 10:56:18,29.0,12,56.99427681564464,horario,,0.0,0.0,0.0,,negro,1,5,708,708,708,708
,2025-05-24 10:57:47,27.0,14,49.80938084525405,horario,21,21.0,-10500.0,-15500.0,0,rojo,2,1,709,709,709,709
,2025-05-24 10:58:33,26.0,7,50.371750943611886,antihorario,19,19.0,-9500.0,-25000.0,0,negro,1,2,710,710,710,710
,2025-05-24 11:30:56,12.0,0,69.84448555734863,horario,,0.0,0.0,0.0,,rojo,2,1,711,711,711,711
,2025-05-24 11:40:05,12.0,7,74.63354313806343,antihorario,10,10.0,-5000.0,-5000.0,0,rojo,1,2,712,712,712,712
,2025-05-24 11:41:34,5.0,16,44.478657861224406,antihorario,11,11.0,-5500.0,-25000.0,0,rojo,1,3,713,713,713,713
,2025-05-24 11:42:15,31.0,18,74.99292619733248,horario,5,5.0,-2500.0,-27500.0,0,negro,1,4,714,714,714,714
,2025-05-24 11:43:00,28.0,18,67.12028621516072,antihorario,28,28.0,-14000.0,-41500.0,0,negro,2,1,715,715,715,715
,2025-05-24 11:54:29,14.0,20,39.77995163083115,antihorario,,0.0,0.0,0.0,,rojo,3,1,716,716,716,716
,2025-05-24 12:05:10,34.0,19,53.23477373555268,horario,15,15.0,-7500.0,-7500.0,0,rojo,1,2,717,717,717,717
,2025-05-24 12:05:51,20.0,21,45.31659873829908,antihorario,18,18.0,-9000.0,-16500.0,0,negro,1,3,718,718,718,718
,2025-05-24 12:47:59,31.0,7,62.45076832021643,horario,30,30.0,-15000.0,-15000.0,0,negro,2,1,719,719,719,719
,2025-05-24 12:48:44,6.0,16,56.10009292206539,antihorario,4,4.0,-2000.0,-17000.0,0,negro,3,1,720,720,720,720
,2025-05-24 12:49:27,11.0,18,58.71986551770489,horario,36,36.0,-18000.0,-35000.0,0,negro,4,1,721,721,721,721
,2025-05-25 10:27:36,23.0,7,43.76941520036835,horario,,0.0,0.0,0.0,,rojo,5,1,722,722,722,722
,2025-05-25 10:28:15,36.0,16,48.55905022460428,antihorario,34,34.0,-17000.0,-17000.0,0,rojo,1,2,723,723,723,723
,2025-05-25 15:38:29,7.0,15,47.41764528710401,horario,68719476736,68719476736.0,34359738368000.0,34359738368000.0,rojo,rojo,1,3,724,724,724,724
,2025-05-25 15:39:16,30.0,15,47.936935210355344,antihorario,8192,8192.0,4096000.0,34359742464000.0,rojo,rojo,1,4,725,725,725,725
,2025-05-25 15:39:57,6.0,16,46.112396236095606,horario,1,1.0,-500.0,34359742463500.0,rojo,negro,1,5,726,726,726,726
,2025-05-25 15:40:41,13.0,16,54.5551331776588,antihorario,4096,4096.0,-2048000.0,34359740415500.0,rojo,negro,2,1,727,727,727,727
,2025-05-25 15:41:24,19.0,15,44.14760965908213,horario,33554432,33554432.0,16777216000.0,34376517631500.0,rojo,rojo,3,1,728,728,728,728
,2025-05-25 20:31:25,25.0,14,57.401218323282485,horario,,0.0,0.0,0.0,,rojo,1,2,729,729,729,729
,2025-05-25 20:53:55,15.0,7,49.699695843879574,antihorario,,0.0,0.0,0.0,,negro,1,3,730,730,730,730
,2025-05-26 09:55:34,13.0,10,42.228736281479264,horario,,0.0,0.0,0.0,,negro,2,1,731,731,731,731
,2025-05-26 10:21:05,3.0,14,59.880323916098575,antihorario,,0.0,0.0,0.0,,rojo,3,1,732,732,732,732
,2025-05-26 10:42:22,17.0,18,50.43380520331492,horario,,0.0,0.0,0.0,,negro,1,2,733,733,733,733
,2025-05-26 11:34:08,1.0,23,58.37770797174608,antihorario,,0.0,0.0,0.0,,rojo,2,1,734,734,734,734
,2025-05-26 11:36:51,26.0,23,52.780990999695945,antihorario,,0.0,0.0,0.0,,negro,1,2,735,735,735,735
,2025-05-26 11:52:58,6.0,22,67.45776439297586,horario,,0.0,0.0,0.0,,negro,2,1,736,736,736,736
,2025-05-26 11:53:42,6.0,22,41.336106075270045,antihorario,1,1.0,-500.0,-500.0,19-36,negro,3,1,737,737,737,737
,2025-05-26 11:54:24,10.0,20,49.051481979764915,horario,2,2.0,-1000.0,-1500.0,19-36,negro,4,1,738,738,738,738
,2025-05-26 11:55:06,10.0,22,52.80077403706538,antihorario,2,2.0,-1000.0,-2500.0,19-36,negro,5,1,739,739,739,739
,2025-05-26 11:55:43,2.0,22,50.78267437786559,horario,995.0,995.0,-497500.0,-500000.0,19-36,negro,6,1,740,740,740,740
,2025-05-26 11:56:31,33.0,24,54.303587284518414,antihorario,0.0,0.0,0.0,-500000.0,19-36,negro,7,1,741,741,741,741
,2025-05-26 11:57:13,21.0,22,43.14425789886412,horario,0,0.0,0.0,-500000.0,19-36,rojo,8,1,742,742,742,742
,2025-05-26 11:57:56,35.0,18,49.89453837263503,antihorario,0,0.0,0.0,-500000.0,19-36,negro,1,2,743,743,743,743
,2025-05-26 14:26:11,7.0,20,52.24156565805265,antihorario,,0.0,0.0,0.0,,rojo,2,1,744,744,744,744
,2025-05-26 14:30:17,14.0,18,60.489647441583315,antihorario,,0.0,0.0,0.0,,rojo,1,2,745,745,745,745
,2025-05-26 14:30:58,36.0,19,52.93822609831389,horario,dl,2.0,1000.0,1000.0,19-36,rojo,1,3,746,746,746,746
,2025-05-26 14:31:42,5.0,18,51.09797632283614,antihorario,dl,19.0,-9500.0,-8500.0,19-36,rojo,1,4,747,747,747,747
,2025-05-26 14:32:24,26.0,7,49.370061800136,horario,dl,3.0,1500.0,-7000.0,19-36,negro,1,5,748,748,748,748
,2025-05-26 14:33:04,10.0,23,53.8952625738317,antihorario,dl,976.0,-488000.0,-495000.0,19-36,negro,2,1,749,749,749,749
,2025-05-26 14:33:45,12.0,21,48.93554910815502,horario,dl,0.0,0.0,-495000.0,19-36,rojo,3,1,750,750,750,750
,2025-05-26 15:02:02,23.0,16,49.81849091178181,antihorario,,0.0,0.0,0.0,,rojo,1,2,751,751,751,751
,2025-05-26 15:22:33,33.0,15,46.150951997378115,antihorario,,0.0,0.0,0.0,,negro,1,3,752,752,752,752
,2025-05-26 15:23:16,4.0,16,47.9568939206544,horario,dl,2.0,-1000.0,-1000.0,19-36,negro,2,1,753,753,753,753
,2025-05-26 16:00:01,24.0,18,41.759802384477666,antihorario,,0.0,0.0,0.0,,negro,3,1,754,754,754,754
,2025-05-26 16:00:38,27.0,16,52.9585097548956,horario,dl,10.0,5000.0,5000.0,19-36,rojo,4,1,755,755,755,755
,2025-05-26 16:01:18,0.0,16,64.04560810018255,antihorario,dl,9.0,-4500.0,500.0,19-36,0,1,2,756,756,756,756
,2025-05-26 16:01:59,29.0,16,47.670556265623205,horario,dl,1.0,500.0,1000.0,19-36,negro,2,3,757,757,757,757
,2025-05-26 16:02:37,9.0,13,52.67365190017887,antihorario,dl,19.0,-9500.0,-8500.0,19-36,rojo,3,1,758,758,758,758
,2025-05-26 16:03:19,3.0,14,49.82292452660605,horario,dl,1.0,-500.0,-9000.0,19-36,rojo,1,2,759,759,759,759
,2025-05-26 18:02:59,7.0,10,46.99801861817029,antihorario,,0.0,0.0,0.0,,rojo,1,3,760,760,760,760
,2025-05-26 18:03:46,2.0,1,44.952626587097,horario,dl,1.0,-500.0,-500.0,19-36,negro,1,4,761,761,761,761
,2025-05-26 18:04:23,10.0,1,56.03935716234922,antihorario,dl,1.0,-500.0,-1000.0,19-36,negro,2,1,762,762,762,762
,2025-05-26 19:46:44,23.0,12,47.60703908255368,antihorario,,0.0,0.0,0.0,,rojo,3,1,763,763,763,763
,2025-05-26 19:47:26,21.0,14,51.7592263169289,horario,dl,2.0,1000.0,1000.0,19-36,rojo,1,2,764,764,764,764
,2025-05-26 19:48:06,23.0,14,49.31581700815144,antihorario,dl,1.0,500.0,1500.0,rojo,rojo,1,3,765,765,765,765
,2025-05-26 19:49:30,33.0,16,53.61526423109232,antihorario,dl,1.0,500.0,500500.0,19-36,negro,1,4,766,766,766,766
,2025-05-26 19:50:54,11.0,15,42.48275942996544,antihorario,dl,1.0,-500.0,499500.0,19-36,negro,2,1,767,767,767,767
,2025-05-26 19:52:16,2.0,20,43.63732116806381,antihorario,dl,1.0,-500.0,499500.0,rojo,negro,3,1,768,768,768,768
,2025-05-26 19:53:45,7.0,15,53.475436388762894,antihorario,dl,1.0,-500.0,498500.0,19-36,rojo,4,1,769,769,769,769
,2025-05-26 19:55:01,29.0,14,43.58902328413996,antihorario,dl,1.0,500.0,498500.0,19-36,negro,1,2,770,770,770,770
,2025-05-26 19:55:45,9.0,14,42.32004614584767,horario,dl,1.0,500.0,499000.0,rojo,rojo,2,1,771,771,771,771
,2025-05-26 19:56:27,11.0,10,50.78396838026795,antihorario,dl,1.0,-500.0,498500.0,rojo,negro,1,2,772,772,772,772
,2025-05-26 19:57:09,24.0,10,55.48704886150439,horario,dl,1.0,500.0,499000.0,19-36,negro,2,1,773,773,773,773
,2025-05-26 19:59:11,5.0,12,65.50022886166977,antihorario,dl,1.0,-500.0,498500.0,19-36,rojo,3,1,774,774,774,774
,2025-05-26 20:00:33,7.0,9,64.00989209191816,antihorario,dl,1.0,-500.0,498500.0,19-36,rojo,1,2,775,775,775,775
,2025-05-26 20:03:22,30.0,14,49.91558064017181,antihorario,dl,1.0,500.0,500500.0,19-36,rojo,1,3,776,776,776,776
,2025-05-26 20:04:43,23.0,1,61.34300821869182,antihorario,dl,1.0,500.0,501500.0,19-36,rojo,1,4,777,777,777,777
,2025-05-26 20:05:23,2.0,13,54.6110885739321,horario,dl,1.0,-500.0,501000.0,rojo,negro,1,5,778,778,778,778
,2025-05-26 20:06:04,33.0,10,48.08770013710577,antihorario,dl,1.0,500.0,501500.0,19-36,negro,2,1,779,779,779,779
,2025-05-26 20:42:44,10.0,9,46.360364323705625,horario,,0.0,0.0,0.0,,negro,3,1,780,780,780,780
,2025-05-26 20:43:23,24.0,9,61.92921481397374,antihorario,dl,1000.0,500000.0,500000.0,19-36,negro,4,1,781,781,781,781
,2025-05-26 20:44:04,19.0,9,49.942507548886425,horario,dl,1.0,500.0,500500.0,rojo,rojo,5,1,782,782,782,782
,2025-05-26 20:44:44,13.0,8,48.96578123212014,antihorario,dl,1.0,-500.0,500000.0,rojo,negro,1,2,783,783,783,783
,2025-05-26 20:45:23,31.0,9,47.450060056586565,horario,dl,1.0,500.0,500500.0,19-36,negro,2,1,784,784,784,784
,2025-05-26 20:46:47,23.0,10,41.99598395560875,antihorario,dl,1.0,500.0,501000.0,19-36,rojo,3,1,785,785,785,785
,2025-05-26 20:47:32,28.0,10,51.46927203451605,antihorario,dl,1.0,500.0,501500.0,19-36,negro,1,2,786,786,786,786
,2025-05-26 20:48:11,4.0,10,51.812683950640526,horario,dl,1.0,-500.0,501000.0,rojo,negro,2,1,787,787,787,787
,2025-05-26 20:48:52,23.0,7,46.803569521593495,antihorario,dl,1.0,500.0,501500.0,19-36,rojo,3,1,788,788,788,788
,2025-05-26 20:49:37,22.0,8,46.66846603107189,horario,dl,1.0,500.0,502000.0,19-36,negro,1,2,789,789,789,789
,2025-05-26 20:50:14,1.0,8,66.03027818232133,antihorario,dl,1.0,-500.0,501500.0,19-36,rojo,2,1,790,790,790,790
,2025-05-26 20:50:59,11.0,9,49.787589962258984,horario,dl,1.0,-500.0,501000.0,19-36,negro,1,2,791,791,791,791
,2025-05-26 20:51:41,1.0,7,47.619012006156865,antihorario,dl,1.0,-500.0,500500.0,19-36,rojo,2,1,792,792,792,792
,2025-05-26 20:52:21,8.0,7,63.207244529352664,horario,dl,1.0,-500.0,500000.0,19-36,negro,1,2,793,793,793,793
,2025-05-26 20:53:02,4.0,8,50.03951786529957,antihorario,dl,1.0,-500.0,499500.0,19-36,negro,2,1,794,794,794,794
,2025-05-26 20:53:47,20.0,8,44.121120725457054,horario,dl,1.0,500.0,500000.0,19-36,negro,3,1,795,795,795,795
,2025-05-26 20:54:28,23.0,8,50.36720657639921,antihorario,dl,1.0,500.0,500500.0,rojo,rojo,4,1,796,796,796,796
,2025-05-26 20:55:09,21.0,10,51.97458998333777,horario,dl,1.0,500.0,501000.0,rojo,rojo,1,2,797,797,797,797
,2025-05-26 20:55:48,23.0,10,42.61677464103107,antihorario,dl,1.0,500.0,501500.0,rojo,rojo,1,3,798,798,798,798
,2025-05-26 21:10:31,33.0,10,40.32463739577957,horario,,0.0,0.0,0.0,,negro,1,4,799,799,799,799
,2025-05-26 21:11:09,13.0,9,54.423604957582334,antihorario,dl,8.0,-4000.0,-4000.0,19-36,negro,2,1,800,800,800,800
,2025-05-26 21:11:48,0.0,7,47.31858281767603,horario,dl,8.0,-4000.0,-8000.0,19-36,0,3,1,801,801,801,801
,2025-05-26 21:12:29,0.0,7,62.766410176646616,antihorario,dl,8.0,-4000.0,-12000.0,19-36,0,4,2,802,802,802,802
,2025-05-26 21:13:12,27.0,10,43.84381982906578,horario,dl,1.0,500.0,-11500.0,19-36,rojo,5,3,803,803,803,803
,2025-05-26 21:13:53,19.0,1,49.050366844054096,antihorario,dl,8.0,4000.0,-7500.0,19-36,rojo,1,4,804,804,804,804
,2025-05-26 21:14:33,16.0,1,41.1274281132917,horario,dl,8.0,-4000.0,-11500.0,19-36,rojo,1,5,805,805,805,805
,2025-05-26 21:15:15,16.0,1,49.44006097499463,antihorario,dl,8.0,-4000.0,-15500.0,19-36,rojo,1,6,806,806,806,806
,2025-05-26 21:15:57,13.0,12,45.948230021792035,horario,dl,95.0,-47500.0,-63000.0,19-36,negro,1,7,807,807,807,807
,2025-05-26 21:16:34,29.0,10,48.8615216110007,antihorario,dl,85.0,42500.0,-20500.0,19-36,negro,2,1,808,808,808,808
,2025-05-26 21:17:19,10.0,10,49.12948555318998,horario,dl,1.0,-500.0,-21000.0,19-36,negro,3,1,809,809,809,809
,2025-05-26 21:17:59,16.0,10,48.06353239676554,antihorario,dl,7.0,-3500.0,-24500.0,19-36,rojo,4,1,810,810,810,810
,2025-05-26 21:18:42,19.0,10,47.36346246784547,horario,dl,1.0,500.0,-24000.0,19-36,rojo,1,2,811,811,811,811
,2025-05-26 21:19:22,12.0,1,47.31858281767603,antihorario,dl,76.0,-38000.0,-62000.0,19-36,rojo,1,3,812,812,812,812
,2025-05-26 21:20:06,6.0,1,52.70003430975484,horario,dl,1.0,-500.0,-62500.0,19-36,negro,1,4,813,813,813,813
,2025-05-26 21:20:50,18.0,9,46.55094631726783,antihorario,dl,2.0,-1000.0,-63500.0,19-36,rojo,2,1,814,814,814,814
,2025-05-26 21:21:32,32.0,8,39.96677522755759,horario,dl,68.0,34000.0,-29500.0,19-36,rojo,1,2,815,815,815,815
,2025-05-26 21:22:10,34.0,8,51.87885308844972,antihorario,dl,6.0,3000.0,-26500.0,19-36,rojo,1,3,816,816,816,816
,2025-05-26 21:22:53,15.0,9,48.78344773222101,horario,dl,1.0,-500.0,-27000.0,rojo,negro,1,4,817,817,817,817
,2025-05-26 21:23:30,13.0,8,48.118006677463576,antihorario,dl,8.0,-4000.0,-31000.0,19-36,negro,2,1,818,818,818,818
,2025-05-26 21:24:06,2.0,7,47.072026307046656,horario,dl,60.0,-30000.0,-61000.0,19-36,negro,3,1,819,819,819,819
,2025-05-26 21:24:48,34.0,6,44.13564186421242,antihorario,dl,8.0,4000.0,-57000.0,19-36,rojo,4,1,820,820,820,820
,2025-05-26 21:25:32,18.0,6,46.30633597055153,horario,dl,1.0,500.0,-56500.0,rojo,rojo,1,2,821,821,821,821
,2025-05-26 21:26:15,23.0,7,45.97901304228033,antihorario,dl,1.0,500.0,-56000.0,rojo,rojo,1,3,822,822,822,822
,2025-05-26 21:26:59,26.0,8,45.086101316161646,horario,dl,1.0,-500.0,-56500.0,rojo,negro,1,4,823,823,823,823
,2025-05-26 21:27:35,27.0,9,43.41749503256074,antihorario,dl,2.0,1000.0,-55500.0,19-36,rojo,2,1,824,824,824,824
,2025-05-26 21:28:23,10.0,9,45.43640850893951,horario,dl,5.0,-2500.0,-58000.0,19-36,negro,1,2,825,825,825,825
,2025-05-26 21:29:01,6.0,9,75.1692310932898,antihorario,dl,1.0,-500.0,-58500.0,19-36,negro,2,1,826,826,826,826
,2025-05-26 21:29:41,32.0,8,49.45075122054995,horario,dl,3.0,1500.0,-57000.0,19-36,rojo,3,1,827,827,827,827
,2025-05-26 22:03:07,17.0,7,50.66240478314761,horario,,0.0,0.0,0.0,,negro,1,2,828,828,828,828
,2025-05-26 22:03:46,9.0,8,63.07650158535045,antihorario,dl,1.0,-500.0,-500.0,19-36,rojo,2,1,829,829,829,829
,2025-05-26 22:04:28,1.0,7,69.47747017171761,horario,dl,2.0,-1000.0,-1500.0,19-36,rojo,1,2,830,830,830,830
,2025-05-26 22:05:06,21.0,8,46.183362074909255,antihorario,dl,2.0,1000.0,-500.0,19-36,rojo,1,3,831,831,831,831
,2025-05-26 22:05:51,28.0,7,53.44153784553282,horario,dl,1.0,-500.0,-1000.0,rojo,negro,1,4,832,832,832,832
,2025-05-26 22:06:28,7.0,7,50.17596161417506,antihorario,dl,3.0,-1500.0,-2500.0,19-36,rojo,2,1,833,833,833,833
,2025-05-26 22:07:13,18.0,7,49.49660189512869,horario,dl,8.0,-4000.0,-6500.0,19-36,rojo,1,2,834,834,834,834
,2025-05-27 10:29:10,16.0,22,46.40041701577469,antihorario,,0.0,0.0,0.0,,rojo,1,3,835,835,835,835
,2025-05-27 10:29:48,12.0,22,47.02534838465357,horario,dalembert,2.0,-1000.0,-1000.0,19-36,rojo,1,4,836,836,836,836
,2025-05-27 10:30:32,30.0,24,45.743702281329824,antihorario,fibonacci,1.0,500.0,-500.0,19-36,rojo,1,5,837,837,837,837
,2025-05-27 10:31:14,11.0,23,52.135928608070515,horario,ppo,99.0,-49500.0,-50000.0,19-36,negro,1,6,838,838,838,838
,2025-05-27 10:31:52,26.0,21,51.862883496648635,antihorario,fibonacci,2.0,1000.0,-49000.0,19-36,negro,2,1,839,839,839,839
,2025-05-27 10:32:33,33.0,23,45.207077733304345,horario,dqn,8.0,4000.0,-45000.0,19-36,negro,3,1,840,840,840,840
,2025-05-27 10:33:15,6.0,22,53.57821470114976,antihorario,dalembert,1.0,-500.0,-45500.0,rojo,negro,4,1,841,841,841,841
,2025-05-27 10:33:56,12.0,22,48.90778447821276,horario,fibonacci,3.0,-1500.0,-47000.0,19-36,rojo,5,1,842,842,842,842
,2025-05-27 10:34:44,34.0,21,47.008879126198906,antihorario,dqn,8.0,4000.0,-43000.0,19-36,rojo,1,2,843,843,843,843
,2025-05-27 10:35:25,29.0,22,60.837799338936065,horario,fibonacci,2.0,-1000.0,-44000.0,rojo,negro,1,3,844,844,844,844
,2025-05-27 10:36:07,17.0,22,49.88794466494434,antihorario,dalembert,2.0,-1000.0,-45000.0,19-36,negro,2,1,845,845,845,845
,2025-05-27 10:36:51,26.0,18,46.785180272038225,horario,dalembert,3.0,1500.0,-43500.0,19-36,negro,3,1,846,846,846,846
,2025-05-27 10:37:31,14.0,21,44.570204506193654,antihorario,ppo,86.0,-43000.0,-86500.0,19-36,rojo,4,1,847,847,847,847
,2025-05-27 10:38:09,19.0,22,50.26151712260037,horario,ppo,78.0,39000.0,-47500.0,19-36,rojo,1,2,848,848,848,848
,2025-05-27 10:38:52,24.0,24,51.22665407072184,antihorario,dqn,7.0,3500.0,-44000.0,19-36,negro,1,3,849,849,849,849
,2025-05-27 10:39:31,25.0,25,52.616884554714545,horario,dqn,6.0,3000.0,-41000.0,19-36,rojo,2,1,850,850,850,850
,2025-05-27 10:40:15,31.0,24,52.43971039590153,antihorario,dqn,6.0,3000.0,-38000.0,19-36,negro,1,2,851,851,851,851
,2025-05-27 10:42:58,5.0,25,59.342400296776276,antihorario,,0.0,0.0,0.0,,rojo,2,1,852,852,852,852
,2025-05-27 10:50:42,7.0,22,53.94333686232412,horario,,0.0,0.0,0.0,,rojo,1,2,853,853,853,853
,2025-05-27 10:51:20,15.0,25,55.94949617463027,antihorario,dqn,8.0,-4000.0,-4000.0,19-36,negro,1,3,854,854,854,854
,2025-05-27 10:52:02,2.0,28,52.626623074321685,horario,fibonacci,1.0,-500.0,-4500.0,19-36,negro,2,1,855,855,855,855
,2025-05-27 10:52:42,28.0,27,50.31560072739762,antihorario,dalembert,2.0,1000.0,-3500.0,19-36,negro,3,1,856,856,856,856
,2025-05-27 10:53:27,17.0,28,46.41398927629622,horario,dqn,8.0,-4000.0,-7500.0,19-36,negro,4,1,857,857,857,857
,2025-05-27 10:54:12,5.0,25,47.37965962482433,antihorario,dqn,8.0,-4000.0,-11500.0,19-36,rojo,5,1,858,858,858,858
,2025-05-27 10:54:51,31.0,23,51.22125409100323,horario,fibonacci,2.0,1000.0,-10500.0,19-36,negro,1,2,859,859,859,859
,2025-05-27 10:55:36,29.0,23,51.988971080958734,antihorario,ppo,97.0,48500.0,38000.0,19-36,negro,2,1,860,860,860,860
,2025-05-27 10:56:19,21.0,21,57.49438390640506,horario,dqn,8.0,4000.0,42000.0,19-36,rojo,3,1,861,861,861,861
,2025-05-27 10:57:00,9.0,21,48.015869574331134,antihorario,dalembert,1.0,500.0,42500.0,rojo,rojo,1,2,862,862,862,862
,2025-05-27 10:57:45,3.0,23,48.9604475652024,horario,ppo,1.0,-500.0,42000.0,19-36,rojo,1,3,863,863,863,863
,2025-05-27 10:58:28,13.0,23,48.772309061660565,antihorario,dalembert,2.0,-1000.0,41000.0,19-36,negro,1,4,864,864,864,864
,2025-05-27 10:59:06,18.0,21,47.99141070306676,horario,fibonacci,3.0,-1500.0,39500.0,19-36,rojo,2,1,865,865,865,865
,2025-05-27 10:59:48,32.0,19,49.007690407142206,antihorario,fibonacci,5.0,2500.0,42000.0,19-36,rojo,1,2,866,866,866,866
,2025-05-27 11:00:29,3.0,20,45.86353095064665,horario,dqn,8.0,-4000.0,38000.0,19-36,rojo,1,3,867,867,867,867
,2025-05-27 11:01:18,9.0,20,51.14691537052977,antihorario,dalembert,3.0,-1500.0,36500.0,19-36,rojo,1,4,868,868,868,868
,2025-05-27 11:01:55,0.0,22,58.370073294651476,horario,ppo,84.0,-42000.0,-5500.0,19-36,0,1,5,869,869,869,869
,2025-05-27 11:02:38,23.0,20,50.19279385383404,antihorario,dalembert,4.0,2000.0,-3500.0,19-36,rojo,2,6,870,870,870,870
,2025-05-27 11:03:21,5.0,22,53.96846475805762,horario,fibonacci,3.0,1500.0,-2000.0,rojo,rojo,1,7,871,871,871,871
,2025-05-27 11:04:03,6.0,20,54.00130940688814,antihorario,dqn,8.0,-4000.0,-6000.0,19-36,negro,1,8,872,872,872,872
,2025-05-27 11:04:41,6.0,21,44.57301704667485,horario,fibonacci,1.0,-500.0,-6500.0,19-36,negro,2,1,873,873,873,873
,2025-05-27 11:05:26,27.0,20,41.707412142074475,antihorario,ppo,74.0,37000.0,30500.0,19-36,rojo,3,1,874,874,874,874
,2025-05-27 11:06:07,5.0,21,57.9342982308512,horario,fibonacci,1.0,500.0,31000.0,rojo,rojo,1,2,875,875,875,875
,2025-05-27 11:06:49,16.0,21,48.56836072968875,antihorario,dalembert,3.0,1500.0,32500.0,rojo,rojo,1,3,876,876,876,876
,2025-05-27 11:07:30,1.0,22,47.91402035604125,horario,dqn,6.0,-3000.0,29500.0,19-36,rojo,1,4,877,877,877,877
,2025-05-27 11:08:13,8.0,22,51.484978637420625,antihorario,ppo,1.0,-500.0,29000.0,19-36,negro,1,5,878,878,878,878
,2025-05-27 11:08:55,26.0,22,64.01076641616697,horario,dalembert,2.0,1000.0,30000.0,19-36,negro,2,1,879,879,879,879
,2025-05-27 11:09:32,14.0,23,48.366916029109646,antihorario,dalembert,1.0,500.0,30500.0,rojo,rojo,3,1,880,880,880,880
,2025-05-27 11:10:16,12.0,23,48.12710962674634,horario,dalembert,1.0,500.0,31000.0,rojo,rojo,1,2,881,881,881,881
,2025-05-27 11:51:42,16.0,18,47.17334592260974,horario,,0.0,0.0,0.0,,rojo,1,3,882,882,882,882
,2025-05-27 11:52:21,0.0,19,55.969644678396435,antihorario,dalembert,2.0,-1000.0,-1000.0,19-36,0,1,4,883,883,883,883
,2025-05-27 11:53:06,6.0,20,54.52452535534165,horario,fibonacci,1.0,-500.0,-1500.0,19-36,negro,2,5,884,884,884,884
,2025-05-27 11:53:49,0.0,20,49.07984565434421,antihorario,dalembert,3.0,-1500.0,-3000.0,19-36,0,3,1,885,885,885,885
,2025-05-27 11:54:27,11.0,7,56.29537839637405,horario,ppo,1.0,-500.0,-3500.0,19-36,negro,4,2,886,886,886,886
,2025-05-27 11:55:07,36.0,15,58.62586566258602,antihorario,dqn,8.0,4000.0,500.0,19-36,rojo,5,1,887,887,887,887
,2025-05-27 11:55:49,21.0,14,46.36642338886592,horario,dqn,8.0,4000.0,4500.0,19-36,rojo,1,2,888,888,888,888
,2025-05-27 11:56:31,29.0,14,45.94154264869924,antihorario,ppo,1.0,500.0,5000.0,19-36,negro,1,3,889,889,889,889
,2025-05-27 11:57:16,16.0,14,45.89461165545026,horario,ppo,1.0,-500.0,4500.0,19-36,rojo,2,1,890,890,890,890
,2025-05-27 11:58:00,34.0,13,56.583035154400875,antihorario,fibonacci,2.0,1000.0,5500.0,19-36,rojo,1,2,891,891,891,891
,2025-05-27 11:58:38,20.0,15,62.762915959073354,horario,fibonacci,1.0,-500.0,5000.0,rojo,negro,1,3,892,892,892,892
,2025-05-27 11:59:18,23.0,15,43.7621374044779,antihorario,ppo,1.0,500.0,5500.0,19-36,rojo,2,1,893,893,893,893
,2025-05-27 12:00:03,14.0,15,42.70643881663057,horario,dqn,8.0,-4000.0,1500.0,19-36,rojo,1,2,894,894,894,894
,2025-05-27 12:00:42,31.0,15,48.26694056646177,antihorario,dqn,8.0,4000.0,5500.0,19-36,negro,1,3,895,895,895,895
,2025-05-27 12:01:27,4.0,15,48.11609241500769,horario,dqn,8.0,-4000.0,1500.0,19-36,negro,2,1,896,896,896,896
,2025-05-27 12:02:07,16.0,7,43.852337197403166,antihorario,dqn,8.0,-4000.0,-2500.0,19-36,rojo,3,1,897,897,897,897
,2025-05-27 12:02:51,15.0,18,46.67061580331466,horario,fibonacci,1.0,-500.0,-3000.0,19-36,negro,1,2,898,898,898,898
,2025-05-27 12:03:34,5.0,19,67.0390652924707,antihorario,dqn,8.0,-4000.0,-7000.0,19-36,rojo,2,1,899,899,899,899
,2025-05-27 12:04:59,31.0,18,52.27466171567585,antihorario,dqn,8.0,4000.0,-3000.0,19-36,negro,1,2,900,900,900,900
,2025-05-27 12:05:41,5.0,7,53.1471131549078,horario,fibonacci,1.0,500.0,-2500.0,rojo,rojo,2,1,901,901,901,901
,2025-05-27 12:06:25,1.0,15,48.47524841128284,antihorario,dalembert,2.0,1000.0,-1500.0,rojo,rojo,1,2,902,902,902,902
,2025-05-27 12:07:07,19.0,7,49.18189929383603,horario,dqn,8.0,4000.0,2500.0,19-36,rojo,1,3,903,903,903,903
,2025-05-27 12:07:47,5.0,7,58.56851991410741,antihorario,dalembert,1.0,500.0,3000.0,rojo,rojo,1,4,904,904,904,904
,2025-05-27 12:08:26,7.0,18,50.3583327598173,horario,fibonacci,1.0,500.0,3500.0,rojo,rojo,1,5,905,905,905,905
,2025-05-27 12:09:08,19.0,7,51.33513400239093,antihorario,dqn,8.0,4000.0,7500.0,19-36,rojo,1,6,906,906,906,906
,2025-05-27 12:09:48,30.0,20,51.623585173663315,horario,fibonacci,1.0,500.0,8000.0,rojo,rojo,1,7,907,907,907,907
,2025-05-27 12:10:29,28.0,21,48.01872718643176,antihorario,fibonacci,1.0,-500.0,7500.0,rojo,negro,1,8,908,908,908,908
,2025-05-27 12:11:08,29.0,20,60.38750981231013,horario,dqn,8.0,4000.0,11500.0,19-36,negro,2,1,909,909,909,909
,2025-05-27 14:05:45,35.0,12,46.205627852128146,antihorario,,0.0,0.0,0.0,,negro,3,1,910,910,910,910
,2025-05-27 14:06:28,9.0,13,50.72289064438806,horario,ppo,1.0,-500.0,-500.0,19-36,rojo,4,1,911,911,911,911
,2025-05-27 14:07:06,12.0,13,62.00998268576785,antihorario,ppo,1.0,-500.0,-1000.0,19-36,rojo,1,2,912,912,912,912
,2025-05-27 14:07:48,18.0,13,57.29921898426545,horario,dqn,8.0,-4000.0,-5000.0,19-36,rojo,1,3,913,913,913,913
,2025-05-27 14:08:25,13.0,13,50.6992335365058,antihorario,dqn,8.0,-4000.0,-9000.0,19-36,negro,1,4,914,914,914,914
,2025-05-27 14:09:07,0.0,13,51.32635580877164,horario,dalembert,2.0,-1000.0,-10000.0,19-36,0,2,1,915,915,915,915
,2025-05-27 14:09:50,12.0,13,48.64537365384269,antihorario,dqn,8.0,-4000.0,-14000.0,19-36,rojo,3,2,916,916,916,916
,2025-05-27 14:10:28,26.0,14,52.69365756178623,horario,dalembert,3.0,1500.0,-12500.0,19-36,negro,1,3,917,917,917,917
,2025-05-27 14:11:08,19.0,12,52.06654674987897,antihorario,fibonacci,1.0,500.0,-12000.0,rojo,rojo,2,1,918,918,918,918
,2025-05-27 14:11:53,3.0,12,62.76792384361383,horario,fibonacci,1.0,500.0,-11500.0,rojo,rojo,1,2,919,919,919,919
,2025-05-27 14:12:35,16.0,14,54.04973019232301,antihorario,fibonacci,1.0,500.0,-11000.0,rojo,rojo,1,3,920,920,920,920
,2025-05-27 14:13:16,31.0,13,46.24484936690989,horario,fibonacci,1.0,-500.0,-11500.0,rojo,negro,1,4,921,921,921,921
,2025-05-27 14:13:59,22.0,12,47.3197084124939,antihorario,fibonacci,1.0,500.0,-11000.0,19-36,negro,2,1,922,922,922,922
,2025-05-27 14:14:41,15.0,14,54.02455607267842,horario,fibonacci,1.0,-500.0,-11500.0,rojo,negro,3,1,923,923,923,923
,2025-05-27 14:15:25,7.0,14,43.692486626413086,antihorario,ppo,1.0,-500.0,-12000.0,19-36,rojo,4,1,924,924,924,924
,2025-05-27 14:16:02,35.0,14,64.42299105065348,horario,fibonacci,1.0,500.0,-11500.0,19-36,negro,1,2,925,925,925,925
,2025-05-27 14:16:42,19.0,12,48.60765378504482,antihorario,dqn,8.0,4000.0,-7500.0,19-36,rojo,2,1,926,926,926,926
,2025-05-27 14:17:24,14.0,13,44.63727457589924,horario,dqn,8.0,-4000.0,-11500.0,19-36,rojo,1,2,927,927,927,927
,2025-05-27 14:18:04,17.0,13,73.78184890235778,antihorario,dalembert,4.0,-2000.0,-13500.0,19-36,negro,1,3,928,928,928,928
,2025-05-27 14:18:49,7.0,1,47.35491522100597,horario,dalembert,5.0,-2500.0,-16000.0,19-36,rojo,2,1,929,929,929,929
,2025-05-27 14:19:32,28.0,12,48.35224126451534,antihorario,ppo,1.0,500.0,-15500.0,19-36,negro,1,2,930,930,930,930
,2025-05-27 14:20:12,10.0,12,50.12218691961368,horario,dalembert,4.0,-2000.0,-17500.0,rojo,negro,2,1,931,931,931,931
,2025-05-27 14:20:57,27.0,12,49.83554450202565,antihorario,dalembert,2.0,1000.0,-16500.0,19-36,rojo,3,1,932,932,932,932
,2025-05-27 14:21:39,12.0,13,46.35376399109023,horario,fibonacci,1.0,500.0,-16000.0,rojo,rojo,1,2,933,933,933,933
,2025-05-27 14:22:22,13.0,12,48.76324752051222,antihorario,ppo,1.0,-500.0,-16500.0,19-36,negro,1,3,934,934,934,934
,2025-05-27 14:23:07,23.0,10,47.70695184689612,horario,fibonacci,1.0,500.0,-16000.0,19-36,rojo,2,1,935,935,935,935
,2025-05-27 14:23:44,30.0,10,63.11510371526367,antihorario,dqn,8.0,4000.0,-12000.0,19-36,rojo,1,2,936,936,936,936
,2025-05-27 14:24:27,12.0,10,46.01083625074325,horario,dalembert,1.0,500.0,-11500.0,rojo,rojo,1,3,937,937,937,937
,2025-05-27 14:25:06,20.0,10,54.17633960456015,antihorario,fibonacci,1.0,-500.0,-12000.0,rojo,negro,1,4,938,938,938,938
,2025-05-27 15:24:49,15.0,20,47.407857499474325,antihorario,,0.0,0.0,0.0,,negro,2,1,939,939,939,939
,2025-05-27 15:25:29,0.0,19,48.58491306195337,horario,dalembert,2.0,-1000.0,-1000.0,19-36,0,3,1,940,940,940,940
,2025-05-27 15:26:11,21.0,20,58.85049310849824,antihorario,dalembert,3.0,1500.0,500.0,19-36,rojo,4,2,941,941,941,941
,2025-05-27 15:26:52,6.0,21,46.87067439390585,horario,ppo,1.0,-500.0,0.0,19-36,negro,1,3,942,942,942,942
,2025-05-27 15:27:34,23.0,19,51.65449854296969,antihorario,dalembert,4.0,2000.0,2000.0,19-36,rojo,2,1,943,943,943,943
,2025-05-27 15:28:14,12.0,21,43.75955590064196,horario,dalembert,3.0,1500.0,3500.0,rojo,rojo,1,2,944,944,944,944
,2025-05-27 15:28:53,1.0,22,50.64822911688383,antihorario,dalembert,1.0,500.0,4000.0,rojo,rojo,1,3,945,945,945,945
,2025-05-27 15:29:35,10.0,21,49.13839779565416,horario,dqn,8.0,-4000.0,0.0,19-36,negro,1,4,946,946,946,946
,2025-05-27 15:30:18,4.0,21,60.27641560866806,antihorario,ppo,1.0,-500.0,-500.0,19-36,negro,2,1,947,947,947,947
,2025-05-27 15:30:58,11.0,7,50.52664939157006,horario,dqn,8.0,-4000.0,-4500.0,19-36,negro,3,1,948,948,948,948
,2025-05-27 15:31:41,9.0,16,46.6520519505799,antihorario,dalembert,2.0,-1000.0,-5500.0,19-36,rojo,4,1,949,949,949,949
,2025-05-27 15:32:20,20.0,16,50.940167055041414,horario,ppo,1.0,500.0,-5000.0,19-36,negro,1,2,950,950,950,950
,2025-05-27 15:33:00,0.0,15,47.804100822021695,antihorario,fibonacci,1.0,-500.0,-5500.0,rojo,0,2,1,951,951,951,951
,2025-05-27 15:33:35,1.0,15,49.9136747129756,horario,dalembert,3.0,-1500.0,-7000.0,19-36,rojo,3,2,952,952,952,952
,2025-05-27 15:34:18,15.0,15,45.76023298357251,antihorario,dalembert,4.0,-2000.0,-9000.0,19-36,negro,1,3,953,953,953,953
,2025-05-27 15:34:59,22.0,14,56.32223007010742,horario,dalembert,5.0,2500.0,-6500.0,19-36,negro,2,1,954,954,954,954
,2025-05-27 15:35:41,31.0,14,49.11403020270031,antihorario,fibonacci,1.0,-500.0,-7000.0,rojo,negro,3,1,955,955,955,955
,2025-05-27 15:36:22,1.0,15,58.45088072164555,horario,fibonacci,1.0,-500.0,-7500.0,19-36,rojo,4,1,956,956,956,956
,2025-05-27 15:37:04,14.0,15,50.72183355142778,antihorario,dqn,8.0,-4000.0,-11500.0,19-36,rojo,1,2,957,957,957,957
,2025-05-27 15:37:49,31.0,13,66.16729413750551,horario,fibonacci,2.0,1000.0,-10500.0,19-36,negro,1,3,958,958,958,958
,2025-05-27 15:38:28,14.0,15,63.63558961548458,antihorario,dalembert,4.0,2000.0,-8500.0,rojo,rojo,2,1,959,959,959,959
,2025-05-27 15:39:08,27.0,14,58.99841496202714,horario,ppo,1.0,500.0,-8000.0,19-36,rojo,1,2,960,960,960,960
,2025-05-27 15:39:47,17.0,14,52.98868956001087,antihorario,dqn,8.0,-4000.0,-12000.0,19-36,negro,1,3,961,961,961,961
,2025-05-27 15:40:28,31.0,14,52.46880425398507,horario,dalembert,2.0,1000.0,-11000.0,19-36,negro,2,1,962,962,962,962
,2025-05-27 15:41:11,24.0,10,66.01768581144736,antihorario,fibonacci,1.0,-500.0,-11500.0,rojo,negro,3,1,963,963,963,963
,2025-05-27 15:41:50,2.0,1,63.878310769994755,horario,dqn,8.0,-4000.0,-15500.0,19-36,negro,4,1,964,964,964,964
,2025-05-27 15:42:30,17.0,14,51.858430202842534,antihorario,ppo,1.0,-500.0,-16000.0,19-36,negro,5,1,965,965,965,965
,2025-05-27 15:43:11,3.0,15,51.71126371926494,horario,fibonacci,1.0,-500.0,-16500.0,19-36,rojo,6,1,966,966,966,966
,2025-05-27 15:43:51,33.0,14,42.61680240313494,antihorario,ppo,1.0,500.0,-16000.0,19-36,negro,1,2,967,967,967,967
,2025-05-27 15:44:30,31.0,14,49.174702529681674,horario,dalembert,1.0,-500.0,-16500.0,rojo,negro,2,1,968,968,968,968
,2025-05-27 16:05:47,20.0,13,66.70985329445031,antihorario,,0.0,0.0,0.0,,negro,3,1,969,969,969,969
,2025-05-27 16:06:26,20.0,13,62.41279945516976,horario,ppo,1.0,500.0,500.0,19-36,negro,4,1,970,970,970,970
,2025-05-27 16:07:12,7.0,12,49.91646033611214,antihorario,dqn,8.0,-4000.0,-3500.0,19-36,rojo,5,1,971,971,971,971
,2025-05-27 16:07:55,27.0,13,49.0029258497368,horario,dalembert,2.0,1000.0,-2500.0,19-36,rojo,1,2,972,972,972,972
,2025-05-27 16:08:38,12.0,14,49.442029365476785,antihorario,ppo,1.0,-500.0,-3000.0,19-36,rojo,1,3,973,973,973,973
,2025-05-27 16:09:16,22.0,15,51.2300729837957,horario,dqn,8.0,4000.0,1000.0,19-36,negro,1,4,974,974,974,974
,2025-05-27 16:09:58,3.0,15,46.23786638038848,antihorario,dalembert,1.0,500.0,1500.0,rojo,rojo,2,1,975,975,975,975
,2025-05-27 16:10:37,15.0,15,47.46702778564389,horario,dqn,8.0,-4000.0,-2500.0,19-36,negro,1,2,976,976,976,976
,2025-05-27 16:11:18,13.0,14,46.38648453157214,antihorario,dqn,8.0,-4000.0,-6500.0,19-36,negro,2,1,977,977,977,977
,2025-05-27 16:12:03,5.0,14,42.912875752017044,horario,dalembert,2.0,-1000.0,-7500.0,19-36,rojo,3,1,978,978,978,978
,2025-05-27 16:12:46,25.0,14,46.369868881958716,antihorario,fibonacci,1.0,500.0,-7000.0,19-36,rojo,1,2,979,979,979,979
,2025-05-27 16:13:26,35.0,14,68.99741415938945,horario,dqn,8.0,4000.0,-3000.0,19-36,negro,1,3,980,980,980,980
,2025-05-27 16:14:06,7.0,13,54.11117311684153,antihorario,fibonacci,1.0,500.0,-2500.0,rojo,rojo,2,1,981,981,981,981
,2025-05-27 16:14:51,17.0,13,58.38784192240672,horario,ppo,1.0,-500.0,-3000.0,19-36,negro,1,2,982,982,982,982
,2025-05-27 16:15:31,26.0,13,64.57300940207261,antihorario,dalembert,3.0,1500.0,-1500.0,19-36,negro,2,1,983,983,983,983
,2025-05-27 16:16:13,34.0,13,52.349104200032635,horario,ppo,1.0,500.0,-1000.0,19-36,rojo,3,1,984,984,984,984
,2025-05-27 16:16:51,35.0,14,47.82621322162463,antihorario,dqn,8.0,4000.0,3000.0,19-36,negro,1,2,985,985,985,985
,2025-05-27 16:17:30,11.0,14,46.825544562179275,horario,fibonacci,1.0,-500.0,2500.0,rojo,negro,2,1,986,986,986,986
,2025-05-27 16:18:16,21.0,13,50.635883673707895,antihorario,ppo,1.0,500.0,3000.0,19-36,rojo,3,1,987,987,987,987
,2025-05-27 16:18:59,29.0,14,45.727084144411386,horario,dqn,8.0,4000.0,7000.0,19-36,negro,1,2,988,988,988,988
,2025-05-27 16:19:40,13.0,15,40.74124526447906,antihorario,ppo,1.0,-500.0,6500.0,19-36,negro,2,1,989,989,989,989
,2025-05-27 16:20:24,36.0,7,52.859361713978984,horario,dalembert,4.0,2000.0,8500.0,19-36,rojo,3,1,990,990,990,990
,2025-05-27 16:21:05,32.0,7,47.5559712559193,antihorario,fibonacci,1.0,500.0,9000.0,rojo,rojo,1,2,991,991,991,991
,2025-05-27 16:21:47,27.0,7,55.408419650768046,horario,ppo,1.0,500.0,9500.0,19-36,rojo,1,3,992,992,992,992
,2025-05-27 16:22:27,25.0,7,52.36991194786104,antihorario,ppo,1.0,500.0,10000.0,19-36,rojo,1,4,993,993,993,993
,2025-05-27 16:23:10,36.0,15,52.60367329167686,horario,dalembert,3.0,1500.0,11500.0,rojo,rojo,1,5,994,994,994,994
,2025-05-27 16:23:50,25.0,16,46.916049916828854,antihorario,fibonacci,1.0,500.0,12000.0,rojo,rojo,1,6,995,995,995,995
,2025-05-27 16:24:30,35.0,19,56.62318476775431,horario,dalembert,1.0,-500.0,11500.0,rojo,negro,1,7,996,996,996,996
,2025-05-27 16:25:14,10.0,18,44.00413245028133,antihorario,dqn,8.0,-4000.0,7500.0,19-36,negro,2,1,997,997,997,997
,2025-05-27 17:58:21,35.0,16,41.68872128091681,horario,,0.0,0.0,0.0,,negro,3,1,998,998,998,998
,2025-05-27 17:59:00,20.0,15,48.26671629816383,antihorario,dalembert,2.0,1000.0,1000.0,19-36,negro,4,1,999,999,999,999
,2025-05-27 17:59:41,3.0,13,48.0569828191135,horario,ppo,1.0,-500.0,500.0,19-36,rojo,5,1,1000,1000,1000,1000
,2025-05-27 18:00:23,18.0,16,49.85458611435322,antihorario,dqn,8.0,-4000.0,-3500.0,19-36,rojo,1,2,1001,1001,1001,1001
,2025-05-27 18:01:04,22.0,13,45.83135748965353,horario,ppo,1.0,500.0,-3000.0,19-36,negro,1,3,1002,1002,1002,1002
,2025-05-27 18:01:43,19.0,13,53.59177476250484,antihorario,dqn,8.0,4000.0,1000.0,19-36,rojo,2,1,1003,1003,1003,1003
,2025-05-27 18:02:20,7.0,13,49.4130639404287,horario,dalembert,1.0,500.0,1500.0,rojo,rojo,1,2,1004,1004,1004,1004
,2025-05-27 18:03:03,23.0,13,45.4322559913196,antihorario,dqn,8.0,4000.0,5500.0,19-36,rojo,1,3,1005,1005,1005,1005
,2025-05-27 18:03:45,9.0,13,58.56519115740326,horario,fibonacci,1.0,500.0,6000.0,rojo,rojo,1,4,1006,1006,1006,1006
,2025-05-27 18:04:22,9.0,14,45.12786789155501,antihorario,dqn,8.0,-4000.0,2000.0,19-36,rojo,1,5,1007,1007,1007,1007
,2025-05-27 18:05:12,18.0,7,51.22125409100323,horario,fibonacci,1.0,-500.0,1500.0,19-36,rojo,1,6,1008,1008,1008,1008
,2025-05-27 18:05:52,20.0,16,42.0071043771581,antihorario,dalembert,2.0,1000.0,2500.0,19-36,negro,1,7,1009,1009,1009,1009
,2025-05-27 18:06:32,10.0,14,56.95571188722033,horario,ppo,1.0,-500.0,2000.0,19-36,negro,2,1,1010,1010,1010,1010
,2025-05-27 18:07:08,30.0,10,47.69596419157844,antihorario,dalembert,3.0,1500.0,3500.0,19-36,rojo,3,1,1011,1011,1011,1011
,2025-05-27 18:07:54,35.0,13,47.61618294704559,horario,dqn,8.0,4000.0,7500.0,19-36,negro,1,2,1012,1012,1012,1012
,2025-05-27 18:08:33,17.0,13,47.8793024379583,antihorario,dalembert,2.0,-1000.0,6500.0,rojo,negro,2,1,1013,1013,1013,1013
,2025-05-27 18:09:14,11.0,10,48.18193976712808,horario,fibonacci,2.0,-1000.0,5500.0,19-36,negro,3,1,1014,1014,1014,1014
,2025-05-27 18:09:50,19.0,10,52.878000947592355,antihorario,ppo,1.0,500.0,6000.0,19-36,rojo,4,1,1015,1015,1015,1015
,2025-05-27 18:10:32,11.0,10,57.85111541503436,horario,dalembert,1.0,-500.0,5500.0,rojo,negro,1,2,1016,1016,1016,1016
,2025-05-27 18:11:12,22.0,9,47.23167562364311,antihorario,dalembert,2.0,1000.0,6500.0,19-36,negro,2,1,1017,1017,1017,1017
,2025-05-27 18:11:59,36.0,10,56.79614978253525,horario,dqn,8.0,4000.0,10500.0,19-36,rojo,3,1,1018,1018,1018,1018
,2025-05-27 18:12:38,35.0,8,48.86715398072566,antihorario,dqn,8.0,4000.0,14500.0,19-36,negro,1,2,1019,1019,1019,1019
,2025-05-27 18:13:23,13.0,10,45.62460998111261,horario,dalembert,1.0,-500.0,14000.0,rojo,negro,2,1,1020,1020,1020,1020
,2025-05-27 18:14:02,12.0,1,50.69783398555832,antihorario,dqn,8.0,-4000.0,10000.0,19-36,rojo,3,1,1021,1021,1021,1021
,2025-05-27 18:14:42,23.0,10,50.6193584737619,horario,dqn,8.0,4000.0,14000.0,19-36,rojo,1,2,1022,1022,1022,1022
,2025-05-27 18:15:24,6.0,10,51.986304452832485,antihorario,dqn,8.0,-4000.0,10000.0,19-36,negro,1,3,1023,1023,1023,1023
,2025-05-27 18:16:03,13.0,9,63.231804223001404,horario,dalembert,2.0,-1000.0,9000.0,19-36,negro,2,1,1024,1024,1024,1024
,2025-05-27 18:16:48,16.0,8,46.72150038041423,antihorario,fibonacci,3.0,-1500.0,7500.0,19-36,rojo,3,1,1025,1025,1025,1025
,2025-05-27 18:17:31,15.0,9,42.71601304163269,horario,ppo,1.0,-500.0,7000.0,19-36,negro,1,2,1026,1026,1026,1026
,2025-05-27 18:18:12,26.0,9,53.117293781460944,antihorario,ppo,1.0,500.0,7500.0,19-36,negro,2,1,1027,1027,1027,1027
,2025-05-27 19:01:36,15.0,4,57.20958419581311,antihorario,,0.0,0.0,0.0,,negro,3,1,1028,1028,1028,1028
,2025-05-27 19:02:16,8.0,4,59.87214354924038,horario,ppo,1.0,-500.0,-500.0,19-36,negro,4,1,1029,1029,1029,1029
,2025-05-27 19:02:55,26.0,3,48.55241172537471,antihorario,dqn,8.0,4000.0,3500.0,19-36,negro,5,1,1030,1030,1030,1030
,2025-05-27 19:03:37,36.0,3,50.49912572750446,horario,fibonacci,1.0,500.0,4000.0,rojo,rojo,6,1,1031,1031,1031,1031
,2025-05-27 19:04:22,25.0,3,45.23879171777777,antihorario,fibonacci,1.0,500.0,4500.0,rojo,rojo,1,2,1032,1032,1032,1032
,2025-05-27 19:05:01,3.0,5,49.270046918885996,horario,ppo,1.0,-500.0,4000.0,19-36,rojo,1,3,1033,1033,1033,1033
,2025-05-27 19:05:39,25.0,6,51.467722476429174,antihorario,dalembert,2.0,1000.0,5000.0,19-36,rojo,1,4,1034,1034,1034,1034
,2025-05-27 19:06:20,31.0,5,45.07583344165414,horario,dalembert,1.0,-500.0,4500.0,rojo,negro,1,5,1035,1035,1035,1035
,2025-05-27 19:07:01,15.0,6,50.79760962869318,antihorario,dalembert,2.0,-1000.0,3500.0,19-36,negro,2,1,1036,1036,1036,1036
,2025-05-27 19:07:41,17.0,8,47.8429937583129,horario,fibonacci,1.0,-500.0,3000.0,19-36,negro,3,1,1037,1037,1037,1037
,2025-05-27 19:08:21,31.0,7,50.69835232159744,antihorario,ppo,1.0,500.0,3500.0,19-36,negro,4,1,1038,1038,1038,1038
,2025-05-27 19:09:07,0.0,7,46.546052363605455,horario,ppo,1.0,-500.0,3000.0,19-36,0,5,1,1039,1039,1039,1039
,2025-05-27 19:09:48,26.0,7,42.46268802215091,antihorario,dalembert,3.0,1500.0,4500.0,19-36,negro,6,2,1040,1040,1040,1040
,2025-05-27 19:10:29,36.0,7,44.43610995475778,horario,dqn,8.0,4000.0,8500.0,19-36,rojo,7,1,1041,1041,1041,1041
,2025-05-27 19:11:11,4.0,7,57.005444970320866,antihorario,fibonacci,1.0,-500.0,8000.0,rojo,negro,1,2,1042,1042,1042,1042
,2025-05-27 19:11:56,29.0,8,63.37822646682028,horario,fibonacci,1.0,500.0,8500.0,19-36,negro,2,1,1043,1043,1043,1043
,2025-05-27 19:12:37,13.0,8,50.03467088433142,antihorario,dqn,8.0,-4000.0,4500.0,19-36,negro,3,1,1044,1044,1044,1044
,2025-05-27 19:13:19,23.0,8,43.20589661004129,horario,dqn,8.0,4000.0,8500.0,19-36,rojo,4,1,1045,1045,1045,1045
,2025-05-27 19:14:00,0.0,7,73.65358582611387,antihorario,dqn,8.0,-4000.0,4500.0,19-36,0,1,2,1046,1046,1046,1046
,2025-05-27 19:14:35,6.0,8,47.3983021176786,horario,dalembert,4.0,-2000.0,2500.0,19-36,negro,2,3,1047,1047,1047,1047
,2025-05-27 19:15:17,1.0,8,46.41103095094103,antihorario,ppo,1.0,-500.0,2000.0,19-36,rojo,3,1,1048,1048,1048,1048
,2025-05-27 19:15:58,21.0,8,49.755644835002244,horario,dqn,8.0,4000.0,6000.0,19-36,rojo,1,2,1049,1049,1049,1049
,2025-05-27 19:16:38,23.0,8,69.6283778259529,antihorario,dqn,8.0,4000.0,10000.0,19-36,rojo,1,3,1050,1050,1050,1050
,2025-05-27 19:17:22,20.0,10,49.29771351118805,horario,ppo,1.0,500.0,10500.0,19-36,negro,1,4,1051,1051,1051,1051
,2025-05-27 19:17:58,23.0,9,63.04266170372742,antihorario,dalembert,3.0,1500.0,12000.0,rojo,rojo,2,1,1052,1052,1052,1052
,2025-05-27 19:18:40,28.0,1,53.83023175418937,horario,ppo,1.0,500.0,12500.0,19-36,negro,1,2,1053,1053,1053,1053
,2025-05-27 19:19:21,6.0,9,61.29851476344851,antihorario,ppo,1.0,-500.0,12000.0,19-36,negro,2,1,1054,1054,1054,1054
,2025-05-27 19:20:04,10.0,9,48.40309715916786,horario,dqn,8.0,-4000.0,8000.0,19-36,negro,3,1,1055,1055,1055,1055
,2025-05-27 19:20:43,11.0,9,49.202141797885815,antihorario,dqn,8.0,-4000.0,4000.0,19-36,negro,4,1,1056,1056,1056,1056
,2025-05-27 19:21:24,22.0,1,53.11376305949943,horario,dalembert,2.0,1000.0,5000.0,19-36,negro,5,1,1057,1057,1057,1057
,2025-05-27 19:52:04,2.0,10,53.19867898213113,horario,,0.0,0.0,0.0,,negro,6,1,1058,1058,1058,1058
,2025-05-27 19:52:47,25.0,10,52.366382889317485,antihorario,ppo,1.0,500.0,500.0,19-36,rojo,7,1,1059,1059,1059,1059
,2025-05-27 19:53:29,10.0,10,48.43417859997885,horario,ppo,1.0,-500.0,0.0,19-36,negro,1,2,1060,1060,1060,1060
,2025-05-27 19:54:08,14.0,10,48.55443130022394,antihorario,dqn,8.0,-4000.0,-4000.0,19-36,rojo,2,1,1061,1061,1061,1061
,2025-05-27 19:54:50,16.0,10,50.87466940856024,horario,fibonacci,1.0,-500.0,-4500.0,19-36,rojo,1,2,1062,1062,1062,1062
,2025-05-27 19:55:30,18.0,9,52.567022140140296,antihorario,dalembert,2.0,-1000.0,-5500.0,19-36,rojo,1,3,1063,1063,1063,1063
,2025-05-27 19:56:11,0.0,9,48.56547411973078,horario,dqn,8.0,-4000.0,-9500.0,19-36,0,1,4,1064,1064,1064,1064
,2025-05-27 19:56:53,3.0,8,53.59010168135075,antihorario,fibonacci,2.0,-1000.0,-10500.0,19-36,rojo,2,5,1065,1065,1065,1065
,2025-05-27 19:57:33,22.0,9,58.70551382101297,horario,dalembert,3.0,1500.0,-9000.0,19-36,negro,1,6,1066,1066,1066,1066
,2025-05-27 19:58:15,4.0,9,46.25444286877712,antihorario,dqn,8.0,-4000.0,-13000.0,19-36,negro,2,1,1067,1067,1067,1067
,2025-05-27 19:58:59,26.0,9,44.28284468316567,horario,ppo,1.0,500.0,-12500.0,19-36,negro,3,1,1068,1068,1068,1068
,2025-05-27 19:59:40,5.0,9,46.20473232438488,antihorario,dqn,8.0,-4000.0,-16500.0,19-36,rojo,4,1,1069,1069,1069,1069
,2025-05-27 20:00:23,16.0,10,53.95701061577127,horario,dqn,8.0,-4000.0,-20500.0,19-36,rojo,1,2,1070,1070,1070,1070
,2025-05-27 20:01:03,11.0,9,52.3897508240502,antihorario,ppo,1.0,-500.0,-21000.0,19-36,negro,1,3,1071,1071,1071,1071
,2025-05-27 20:02:30,15.0,10,46.164248851861934,antihorario,ppo,1.0,-500.0,-21500.0,19-36,negro,2,1,1072,1072,1072,1072
,2025-05-27 20:03:10,9.0,10,41.71745602595298,horario,dqn,8.0,-4000.0,-25500.0,19-36,rojo,3,1,1073,1073,1073,1073
,2025-05-27 20:03:56,35.0,9,44.928503850899915,antihorario,dqn,8.0,4000.0,-21500.0,19-36,negro,1,2,1074,1074,1074,1074
,2025-05-27 20:04:35,17.0,10,48.63232426764929,horario,dqn,8.0,-4000.0,-25500.0,19-36,negro,2,1,1075,1075,1075,1075
,2025-05-27 20:05:18,4.0,10,44.99910484121028,antihorario,fibonacci,3.0,-1500.0,-27000.0,19-36,negro,3,1,1076,1076,1076,1076
,2025-05-27 20:05:59,31.0,12,47.07464217112871,horario,ppo,1.0,500.0,-26500.0,19-36,negro,4,1,1077,1077,1077,1077
,2025-05-27 20:06:45,36.0,10,45.32645419563803,antihorario,dqn,8.0,4000.0,-22500.0,19-36,rojo,5,1,1078,1078,1078,1078
,2025-05-27 20:07:29,33.0,1,52.18599937700577,horario,fibonacci,2.0,-1000.0,-23500.0,rojo,negro,1,2,1079,1079,1079,1079
,2025-05-27 20:08:08,5.0,1,53.58494185785571,antihorario,dqn,8.0,-4000.0,-27500.0,19-36,rojo,2,1,1080,1080,1080,1080
,2025-05-27 20:08:50,34.0,1,46.80319841531067,horario,dqn,8.0,4000.0,-23500.0,19-36,rojo,1,2,1081,1081,1081,1081
,2025-05-27 20:09:31,2.0,1,50.496890466337476,antihorario,dalembert,2.0,-1000.0,-24500.0,rojo,negro,1,3,1082,1082,1082,1082
,2025-05-27 20:10:11,6.0,10,43.246762834638346,horario,ppo,1.0,-500.0,-25000.0,19-36,negro,2,1,1083,1083,1083,1083
,2025-05-27 20:10:53,15.0,10,73.0767885230901,antihorario,fibonacci,1.0,-500.0,-25500.0,19-36,negro,3,1,1084,1084,1084,1084
,2025-05-27 20:11:35,1.0,10,51.82224949880982,horario,dqn,8.0,-4000.0,-29500.0,19-36,rojo,4,1,1085,1085,1085,1085
,2025-05-28 20:17:26,32.0,1,48.23477155218529,antihorario,,0.0,0.0,0.0,,rojo,1,2,1086,1086,1086,1086
,2025-05-28 20:18:07,27.0,1,50.91450437964668,horario,dqn,8.0,4000.0,4000.0,19-36,rojo,1,3,1087,1087,1087,1087
,2025-05-28 20:18:54,10.0,10,48.028763414633346,antihorario,fibonacci,1.0,-500.0,3500.0,rojo,negro,1,4,1088,1088,1088,1088
,2025-05-28 20:19:37,27.0,1,49.49733531001365,horario,dalembert,2.0,1000.0,4500.0,19-36,rojo,2,1,1089,1089,1089,1089
,2025-05-28 20:20:21,0.0,10,46.23744286703132,antihorario,fibonacci,1.0,-500.0,4000.0,rojo,0,1,2,1090,1090,1090,1090
,2025-05-28 20:21:00,0.0,7,45.80199769575863,horario,dqn,8.0,-4000.0,0.0,19-36,0,2,3,1091,1091,1091,1091
,2025-05-28 20:21:44,23.0,7,44.57763787939419,antihorario,ppo,1.0,500.0,500.0,19-36,rojo,3,4,1092,1092,1092,1092
,2025-05-28 20:22:29,12.0,6,49.63480945649466,horario,dqn,8.0,-4000.0,-3500.0,19-36,rojo,1,5,1093,1093,1093,1093
,2025-05-28 20:23:08,29.0,8,48.09399214684521,antihorario,fibonacci,1.0,500.0,-3000.0,19-36,negro,1,6,1094,1094,1094,1094
,2025-05-28 20:23:51,24.0,10,48.40796470292987,horario,fibonacci,1.0,-500.0,-3500.0,rojo,negro,2,1,1095,1095,1095,1095
,2025-05-28 20:24:28,23.0,1,52.09274192709206,antihorario,dalembert,3.0,1500.0,-2000.0,19-36,rojo,3,1,1096,1096,1096,1096
,2025-05-28 20:25:08,17.0,13,47.82348993076374,horario,ppo,1.0,-500.0,-2500.0,19-36,negro,1,2,1097,1097,1097,1097
,2025-05-28 20:25:49,4.0,1,53.61738279825625,antihorario,dqn,8.0,-4000.0,-6500.0,19-36,negro,2,1,1098,1098,1098,1098
,2025-05-28 20:26:34,31.0,12,46.2777812521431,horario,fibonacci,1.0,500.0,-6000.0,19-36,negro,3,1,1099,1099,1099,1099
,2025-05-28 20:27:12,25.0,1,54.37670509880536,antihorario,dalembert,2.0,1000.0,-5000.0,rojo,rojo,4,1,1100,1100,1100,1100
,2025-05-28 20:27:59,12.0,9,50.02748687768052,horario,fibonacci,1.0,500.0,-4500.0,rojo,rojo,1,2,1101,1101,1101,1101
,2025-05-28 20:28:42,17.0,8,44.289985445064985,antihorario,ppo,1.0,-500.0,-5000.0,19-36,negro,1,3,1102,1102,1102,1102
,2025-05-28 20:29:20,33.0,9,57.40667737477122,horario,dqn,8.0,4000.0,-1000.0,19-36,negro,2,1,1103,1103,1103,1103
,2025-05-28 20:30:04,34.0,1,42.48194096519365,antihorario,ppo,1.0,500.0,-500.0,19-36,rojo,3,1,1104,1104,1104,1104
,2025-05-28 20:30:46,29.0,10,42.62965372634089,horario,fibonacci,1.0,-500.0,-1000.0,rojo,negro,1,2,1105,1105,1105,1105
,2025-05-28 20:31:28,23.0,10,63.281397911150236,antihorario,ppo,1.0,500.0,-500.0,19-36,rojo,2,1,1106,1106,1106,1106
,2025-05-28 20:32:12,2.0,9,42.926499982697464,horario,dqn,8.0,-4000.0,-4500.0,19-36,negro,1,2,1107,1107,1107,1107
,2025-05-28 20:32:54,34.0,10,47.443814579957724,antihorario,dqn,8.0,4000.0,-500.0,19-36,rojo,2,1,1108,1108,1108,1108
,2025-05-28 20:33:33,15.0,9,66.96587591908985,horario,fibonacci,1.0,-500.0,-1000.0,rojo,negro,1,2,1109,1109,1109,1109
,2025-05-28 20:34:18,35.0,9,61.61267625831749,antihorario,fibonacci,1.0,500.0,-500.0,19-36,negro,2,1,1110,1110,1110,1110
,2025-05-28 20:35:00,1.0,8,45.47542067803127,horario,ppo,1.0,-500.0,-1000.0,19-36,rojo,3,1,1111,1111,1111,1111
,2025-05-28 20:35:42,24.0,9,46.15114435403609,antihorario,fibonacci,2.0,1000.0,0.0,19-36,negro,1,2,1112,1112,1112,1112
,2025-05-28 20:36:27,7.0,9,50.03510913934895,horario,dqn,8.0,-4000.0,-4000.0,19-36,rojo,2,1,1113,1113,1113,1113
,2025-05-28 20:37:06,27.0,9,51.930636479543715,antihorario,dalembert,2.0,1000.0,-3000.0,19-36,rojo,1,2,1114,1114,1114,1114
,2025-05-28 20:56:38,28.0,10,48.427228305872326,antihorario,,0.0,0.0,0.0,,negro,1,3,1115,1115,1115,1115
,2025-05-28 20:57:19,2.0,9,51.60505242184735,horario,dalembert,2.0,-1000.0,-1000.0,19-36,negro,2,1,1116,1116,1116,1116
,2025-05-28 20:57:59,12.0,9,47.92203759302887,antihorario,dalembert,3.0,-1500.0,-2500.0,19-36,rojo,3,1,1117,1117,1117,1117
,2025-05-28 20:58:41,7.0,8,53.77862049372752,horario,dalembert,4.0,-2000.0,-4500.0,19-36,rojo,1,2,1118,1118,1118,1118
,2025-05-28 20:59:20,16.0,6,48.28698626682962,antihorario,dqn,8.0,-4000.0,-8500.0,19-36,rojo,1,3,1119,1119,1119,1119
,2025-05-28 21:00:03,2.0,8,54.51782844733963,horario,ppo,1.0,-500.0,-9000.0,19-36,negro,1,4,1120,1120,1120,1120
,2025-05-28 21:00:43,35.0,7,48.64378074194337,antihorario,fibonacci,1.0,500.0,-8500.0,19-36,negro,2,1,1121,1121,1121,1121
,2025-05-28 21:01:32,23.0,8,47.73197933661015,horario,fibonacci,1.0,500.0,-8000.0,rojo,rojo,3,1,1122,1122,1122,1122
,2025-05-28 21:02:15,24.0,8,41.157778002607984,antihorario,dqn,8.0,4000.0,-4000.0,19-36,negro,1,2,1123,1123,1123,1123
,2025-05-28 21:02:52,27.0,8,54.41671816330384,horario,ppo,1.0,500.0,-3500.0,19-36,rojo,2,1,1124,1124,1124,1124
,2025-05-28 21:03:34,1.0,8,46.54146646984008,antihorario,dalembert,3.0,1500.0,-2000.0,rojo,rojo,1,2,1125,1125,1125,1125
,2025-05-28 21:04:20,30.0,9,50.685502466435246,horario,fibonacci,1.0,500.0,-1500.0,rojo,rojo,1,3,1126,1126,1126,1126
,2025-05-28 21:05:03,7.0,9,48.409967017932814,antihorario,fibonacci,1.0,500.0,-1000.0,rojo,rojo,1,4,1127,1127,1127,1127
,2025-05-28 21:05:47,16.0,9,48.61968106903717,horario,dalembert,1.0,500.0,-500.0,rojo,rojo,1,5,1128,1128,1128,1128
,2025-05-28 21:06:26,7.0,1,49.47076918097753,antihorario,dalembert,1.0,500.0,0.0,rojo,rojo,1,6,1129,1129,1129,1129
,2025-05-28 21:07:08,32.0,1,48.69947875218831,horario,dqn,8.0,4000.0,4000.0,19-36,rojo,1,7,1130,1130,1130,1130
,2025-05-28 21:07:49,10.0,1,50.979267674162585,antihorario,ppo,1.0,-500.0,3500.0,19-36,negro,1,8,1131,1131,1131,1131
,2025-05-28 21:08:34,2.0,8,48.79718406793755,horario,dalembert,2.0,-1000.0,2500.0,19-36,negro,2,1,1132,1132,1132,1132
,2025-05-28 21:09:12,29.0,9,52.13385861474741,antihorario,dqn,8.0,4000.0,6500.0,19-36,negro,3,1,1133,1133,1133,1133
,2025-05-28 21:09:53,36.0,7,52.722933738644485,horario,dqn,8.0,4000.0,10500.0,19-36,rojo,4,1,1134,1134,1134,1134
,2025-05-28 21:10:37,9.0,9,54.59161089150507,antihorario,fibonacci,1.0,500.0,11000.0,rojo,rojo,1,2,1135,1135,1135,1135
,2025-05-28 21:11:11,5.0,9,54.133566167156054,horario,ppo,1.0,-500.0,10500.0,19-36,rojo,1,3,1136,1136,1136,1136
,2025-05-28 21:11:48,29.0,9,58.98068812641838,antihorario,ppo,1.0,500.0,11000.0,19-36,negro,1,4,1137,1137,1137,1137
,2025-05-28 21:12:31,35.0,8,52.8361672896085,horario,ppo,1.0,500.0,11500.0,19-36,negro,2,1,1138,1138,1138,1138
,2025-05-28 21:13:10,17.0,8,47.34900799353477,antihorario,ppo,1.0,-500.0,11000.0,19-36,negro,3,1,1139,1139,1139,1139
,2025-05-28 21:13:56,2.0,8,57.43692628145675,horario,dqn,8.0,-4000.0,7000.0,19-36,negro,4,1,1140,1140,1140,1140
,2025-05-28 21:14:38,14.0,1,59.611151911853426,antihorario,ppo,1.0,-500.0,6500.0,19-36,rojo,5,1,1141,1141,1141,1141
,2025-05-28 21:15:21,17.0,10,56.04579812292474,horario,dalembert,3.0,-1500.0,5000.0,19-36,negro,1,2,1142,1142,1142,1142
,2025-05-28 21:16:06,17.0,1,41.454133610832045,antihorario,fibonacci,1.0,-500.0,4500.0,19-36,negro,2,1,1143,1143,1143,1143
,2025-05-29 08:17:45,2.0,1,49.280018052203005,antihorario,ppo,1.0,-500.0,-500.0,19-36,negro,3,1,1144,1144,1144,1144
,2025-05-29 08:18:25,27.0,1,48.74905296593286,horario,ppo,1.0,500.0,0.0,19-36,rojo,4,1,1145,1145,1145,1145
,2025-05-29 08:19:08,27.0,8,51.351526912340645,antihorario,dqn,1.0,500.0,500.0,19-36,rojo,1,2,1146,1146,1146,1146
,2025-05-29 08:19:49,12.0,10,44.614476038216736,horario,ppo,1.0,-500.0,0.0,19-36,rojo,1,3,1147,1147,1147,1147
,2025-05-29 08:20:31,33.0,10,53.638650122228356,antihorario,dalembert,2.0,1000.0,1000.0,19-36,negro,1,4,1148,1148,1148,1148
,2025-05-29 08:21:16,35.0,7,52.221101146236265,horario,dqn,1.0,500.0,1500.0,19-36,negro,2,1,1149,1149,1149,1149
,2025-05-29 08:21:55,24.0,9,57.9219785919112,antihorario,dqn,1.0,500.0,2000.0,19-36,negro,3,1,1150,1150,1150,1150
,2025-05-29 08:22:37,30.0,9,53.285491768830255,horario,dqn,1.0,500.0,2500.0,19-36,rojo,4,1,1151,1151,1151,1151
,2025-05-29 08:23:18,8.0,7,51.21965005933191,antihorario,dalembert,1.0,-500.0,2000.0,rojo,negro,1,2,1152,1152,1152,1152
,2025-05-29 08:24:01,1.0,7,49.41144127293532,horario,dqn,1.0,-500.0,1500.0,19-36,rojo,2,1,1153,1153,1153,1153
,2025-05-29 08:24:44,19.0,7,56.88518715399999,antihorario,dqn,1.0,500.0,2000.0,19-36,rojo,1,2,1154,1154,1154,1154
,2025-05-29 08:25:21,17.0,8,64.90580564047876,horario,dalembert,1.0,-500.0,1500.0,rojo,negro,1,3,1155,1155,1155,1155
,2025-05-29 08:26:05,8.0,8,62.736365967491395,antihorario,dalembert,2.0,-1000.0,500.0,19-36,negro,2,1,1156,1156,1156,1156
,2025-05-29 08:26:47,13.0,8,52.01155404448282,horario,fibonacci,1.0,-500.0,0.0,19-36,negro,3,1,1157,1157,1157,1157
,2025-05-29 08:27:30,5.0,9,46.49510257527395,antihorario,dqn,1.0,-500.0,-500.0,19-36,rojo,4,1,1158,1158,1158,1158
,2025-05-29 08:28:14,29.0,10,53.66292855011524,horario,fibonacci,2.0,1000.0,500.0,19-36,negro,1,2,1159,1159,1159,1159
,2025-05-29 08:28:58,28.0,12,49.73663831716581,antihorario,dalembert,1.0,-500.0,0.0,rojo,negro,2,1,1160,1160,1160,1160
,2025-05-29 08:29:38,12.0,14,48.028052506081124,horario,ppo,1.0,-500.0,-500.0,19-36,rojo,3,1,1161,1161,1161,1161
,2025-05-29 08:30:19,5.0,12,55.56255673166336,antihorario,dalembert,2.0,-1000.0,-1500.0,19-36,rojo,1,2,1162,1162,1162,1162
,2025-05-29 08:31:04,23.0,12,48.413029298957014,horario,dalembert,3.0,1500.0,0.0,19-36,rojo,1,3,1163,1163,1163,1163
,2025-05-29 08:31:44,13.0,10,52.962804424138426,antihorario,dqn,1.0,-500.0,-500.0,19-36,negro,1,4,1164,1164,1164,1164
,2025-05-29 08:32:25,25.0,1,53.973984714973355,horario,fibonacci,3.0,1500.0,1000.0,19-36,rojo,2,1,1165,1165,1165,1165
,2025-05-29 08:33:06,7.0,10,49.07314456932099,antihorario,ppo,1.0,-500.0,500.0,19-36,rojo,1,2,1166,1166,1166,1166
,2025-05-29 08:33:50,35.0,9,54.105231429944325,horario,fibonacci,5.0,2500.0,3000.0,19-36,negro,1,3,1167,1167,1167,1167
,2025-05-29 08:34:33,17.0,9,53.637526883148084,antihorario,ppo,1.0,-500.0,2500.0,19-36,negro,2,1,1168,1168,1168,1168
,2025-05-29 08:35:16,35.0,10,55.02003184141106,horario,dalembert,4.0,2000.0,4500.0,19-36,negro,3,1,1169,1169,1169,1169
,2025-05-29 08:35:58,31.0,1,51.03485315059905,antihorario,dalembert,3.0,-1500.0,3000.0,rojo,negro,4,1,1170,1170,1170,1170
,2025-05-29 08:36:45,29.0,12,50.90996346704668,horario,ppo,1.0,500.0,3500.0,19-36,negro,5,1,1171,1171,1171,1171
,2025-05-29 09:11:56,6.0,14,45.97111657739288,antihorario,,0.0,0.0,0.0,,negro,6,1,1172,1172,1172,1172
,2025-05-29 09:32:18,28.0,12,58.74385644681128,horario,,0.0,0.0,0.0,,negro,7,1,1173,1173,1173,1173
,2025-05-29 09:53:06,14.0,1,58.26057025372734,horario,,0.0,0.0,0.0,,rojo,8,1,1174,1174,1174,1174
