state_dir_bin,state_jugadores,state_pos_0,state_pos_1,state_pos_2,state_pos_3,state_pos_4,state_pos_5,state_pos_6,state_pos_7,state_pos_8,state_pos_9,state_velocidad,accion,recompensa,next_state_dir_bin,next_state_jugadores,next_state_pos_0,next_state_pos_1,next_state_pos_2,next_state_pos_3,next_state_pos_4,next_state_pos_5,next_state_pos_6,next_state_pos_7,next_state_pos_8,next_state_pos_9,next_state_velocidad
1,0.05,0.75,0.3055555555555556,0.3611111111111111,0.5555555555555556,0.7777777777777778,0.75,0.5555555555555556,0.6944444444444444,0.6388888888888888,0.0,0.52804929936508,-1,-1.0,0,0.05,0.3055555555555556,0.3611111111111111,0.5555555555555556,0.7777777777777778,0.75,0.5555555555555556,0.6944444444444444,0.6388888888888888,0.0,0.6111111111111112,0.518958127816666
0,0.05,0.3055555555555556,0.3611111111111111,0.5555555555555556,0.7777777777777778,0.75,0.5555555555555556,0.6944444444444444,0.6388888888888888,0.0,0.6111111111111112,0.518958127816666,1,35.0,1,0.05,0.3611111111111111,0.5555555555555556,0.7777777777777778,0.75,0.5555555555555556,0.6944444444444444,0.6388888888888888,0.0,0.6111111111111112,0.05555555555555555,0.5348802444662529
1,0.05,0.3611111111111111,0.5555555555555556,0.7777777777777778,0.75,0.5555555555555556,0.6944444444444444,0.6388888888888888,0.0,0.6111111111111112,0.05555555555555555,0.5348802444662529,1,-1.0,0,0.6,0.5555555555555556,0.7777777777777778,0.75,0.5555555555555556,0.6944444444444444,0.6388888888888888,0.0,0.6111111111111112,0.05555555555555555,0.5,0.5809156133600887
0,0.6,0.5555555555555556,0.7777777777777778,0.75,0.5555555555555556,0.6944444444444444,0.6388888888888888,0.0,0.6111111111111112,0.05555555555555555,0.5,0.5809156133600887,0,35.0,1,0.6,0.7777777777777778,0.75,0.5555555555555556,0.6944444444444444,0.6388888888888888,0.0,0.6111111111111112,0.05555555555555555,0.5,0.5833333333333334,0.5044467451830907
1,0.6,0.7777777777777778,0.75,0.5555555555555556,0.6944444444444444,0.6388888888888888,0.0,0.6111111111111112,0.05555555555555555,0.5,0.5833333333333334,0.5044467451830907,0,-1.0,0,0.6,0.75,0.5555555555555556,0.6944444444444444,0.6388888888888888,0.0,0.6111111111111112,0.05555555555555555,0.5,0.5833333333333334,0.3055555555555556,0.5152840791661784
0,0.6,0.75,0.5555555555555556,0.6944444444444444,0.6388888888888888,0.0,0.6111111111111112,0.05555555555555555,0.5,0.5833333333333334,0.3055555555555556,0.5152840791661784,1,-1.0,1,0.6,0.5555555555555556,0.6944444444444444,0.6388888888888888,0.0,0.6111111111111112,0.05555555555555555,0.5,0.5833333333333334,0.3055555555555556,0.08333333333333333,0.43072327116708586
1,0.6,0.5555555555555556,0.6944444444444444,0.6388888888888888,0.0,0.6111111111111112,0.05555555555555555,0.5,0.5833333333333334,0.3055555555555556,0.08333333333333333,0.43072327116708586,0,35.0,0,0.6,0.6944444444444444,0.6388888888888888,0.0,0.6111111111111112,0.05555555555555555,0.5,0.5833333333333334,0.3055555555555556,0.08333333333333333,0.4444444444444444,0.562342615624857
0,0.6,0.6944444444444444,0.6388888888888888,0.0,0.6111111111111112,0.05555555555555555,0.5,0.5833333333333334,0.3055555555555556,0.08333333333333333,0.4444444444444444,0.562342615624857,0,-1.0,1,0.6,0.6388888888888888,0.0,0.6111111111111112,0.05555555555555555,0.5,0.5833333333333334,0.3055555555555556,0.08333333333333333,0.4444444444444444,0.4166666666666667,0.5547356991843194
1,0.6,0.6388888888888888,0.0,0.6111111111111112,0.05555555555555555,0.5,0.5833333333333334,0.3055555555555556,0.08333333333333333,0.4444444444444444,0.4166666666666667,0.5547356991843194,1,-1.0,0,0.6,0.0,0.6111111111111112,0.05555555555555555,0.5,0.5833333333333334,0.3055555555555556,0.08333333333333333,0.4444444444444444,0.4166666666666667,0.08333333333333333,0.45323456758792424
0,0.6,0.0,0.6111111111111112,0.05555555555555555,0.5,0.5833333333333334,0.3055555555555556,0.08333333333333333,0.4444444444444444,0.4166666666666667,0.08333333333333333,0.45323456758792424,0,35.0,1,0.6,0.6111111111111112,0.05555555555555555,0.5,0.5833333333333334,0.3055555555555556,0.08333333333333333,0.4444444444444444,0.4166666666666667,0.08333333333333333,0.4444444444444444,0.5388571068272016
1,0.6,0.6111111111111112,0.05555555555555555,0.5,0.5833333333333334,0.3055555555555556,0.08333333333333333,0.4444444444444444,0.4166666666666667,0.08333333333333333,0.4444444444444444,0.5388571068272016,0,-1.0,0,0.6,0.05555555555555555,0.5,0.5833333333333334,0.3055555555555556,0.08333333333333333,0.4444444444444444,0.4166666666666667,0.08333333333333333,0.4444444444444444,0.4722222222222222,0.43027569945705785
0,0.6,0.05555555555555555,0.5,0.5833333333333334,0.3055555555555556,0.08333333333333333,0.4444444444444444,0.4166666666666667,0.08333333333333333,0.4444444444444444,0.4722222222222222,0.43027569945705785,1,-1.0,1,0.6,0.5,0.5833333333333334,0.3055555555555556,0.08333333333333333,0.4444444444444444,0.4166666666666667,0.08333333333333333,0.4444444444444444,0.4722222222222222,0.8333333333333334,0.5675102689631086
1,0.6,0.5,0.5833333333333334,0.3055555555555556,0.08333333333333333,0.4444444444444444,0.4166666666666667,0.08333333333333333,0.4444444444444444,0.4722222222222222,0.8333333333333334,0.5675102689631086,0,35.0,0,0.6,0.5833333333333334,0.3055555555555556,0.08333333333333333,0.4444444444444444,0.4166666666666667,0.08333333333333333,0.4444444444444444,0.4722222222222222,0.8333333333333334,0.5,0.5790950451532266
0,0.6,0.5833333333333334,0.3055555555555556,0.08333333333333333,0.4444444444444444,0.4166666666666667,0.08333333333333333,0.4444444444444444,0.4722222222222222,0.8333333333333334,0.5,0.5790950451532266,0,-1.0,1,0.6,0.3055555555555556,0.08333333333333333,0.4444444444444444,0.4166666666666667,0.08333333333333333,0.4444444444444444,0.4722222222222222,0.8333333333333334,0.5,0.1111111111111111,0.5739179595481805
1,0.6,0.3055555555555556,0.08333333333333333,0.4444444444444444,0.4166666666666667,0.08333333333333333,0.4444444444444444,0.4722222222222222,0.8333333333333334,0.5,0.1111111111111111,0.5739179595481805,1,-1.0,0,0.6,0.08333333333333333,0.4444444444444444,0.4166666666666667,0.08333333333333333,0.4444444444444444,0.4722222222222222,0.8333333333333334,0.5,0.1111111111111111,0.3333333333333333,0.5019884225732507
0,0.6,0.08333333333333333,0.4444444444444444,0.4166666666666667,0.08333333333333333,0.4444444444444444,0.4722222222222222,0.8333333333333334,0.5,0.1111111111111111,0.3333333333333333,0.5019884225732507,0,35.0,1,0.6,0.4444444444444444,0.4166666666666667,0.08333333333333333,0.4444444444444444,0.4722222222222222,0.8333333333333334,0.5,0.1111111111111111,0.3333333333333333,0.027777777777777776,0.4956814000899058
1,0.6,0.4444444444444444,0.4166666666666667,0.08333333333333333,0.4444444444444444,0.4722222222222222,0.8333333333333334,0.5,0.1111111111111111,0.3333333333333333,0.027777777777777776,0.4956814000899058,0,35.0,1,0.0,0.4166666666666667,0.08333333333333333,0.4444444444444444,0.4722222222222222,0.8333333333333334,0.5,0.1111111111111111,0.3333333333333333,0.027777777777777776,0.5277777777777778,0.47901298496170486
1,0.0,0.4166666666666667,0.08333333333333333,0.4444444444444444,0.4722222222222222,0.8333333333333334,0.5,0.1111111111111111,0.3333333333333333,0.027777777777777776,0.5277777777777778,0.47901298496170486,0,35.0,0,0.0,0.08333333333333333,0.4444444444444444,0.4722222222222222,0.8333333333333334,0.5,0.1111111111111111,0.3333333333333333,0.027777777777777776,0.5277777777777778,0.5,0.4909111466892201
0,0.0,0.08333333333333333,0.4444444444444444,0.4722222222222222,0.8333333333333334,0.5,0.1111111111111111,0.3333333333333333,0.027777777777777776,0.5277777777777778,0.5,0.4909111466892201,0,35.0,1,0.0,0.4444444444444444,0.4722222222222222,0.8333333333333334,0.5,0.1111111111111111,0.3333333333333333,0.027777777777777776,0.5277777777777778,0.5,1.0,0.5703589474488708
1,0.0,0.4444444444444444,0.4722222222222222,0.8333333333333334,0.5,0.1111111111111111,0.3333333333333333,0.027777777777777776,0.5277777777777778,0.5,1.0,0.5703589474488708,0,35.0,1,1.4,0.4722222222222222,0.8333333333333334,0.5,0.1111111111111111,0.3333333333333333,0.027777777777777776,0.5277777777777778,0.5,1.0,0.6944444444444444,0.486006525441851
1,1.4,0.4722222222222222,0.8333333333333334,0.5,0.1111111111111111,0.3333333333333333,0.027777777777777776,0.5277777777777778,0.5,1.0,0.6944444444444444,0.486006525441851,0,35.0,0,1.4,0.8333333333333334,0.5,0.1111111111111111,0.3333333333333333,0.027777777777777776,0.5277777777777778,0.5,1.0,0.6944444444444444,0.4444444444444444,0.3166139909675696
0,1.4,0.8333333333333334,0.5,0.1111111111111111,0.3333333333333333,0.027777777777777776,0.5277777777777778,0.5,1.0,0.6944444444444444,0.4444444444444444,0.3166139909675696,0,-1.0,0,0.0,0.5,0.1111111111111111,0.3333333333333333,0.027777777777777776,0.5277777777777778,0.5,1.0,0.6944444444444444,0.4444444444444444,0.6666666666666666,0.468215171599922
0,0.0,0.5,0.1111111111111111,0.3333333333333333,0.027777777777777776,0.5277777777777778,0.5,1.0,0.6944444444444444,0.4444444444444444,0.6666666666666666,0.468215171599922,1,35.0,0,0.0,0.1111111111111111,0.3333333333333333,0.027777777777777776,0.5277777777777778,0.5,1.0,0.6944444444444444,0.4444444444444444,0.6666666666666666,0.7222222222222222,0.4332702726086685
0,0.0,0.1111111111111111,0.3333333333333333,0.027777777777777776,0.5277777777777778,0.5,1.0,0.6944444444444444,0.4444444444444444,0.6666666666666666,0.7222222222222222,0.4332702726086685,1,35.0,0,0.0,0.3333333333333333,0.027777777777777776,0.5277777777777778,0.5,1.0,0.6944444444444444,0.4444444444444444,0.6666666666666666,0.7222222222222222,0.16666666666666666,0.525519133767759
0,0.0,0.3333333333333333,0.027777777777777776,0.5277777777777778,0.5,1.0,0.6944444444444444,0.4444444444444444,0.6666666666666666,0.7222222222222222,0.16666666666666666,0.525519133767759,1,-1.0,1,0.0,0.027777777777777776,0.5277777777777778,0.5,1.0,0.6944444444444444,0.4444444444444444,0.6666666666666666,0.7222222222222222,0.16666666666666666,0.4444444444444444,0.4971062578432512
1,0.0,0.027777777777777776,0.5277777777777778,0.5,1.0,0.6944444444444444,0.4444444444444444,0.6666666666666666,0.7222222222222222,0.16666666666666666,0.4444444444444444,0.4971062578432512,0,-1.0,0,3.9,0.5277777777777778,0.5,1.0,0.6944444444444444,0.4444444444444444,0.6666666666666666,0.7222222222222222,0.16666666666666666,0.4444444444444444,0.6111111111111112,0.4367185612761564
0,3.9,0.5277777777777778,0.5,1.0,0.6944444444444444,0.4444444444444444,0.6666666666666666,0.7222222222222222,0.16666666666666666,0.4444444444444444,0.6111111111111112,0.4367185612761564,1,-1.0,1,3.9,0.5,1.0,0.6944444444444444,0.4444444444444444,0.6666666666666666,0.7222222222222222,0.16666666666666666,0.4444444444444444,0.6111111111111112,0.19444444444444445,0.5740922945768099
1,3.9,0.5,1.0,0.6944444444444444,0.4444444444444444,0.6666666666666666,0.7222222222222222,0.16666666666666666,0.4444444444444444,0.6111111111111112,0.19444444444444445,0.5740922945768099,0,35.0,1,1.9,1.0,0.6944444444444444,0.4444444444444444,0.6666666666666666,0.7222222222222222,0.16666666666666666,0.4444444444444444,0.6111111111111112,0.19444444444444445,0.3888888888888889,0.621052431082115
1,1.9,1.0,0.6944444444444444,0.4444444444444444,0.6666666666666666,0.7222222222222222,0.16666666666666666,0.4444444444444444,0.6111111111111112,0.19444444444444445,0.3888888888888889,0.621052431082115,0,35.0,1,1.9,0.6944444444444444,0.4444444444444444,0.6666666666666666,0.7222222222222222,0.16666666666666666,0.4444444444444444,0.6111111111111112,0.19444444444444445,0.3888888888888889,0.3888888888888889,0.52558194400523
1,1.9,0.6944444444444444,0.4444444444444444,0.6666666666666666,0.7222222222222222,0.16666666666666666,0.4444444444444444,0.6111111111111112,0.19444444444444445,0.3888888888888889,0.3888888888888889,0.52558194400523,0,-1.0,0,1.4,0.4444444444444444,0.6666666666666666,0.7222222222222222,0.16666666666666666,0.4444444444444444,0.6111111111111112,0.19444444444444445,0.3888888888888889,0.3888888888888889,0.16666666666666666,0.6040026547362172
0,1.4,0.4444444444444444,0.6666666666666666,0.7222222222222222,0.16666666666666666,0.4444444444444444,0.6111111111111112,0.19444444444444445,0.3888888888888889,0.3888888888888889,0.16666666666666666,0.6040026547362172,1,35.0,1,0.75,0.6666666666666666,0.7222222222222222,0.16666666666666666,0.4444444444444444,0.6111111111111112,0.19444444444444445,0.3888888888888889,0.3888888888888889,0.16666666666666666,0.4166666666666667,0.5625938556449955
1,0.75,0.6666666666666666,0.7222222222222222,0.16666666666666666,0.4444444444444444,0.6111111111111112,0.19444444444444445,0.3888888888888889,0.3888888888888889,0.16666666666666666,0.4166666666666667,0.5625938556449955,1,35.0,1,0.55,0.7222222222222222,0.16666666666666666,0.4444444444444444,0.6111111111111112,0.19444444444444445,0.3888888888888889,0.3888888888888889,0.16666666666666666,0.4166666666666667,0.4722222222222222,0.46391029088217534
1,0.55,0.7222222222222222,0.16666666666666666,0.4444444444444444,0.6111111111111112,0.19444444444444445,0.3888888888888889,0.3888888888888889,0.16666666666666666,0.4166666666666667,0.4722222222222222,0.46391029088217534,1,-1.0,0,0.75,0.16666666666666666,0.4444444444444444,0.6111111111111112,0.19444444444444445,0.3888888888888889,0.3888888888888889,0.16666666666666666,0.4166666666666667,0.4722222222222222,0.75,0.5918241471678463
0,0.75,0.16666666666666666,0.4444444444444444,0.6111111111111112,0.19444444444444445,0.3888888888888889,0.3888888888888889,0.16666666666666666,0.4166666666666667,0.4722222222222222,0.75,0.5918241471678463,0,35.0,1,0.75,0.4444444444444444,0.6111111111111112,0.19444444444444445,0.3888888888888889,0.3888888888888889,0.16666666666666666,0.4166666666666667,0.4722222222222222,0.75,0.4444444444444444,0.4659209159039845
1,0.75,0.4444444444444444,0.6111111111111112,0.19444444444444445,0.3888888888888889,0.3888888888888889,0.16666666666666666,0.4166666666666667,0.4722222222222222,0.75,0.4444444444444444,0.4659209159039845,0,-1.0,0,0.75,0.6111111111111112,0.19444444444444445,0.3888888888888889,0.3888888888888889,0.16666666666666666,0.4166666666666667,0.4722222222222222,0.75,0.4444444444444444,0.0,0.5850157486699866
0,0.75,0.6111111111111112,0.19444444444444445,0.3888888888888889,0.3888888888888889,0.16666666666666666,0.4166666666666667,0.4722222222222222,0.75,0.4444444444444444,0.0,0.5850157486699866,-1,-1.0,1,0.75,0.19444444444444445,0.3888888888888889,0.3888888888888889,0.16666666666666666,0.4166666666666667,0.4722222222222222,0.75,0.4444444444444444,0.0,0.75,0.5255979128180792
1,0.75,0.19444444444444445,0.3888888888888889,0.3888888888888889,0.16666666666666666,0.4166666666666667,0.4722222222222222,0.75,0.4444444444444444,0.0,0.75,0.5255979128180792,0,35.0,0,0.75,0.3888888888888889,0.3888888888888889,0.16666666666666666,0.4166666666666667,0.4722222222222222,0.75,0.4444444444444444,0.0,0.75,0.19444444444444445,0.48450357158487667
0,0.75,0.3888888888888889,0.3888888888888889,0.16666666666666666,0.4166666666666667,0.4722222222222222,0.75,0.4444444444444444,0.0,0.75,0.19444444444444445,0.48450357158487667,0,35.0,0,0.75,0.3888888888888889,0.16666666666666666,0.4166666666666667,0.4722222222222222,0.75,0.4444444444444444,0.0,0.75,0.19444444444444445,0.6388888888888888,0.584098759212868
0,0.75,0.3888888888888889,0.16666666666666666,0.4166666666666667,0.4722222222222222,0.75,0.4444444444444444,0.0,0.75,0.19444444444444445,0.6388888888888888,0.584098759212868,0,35.0,1,0.75,0.16666666666666666,0.4166666666666667,0.4722222222222222,0.75,0.4444444444444444,0.0,0.75,0.19444444444444445,0.6388888888888888,0.19444444444444445,0.47402873871899437
1,0.75,0.16666666666666666,0.4166666666666667,0.4722222222222222,0.75,0.4444444444444444,0.0,0.75,0.19444444444444445,0.6388888888888888,0.19444444444444445,0.47402873871899437,0,35.0,1,0.75,0.4166666666666667,0.4722222222222222,0.75,0.4444444444444444,0.0,0.75,0.19444444444444445,0.6388888888888888,0.19444444444444445,0.027777777777777776,0.43764795278161805
1,0.75,0.4166666666666667,0.4722222222222222,0.75,0.4444444444444444,0.0,0.75,0.19444444444444445,0.6388888888888888,0.19444444444444445,0.027777777777777776,0.43764795278161805,0,35.0,0,0.75,0.4722222222222222,0.75,0.4444444444444444,0.0,0.75,0.19444444444444445,0.6388888888888888,0.19444444444444445,0.027777777777777776,0.5277777777777778,0.637558930605725
0,0.75,0.4722222222222222,0.75,0.4444444444444444,0.0,0.75,0.19444444444444445,0.6388888888888888,0.19444444444444445,0.027777777777777776,0.5277777777777778,0.637558930605725,0,-1.0,1,0.5,0.75,0.4444444444444444,0.0,0.75,0.19444444444444445,0.6388888888888888,0.19444444444444445,0.027777777777777776,0.5277777777777778,0.2777777777777778,0.5586206540700357
1,0.5,0.75,0.4444444444444444,0.0,0.75,0.19444444444444445,0.6388888888888888,0.19444444444444445,0.027777777777777776,0.5277777777777778,0.2777777777777778,0.5586206540700357,1,-1.0,0,0.5,0.4444444444444444,0.0,0.75,0.19444444444444445,0.6388888888888888,0.19444444444444445,0.027777777777777776,0.5277777777777778,0.2777777777777778,0.6944444444444444,0.585330999629389
0,0.5,0.4444444444444444,0.0,0.75,0.19444444444444445,0.6388888888888888,0.19444444444444445,0.027777777777777776,0.5277777777777778,0.2777777777777778,0.6944444444444444,0.585330999629389,0,35.0,1,0.75,0.0,0.75,0.19444444444444445,0.6388888888888888,0.19444444444444445,0.027777777777777776,0.5277777777777778,0.2777777777777778,0.6944444444444444,0.8333333333333334,0.499499117613609
1,0.75,0.0,0.75,0.19444444444444445,0.6388888888888888,0.19444444444444445,0.027777777777777776,0.5277777777777778,0.2777777777777778,0.6944444444444444,0.8333333333333334,0.499499117613609,0,35.0,0,0.75,0.75,0.19444444444444445,0.6388888888888888,0.19444444444444445,0.027777777777777776,0.5277777777777778,0.2777777777777778,0.6944444444444444,0.8333333333333334,0.19444444444444445,0.46545875329026365
0,0.75,0.75,0.19444444444444445,0.6388888888888888,0.19444444444444445,0.027777777777777776,0.5277777777777778,0.2777777777777778,0.6944444444444444,0.8333333333333334,0.19444444444444445,0.46545875329026365,0,35.0,1,0.65,0.19444444444444445,0.6388888888888888,0.19444444444444445,0.027777777777777776,0.5277777777777778,0.2777777777777778,0.6944444444444444,0.8333333333333334,0.19444444444444445,0.5833333333333334,0.4896249348783851
1,0.65,0.19444444444444445,0.6388888888888888,0.19444444444444445,0.027777777777777776,0.5277777777777778,0.2777777777777778,0.6944444444444444,0.8333333333333334,0.19444444444444445,0.5833333333333334,0.4896249348783851,0,35.0,0,0.75,0.6388888888888888,0.19444444444444445,0.027777777777777776,0.5277777777777778,0.2777777777777778,0.6944444444444444,0.8333333333333334,0.19444444444444445,0.5833333333333334,0.5277777777777778,0.5002727611207569
0,0.75,0.6388888888888888,0.19444444444444445,0.027777777777777776,0.5277777777777778,0.2777777777777778,0.6944444444444444,0.8333333333333334,0.19444444444444445,0.5833333333333334,0.5277777777777778,0.5002727611207569,0,35.0,1,0.75,0.19444444444444445,0.027777777777777776,0.5277777777777778,0.2777777777777778,0.6944444444444444,0.8333333333333334,0.19444444444444445,0.5833333333333334,0.5277777777777778,0.6388888888888888,0.5728831930743974
1,0.75,0.19444444444444445,0.027777777777777776,0.5277777777777778,0.2777777777777778,0.6944444444444444,0.8333333333333334,0.19444444444444445,0.5833333333333334,0.5277777777777778,0.6388888888888888,0.5728831930743974,0,-1.0,0,0.75,0.027777777777777776,0.5277777777777778,0.2777777777777778,0.6944444444444444,0.8333333333333334,0.19444444444444445,0.5833333333333334,0.5277777777777778,0.6388888888888888,0.3611111111111111,0.6224879744062904
0,0.75,0.027777777777777776,0.5277777777777778,0.2777777777777778,0.6944444444444444,0.8333333333333334,0.19444444444444445,0.5833333333333334,0.5277777777777778,0.6388888888888888,0.3611111111111111,0.6224879744062904,1,35.0,1,0.75,0.5277777777777778,0.2777777777777778,0.6944444444444444,0.8333333333333334,0.19444444444444445,0.5833333333333334,0.5277777777777778,0.6388888888888888,0.3611111111111111,0.6666666666666666,0.46523537011986094
1,0.75,0.5277777777777778,0.2777777777777778,0.6944444444444444,0.8333333333333334,0.19444444444444445,0.5833333333333334,0.5277777777777778,0.6388888888888888,0.3611111111111111,0.6666666666666666,0.46523537011986094,1,35.0,0,0.8,0.2777777777777778,0.6944444444444444,0.8333333333333334,0.19444444444444445,0.5833333333333334,0.5277777777777778,0.6388888888888888,0.3611111111111111,0.6666666666666666,0.8611111111111112,0.5418306100659899
0,0.8,0.2777777777777778,0.6944444444444444,0.8333333333333334,0.19444444444444445,0.5833333333333334,0.5277777777777778,0.6388888888888888,0.3611111111111111,0.6666666666666666,0.8611111111111112,0.5418306100659899,1,35.0,1,0.75,0.6944444444444444,0.8333333333333334,0.19444444444444445,0.5833333333333334,0.5277777777777778,0.6388888888888888,0.3611111111111111,0.6666666666666666,0.8611111111111112,0.9166666666666666,0.4747333127798242
1,0.75,0.6944444444444444,0.8333333333333334,0.19444444444444445,0.5833333333333334,0.5277777777777778,0.6388888888888888,0.3611111111111111,0.6666666666666666,0.8611111111111112,0.9166666666666666,0.4747333127798242,1,35.0,0,0.8,0.8333333333333334,0.19444444444444445,0.5833333333333334,0.5277777777777778,0.6388888888888888,0.3611111111111111,0.6666666666666666,0.8611111111111112,0.9166666666666666,0.8611111111111112,0.4969974456879925
0,0.8,0.8333333333333334,0.19444444444444445,0.5833333333333334,0.5277777777777778,0.6388888888888888,0.3611111111111111,0.6666666666666666,0.8611111111111112,0.9166666666666666,0.8611111111111112,0.4969974456879925,1,-1.0,1,0.75,0.19444444444444445,0.5833333333333334,0.5277777777777778,0.6388888888888888,0.3611111111111111,0.6666666666666666,0.8611111111111112,0.9166666666666666,0.8611111111111112,0.5277777777777778,0.46082892453281
1,0.75,0.19444444444444445,0.5833333333333334,0.5277777777777778,0.6388888888888888,0.3611111111111111,0.6666666666666666,0.8611111111111112,0.9166666666666666,0.8611111111111112,0.5277777777777778,0.46082892453281,0,35.0,0,0.75,0.5833333333333334,0.5277777777777778,0.6388888888888888,0.3611111111111111,0.6666666666666666,0.8611111111111112,0.9166666666666666,0.8611111111111112,0.5277777777777778,0.5277777777777778,0.48576056642433163
0,0.75,0.5833333333333334,0.5277777777777778,0.6388888888888888,0.3611111111111111,0.6666666666666666,0.8611111111111112,0.9166666666666666,0.8611111111111112,0.5277777777777778,0.5277777777777778,0.48576056642433163,0,35.0,1,0.9,0.5277777777777778,0.6388888888888888,0.3611111111111111,0.6666666666666666,0.8611111111111112,0.9166666666666666,0.8611111111111112,0.5277777777777778,0.5277777777777778,0.9444444444444444,0.4940681902689732
1,0.9,0.5277777777777778,0.6388888888888888,0.3611111111111111,0.6666666666666666,0.8611111111111112,0.9166666666666666,0.8611111111111112,0.5277777777777778,0.5277777777777778,0.9444444444444444,0.4940681902689732,0,35.0,0,0.75,0.6388888888888888,0.3611111111111111,0.6666666666666666,0.8611111111111112,0.9166666666666666,0.8611111111111112,0.5277777777777778,0.5277777777777778,0.9444444444444444,0.25,0.46559646734748716
0,0.75,0.6388888888888888,0.3611111111111111,0.6666666666666666,0.8611111111111112,0.9166666666666666,0.8611111111111112,0.5277777777777778,0.5277777777777778,0.9444444444444444,0.25,0.46559646734748716,0,35.0,0,0.0,0.3611111111111111,0.6666666666666666,0.8611111111111112,0.9166666666666666,0.8611111111111112,0.5277777777777778,0.5277777777777778,0.9444444444444444,0.25,0.8888888888888888,0.49143525044629915
0,0.0,0.3611111111111111,0.6666666666666666,0.8611111111111112,0.9166666666666666,0.8611111111111112,0.5277777777777778,0.5277777777777778,0.9444444444444444,0.25,0.8888888888888888,0.49143525044629915,0,35.0,0,0.9,0.6666666666666666,0.8611111111111112,0.9166666666666666,0.8611111111111112,0.5277777777777778,0.5277777777777778,0.9444444444444444,0.25,0.8888888888888888,0.9444444444444444,0.6323899247869744
0,0.9,0.6666666666666666,0.8611111111111112,0.9166666666666666,0.8611111111111112,0.5277777777777778,0.5277777777777778,0.9444444444444444,0.25,0.8888888888888888,0.9444444444444444,0.6323899247869744,0,-1.0,1,1.0,0.8611111111111112,0.9166666666666666,0.8611111111111112,0.5277777777777778,0.5277777777777778,0.9444444444444444,0.25,0.8888888888888888,0.9444444444444444,0.8611111111111112,0.5859639931129929
1,1.0,0.8611111111111112,0.9166666666666666,0.8611111111111112,0.5277777777777778,0.5277777777777778,0.9444444444444444,0.25,0.8888888888888888,0.9444444444444444,0.8611111111111112,0.5859639931129929,1,35.0,1,0.95,0.9166666666666666,0.8611111111111112,0.5277777777777778,0.5277777777777778,0.9444444444444444,0.25,0.8888888888888888,0.9444444444444444,0.8611111111111112,0.6666666666666666,0.598591462766004
1,0.95,0.9166666666666666,0.8611111111111112,0.5277777777777778,0.5277777777777778,0.9444444444444444,0.25,0.8888888888888888,0.9444444444444444,0.8611111111111112,0.6666666666666666,0.598591462766004,1,35.0,0,0.5,0.8611111111111112,0.5277777777777778,0.5277777777777778,0.9444444444444444,0.25,0.8888888888888888,0.9444444444444444,0.8611111111111112,0.6666666666666666,0.8611111111111112,0.5521964513663051
0,0.5,0.8611111111111112,0.5277777777777778,0.5277777777777778,0.9444444444444444,0.25,0.8888888888888888,0.9444444444444444,0.8611111111111112,0.6666666666666666,0.8611111111111112,0.5521964513663051,1,35.0,1,0.8,0.5277777777777778,0.5277777777777778,0.9444444444444444,0.25,0.8888888888888888,0.9444444444444444,0.8611111111111112,0.6666666666666666,0.8611111111111112,0.4166666666666667,0.5436841576873589
1,0.8,0.5277777777777778,0.5277777777777778,0.9444444444444444,0.25,0.8888888888888888,0.9444444444444444,0.8611111111111112,0.6666666666666666,0.8611111111111112,0.4166666666666667,0.5436841576873589,1,-1.0,0,0.75,0.5277777777777778,0.9444444444444444,0.25,0.8888888888888888,0.9444444444444444,0.8611111111111112,0.6666666666666666,0.8611111111111112,0.4166666666666667,0.3888888888888889,0.4681384173383008
0,0.75,0.5277777777777778,0.9444444444444444,0.25,0.8888888888888888,0.9444444444444444,0.8611111111111112,0.6666666666666666,0.8611111111111112,0.4166666666666667,0.3888888888888889,0.4681384173383008,0,35.0,1,0.8,0.9444444444444444,0.25,0.8888888888888888,0.9444444444444444,0.8611111111111112,0.6666666666666666,0.8611111111111112,0.4166666666666667,0.3888888888888889,0.1388888888888889,0.4645886916716332
1,0.8,0.9444444444444444,0.25,0.8888888888888888,0.9444444444444444,0.8611111111111112,0.6666666666666666,0.8611111111111112,0.4166666666666667,0.3888888888888889,0.1388888888888889,0.4645886916716332,0,35.0,0,0.5,0.25,0.8888888888888888,0.9444444444444444,0.8611111111111112,0.6666666666666666,0.8611111111111112,0.4166666666666667,0.3888888888888889,0.1388888888888889,0.1388888888888889,0.494678331131966
0,0.5,0.25,0.8888888888888888,0.9444444444444444,0.8611111111111112,0.6666666666666666,0.8611111111111112,0.4166666666666667,0.3888888888888889,0.1388888888888889,0.1388888888888889,0.494678331131966,0,-1.0,0,0.65,0.8888888888888888,0.9444444444444444,0.8611111111111112,0.6666666666666666,0.8611111111111112,0.4166666666666667,0.3888888888888889,0.1388888888888889,0.1388888888888889,0.9722222222222222,0.62918047782222
0,0.65,0.8888888888888888,0.9444444444444444,0.8611111111111112,0.6666666666666666,0.8611111111111112,0.4166666666666667,0.3888888888888889,0.1388888888888889,0.1388888888888889,0.9722222222222222,0.62918047782222,1,35.0,1,0.65,0.9444444444444444,0.8611111111111112,0.6666666666666666,0.8611111111111112,0.4166666666666667,0.3888888888888889,0.1388888888888889,0.1388888888888889,0.9722222222222222,0.9722222222222222,0.590613692515957
1,0.65,0.9444444444444444,0.8611111111111112,0.6666666666666666,0.8611111111111112,0.4166666666666667,0.3888888888888889,0.1388888888888889,0.1388888888888889,0.9722222222222222,0.9722222222222222,0.590613692515957,1,-1.0,0,0.5,0.8611111111111112,0.6666666666666666,0.8611111111111112,0.4166666666666667,0.3888888888888889,0.1388888888888889,0.1388888888888889,0.9722222222222222,0.9722222222222222,0.0,0.5585548891954469
0,0.5,0.8611111111111112,0.6666666666666666,0.8611111111111112,0.4166666666666667,0.3888888888888889,0.1388888888888889,0.1388888888888889,0.9722222222222222,0.9722222222222222,0.0,0.5585548891954469,-1,-1.0,0,0.65,0.6666666666666666,0.8611111111111112,0.4166666666666667,0.3888888888888889,0.1388888888888889,0.1388888888888889,0.9722222222222222,0.9722222222222222,0.0,0.8888888888888888,0.6964126728244555
0,0.65,0.6666666666666666,0.8611111111111112,0.4166666666666667,0.3888888888888889,0.1388888888888889,0.1388888888888889,0.9722222222222222,0.9722222222222222,0.0,0.8888888888888888,0.6964126728244555,0,35.0,0,0.0,0.8611111111111112,0.4166666666666667,0.3888888888888889,0.1388888888888889,0.1388888888888889,0.9722222222222222,0.9722222222222222,0.0,0.8888888888888888,0.6944444444444444,0.5076923205507816
0,0.0,0.8611111111111112,0.4166666666666667,0.3888888888888889,0.1388888888888889,0.1388888888888889,0.9722222222222222,0.9722222222222222,0.0,0.8888888888888888,0.6944444444444444,0.5076923205507816,0,-1.0,1,0.9,0.4166666666666667,0.3888888888888889,0.1388888888888889,0.1388888888888889,0.9722222222222222,0.9722222222222222,0.0,0.8888888888888888,0.6944444444444444,0.4166666666666667,0.514822723018976
1,0.9,0.4166666666666667,0.3888888888888889,0.1388888888888889,0.1388888888888889,0.9722222222222222,0.9722222222222222,0.0,0.8888888888888888,0.6944444444444444,0.4166666666666667,0.514822723018976,1,-1.0,1,0.9,0.3888888888888889,0.1388888888888889,0.1388888888888889,0.9722222222222222,0.9722222222222222,0.0,0.8888888888888888,0.6944444444444444,0.4166666666666667,0.19444444444444445,0.4937058093246926
1,0.9,0.3888888888888889,0.1388888888888889,0.1388888888888889,0.9722222222222222,0.9722222222222222,0.0,0.8888888888888888,0.6944444444444444,0.4166666666666667,0.19444444444444445,0.4937058093246926,0,-1.0,1,0.95,0.1388888888888889,0.1388888888888889,0.9722222222222222,0.9722222222222222,0.0,0.8888888888888888,0.6944444444444444,0.4166666666666667,0.19444444444444445,0.3055555555555556,0.44043570871738646
1,0.95,0.1388888888888889,0.1388888888888889,0.9722222222222222,0.9722222222222222,0.0,0.8888888888888888,0.6944444444444444,0.4166666666666667,0.19444444444444445,0.3055555555555556,0.44043570871738646,1,-1.0,0,0.95,0.1388888888888889,0.9722222222222222,0.9722222222222222,0.0,0.8888888888888888,0.6944444444444444,0.4166666666666667,0.19444444444444445,0.3055555555555556,0.25,0.5423531492068081
0,0.95,0.1388888888888889,0.9722222222222222,0.9722222222222222,0.0,0.8888888888888888,0.6944444444444444,0.4166666666666667,0.19444444444444445,0.3055555555555556,0.25,0.5423531492068081,0,35.0,1,0.5,0.9722222222222222,0.9722222222222222,0.0,0.8888888888888888,0.6944444444444444,0.4166666666666667,0.19444444444444445,0.3055555555555556,0.25,0.5833333333333334,0.5087580618179098
1,0.5,0.9722222222222222,0.9722222222222222,0.0,0.8888888888888888,0.6944444444444444,0.4166666666666667,0.19444444444444445,0.3055555555555556,0.25,0.5833333333333334,0.5087580618179098,0,-1.0,0,0.5,0.9722222222222222,0.0,0.8888888888888888,0.6944444444444444,0.4166666666666667,0.19444444444444445,0.3055555555555556,0.25,0.5833333333333334,0.7777777777777778,0.5624980451923094
0,0.5,0.9722222222222222,0.0,0.8888888888888888,0.6944444444444444,0.4166666666666667,0.19444444444444445,0.3055555555555556,0.25,0.5833333333333334,0.7777777777777778,0.5624980451923094,1,-1.0,1,0.75,0.0,0.8888888888888888,0.6944444444444444,0.4166666666666667,0.19444444444444445,0.3055555555555556,0.25,0.5833333333333334,0.7777777777777778,0.027777777777777776,0.6060418360992194
1,0.75,0.0,0.8888888888888888,0.6944444444444444,0.4166666666666667,0.19444444444444445,0.3055555555555556,0.25,0.5833333333333334,0.7777777777777778,0.027777777777777776,0.6060418360992194,0,-1.0,0,0.8,0.8888888888888888,0.6944444444444444,0.4166666666666667,0.19444444444444445,0.3055555555555556,0.25,0.5833333333333334,0.7777777777777778,0.027777777777777776,0.8611111111111112,0.4514355027137396
0,0.8,0.8888888888888888,0.6944444444444444,0.4166666666666667,0.19444444444444445,0.3055555555555556,0.25,0.5833333333333334,0.7777777777777778,0.027777777777777776,0.8611111111111112,0.4514355027137396,1,-1.0,1,0.5,0.6944444444444444,0.4166666666666667,0.19444444444444445,0.3055555555555556,0.25,0.5833333333333334,0.7777777777777778,0.027777777777777776,0.8611111111111112,0.027777777777777776,0.4959737691752783
1,0.5,0.6944444444444444,0.4166666666666667,0.19444444444444445,0.3055555555555556,0.25,0.5833333333333334,0.7777777777777778,0.027777777777777776,0.8611111111111112,0.027777777777777776,0.4959737691752783,0,35.0,0,1.0,0.4166666666666667,0.19444444444444445,0.3055555555555556,0.25,0.5833333333333334,0.7777777777777778,0.027777777777777776,0.8611111111111112,0.027777777777777776,0.4444444444444444,0.5296965530299451
0,1.0,0.4166666666666667,0.19444444444444445,0.3055555555555556,0.25,0.5833333333333334,0.7777777777777778,0.027777777777777776,0.8611111111111112,0.027777777777777776,0.4444444444444444,0.5296965530299451,0,-1.0,1,0.75,0.19444444444444445,0.3055555555555556,0.25,0.5833333333333334,0.7777777777777778,0.027777777777777776,0.8611111111111112,0.027777777777777776,0.4444444444444444,0.4166666666666667,0.562843691045488
1,0.75,0.19444444444444445,0.3055555555555556,0.25,0.5833333333333334,0.7777777777777778,0.027777777777777776,0.8611111111111112,0.027777777777777776,0.4444444444444444,0.4166666666666667,0.562843691045488,1,-1.0,1,0.65,0.3055555555555556,0.25,0.5833333333333334,0.7777777777777778,0.027777777777777776,0.8611111111111112,0.027777777777777776,0.4444444444444444,0.4166666666666667,0.6388888888888888,0.4538481989487733
1,0.65,0.3055555555555556,0.25,0.5833333333333334,0.7777777777777778,0.027777777777777776,0.8611111111111112,0.027777777777777776,0.4444444444444444,0.4166666666666667,0.6388888888888888,0.4538481989487733,0,35.0,1,0.5,0.25,0.5833333333333334,0.7777777777777778,0.027777777777777776,0.8611111111111112,0.027777777777777776,0.4444444444444444,0.4166666666666667,0.6388888888888888,0.19444444444444445,0.5722042313818659
1,0.5,0.25,0.5833333333333334,0.7777777777777778,0.027777777777777776,0.8611111111111112,0.027777777777777776,0.4444444444444444,0.4166666666666667,0.6388888888888888,0.19444444444444445,0.5722042313818659,0,35.0,0,0.5,0.5833333333333334,0.7777777777777778,0.027777777777777776,0.8611111111111112,0.027777777777777776,0.4444444444444444,0.4166666666666667,0.6388888888888888,0.19444444444444445,0.25,0.5554420316824197
0,0.5,0.5833333333333334,0.7777777777777778,0.027777777777777776,0.8611111111111112,0.027777777777777776,0.4444444444444444,0.4166666666666667,0.6388888888888888,0.19444444444444445,0.25,0.5554420316824197,0,35.0,1,0.5,0.7777777777777778,0.027777777777777776,0.8611111111111112,0.027777777777777776,0.4444444444444444,0.4166666666666667,0.6388888888888888,0.19444444444444445,0.25,0.08333333333333333,0.4786109664003195
1,0.5,0.7777777777777778,0.027777777777777776,0.8611111111111112,0.027777777777777776,0.4444444444444444,0.4166666666666667,0.6388888888888888,0.19444444444444445,0.25,0.08333333333333333,0.4786109664003195,0,-1.0,0,0.5,0.027777777777777776,0.8611111111111112,0.027777777777777776,0.4444444444444444,0.4166666666666667,0.6388888888888888,0.19444444444444445,0.25,0.08333333333333333,0.3611111111111111,0.44539960941820106
0,0.5,0.027777777777777776,0.8611111111111112,0.027777777777777776,0.4444444444444444,0.4166666666666667,0.6388888888888888,0.19444444444444445,0.25,0.08333333333333333,0.3611111111111111,0.44539960941820106,1,35.0,1,0.5,0.8611111111111112,0.027777777777777776,0.4444444444444444,0.4166666666666667,0.6388888888888888,0.19444444444444445,0.25,0.08333333333333333,0.3611111111111111,0.4166666666666667,0.4653566118218108
1,0.5,0.8611111111111112,0.027777777777777776,0.4444444444444444,0.4166666666666667,0.6388888888888888,0.19444444444444445,0.25,0.08333333333333333,0.3611111111111111,0.4166666666666667,0.4653566118218108,1,35.0,1,0.0,0.027777777777777776,0.4444444444444444,0.4166666666666667,0.6388888888888888,0.19444444444444445,0.25,0.08333333333333333,0.3611111111111111,0.4166666666666667,0.4166666666666667,0.45382989899044196
1,0.0,0.027777777777777776,0.4444444444444444,0.4166666666666667,0.6388888888888888,0.19444444444444445,0.25,0.08333333333333333,0.3611111111111111,0.4166666666666667,0.4166666666666667,0.45382989899044196,1,-1.0,0,0.65,0.4444444444444444,0.4166666666666667,0.6388888888888888,0.19444444444444445,0.25,0.08333333333333333,0.3611111111111111,0.4166666666666667,0.4166666666666667,0.8888888888888888,0.38752375946016615
0,0.65,0.4444444444444444,0.4166666666666667,0.6388888888888888,0.19444444444444445,0.25,0.08333333333333333,0.3611111111111111,0.4166666666666667,0.4166666666666667,0.8888888888888888,0.38752375946016615,0,35.0,1,0.5,0.4166666666666667,0.6388888888888888,0.19444444444444445,0.25,0.08333333333333333,0.3611111111111111,0.4166666666666667,0.4166666666666667,0.8888888888888888,0.8333333333333334,0.4825015121732866
1,0.5,0.4166666666666667,0.6388888888888888,0.19444444444444445,0.25,0.08333333333333333,0.3611111111111111,0.4166666666666667,0.4166666666666667,0.8888888888888888,0.8333333333333334,0.4825015121732866,0,35.0,0,0.5,0.6388888888888888,0.19444444444444445,0.25,0.08333333333333333,0.3611111111111111,0.4166666666666667,0.4166666666666667,0.8888888888888888,0.8333333333333334,0.5,0.48731413130383106
0,0.5,0.6388888888888888,0.19444444444444445,0.25,0.08333333333333333,0.3611111111111111,0.4166666666666667,0.4166666666666667,0.8888888888888888,0.8333333333333334,0.5,0.48731413130383106,0,-1.0,1,0.5,0.19444444444444445,0.25,0.08333333333333333,0.3611111111111111,0.4166666666666667,0.4166666666666667,0.8888888888888888,0.8333333333333334,0.5,0.7777777777777778,0.4574212364423888
1,0.5,0.19444444444444445,0.25,0.08333333333333333,0.3611111111111111,0.4166666666666667,0.4166666666666667,0.8888888888888888,0.8333333333333334,0.5,0.7777777777777778,0.4574212364423888,1,35.0,0,0.55,0.25,0.08333333333333333,0.3611111111111111,0.4166666666666667,0.4166666666666667,0.8888888888888888,0.8333333333333334,0.5,0.7777777777777778,0.8611111111111112,0.5194119373020424
0,0.55,0.25,0.08333333333333333,0.3611111111111111,0.4166666666666667,0.4166666666666667,0.8888888888888888,0.8333333333333334,0.5,0.7777777777777778,0.8611111111111112,0.5194119373020424,1,-1.0,0,0.0,0.08333333333333333,0.3611111111111111,0.4166666666666667,0.4166666666666667,0.8888888888888888,0.8333333333333334,0.5,0.7777777777777778,0.8611111111111112,0.6944444444444444,0.37277290799676505
0,0.0,0.08333333333333333,0.3611111111111111,0.4166666666666667,0.4166666666666667,0.8888888888888888,0.8333333333333334,0.5,0.7777777777777778,0.8611111111111112,0.6944444444444444,0.37277290799676505,0,-1.0,1,0.0,0.3611111111111111,0.4166666666666667,0.4166666666666667,0.8888888888888888,0.8333333333333334,0.5,0.7777777777777778,0.8611111111111112,0.6944444444444444,0.4166666666666667,0.5326898128217497
1,0.0,0.3611111111111111,0.4166666666666667,0.4166666666666667,0.8888888888888888,0.8333333333333334,0.5,0.7777777777777778,0.8611111111111112,0.6944444444444444,0.4166666666666667,0.5326898128217497,1,35.0,0,0.0,0.4166666666666667,0.4166666666666667,0.8888888888888888,0.8333333333333334,0.5,0.7777777777777778,0.8611111111111112,0.6944444444444444,0.4166666666666667,0.6111111111111112,0.4632701395016688
0,0.0,0.4166666666666667,0.4166666666666667,0.8888888888888888,0.8333333333333334,0.5,0.7777777777777778,0.8611111111111112,0.6944444444444444,0.4166666666666667,0.6111111111111112,0.4632701395016688,1,35.0,1,0.0,0.4166666666666667,0.8888888888888888,0.8333333333333334,0.5,0.7777777777777778,0.8611111111111112,0.6944444444444444,0.4166666666666667,0.6111111111111112,0.2777777777777778,0.5417918195658651
1,0.0,0.4166666666666667,0.8888888888888888,0.8333333333333334,0.5,0.7777777777777778,0.8611111111111112,0.6944444444444444,0.4166666666666667,0.6111111111111112,0.2777777777777778,0.5417918195658651,1,-1.0,0,0.0,0.8888888888888888,0.8333333333333334,0.5,0.7777777777777778,0.8611111111111112,0.6944444444444444,0.4166666666666667,0.6111111111111112,0.2777777777777778,0.6944444444444444,0.55878448783859
0,0.0,0.8888888888888888,0.8333333333333334,0.5,0.7777777777777778,0.8611111111111112,0.6944444444444444,0.4166666666666667,0.6111111111111112,0.2777777777777778,0.6944444444444444,0.55878448783859,0,-1.0,1,0.0,0.8333333333333334,0.5,0.7777777777777778,0.8611111111111112,0.6944444444444444,0.4166666666666667,0.6111111111111112,0.2777777777777778,0.6944444444444444,0.6111111111111112,0.5038531534947183
1,0.0,0.8333333333333334,0.5,0.7777777777777778,0.8611111111111112,0.6944444444444444,0.4166666666666667,0.6111111111111112,0.2777777777777778,0.6944444444444444,0.6111111111111112,0.5038531534947183,1,-1.0,0,0.0,0.5,0.7777777777777778,0.8611111111111112,0.6944444444444444,0.4166666666666667,0.6111111111111112,0.2777777777777778,0.6944444444444444,0.6111111111111112,0.6944444444444444,0.4698849110497946
0,0.0,0.5,0.7777777777777778,0.8611111111111112,0.6944444444444444,0.4166666666666667,0.6111111111111112,0.2777777777777778,0.6944444444444444,0.6111111111111112,0.6944444444444444,0.4698849110497946,0,-1.0,1,0.0,0.7777777777777778,0.8611111111111112,0.6944444444444444,0.4166666666666667,0.6111111111111112,0.2777777777777778,0.6944444444444444,0.6111111111111112,0.6944444444444444,0.8611111111111112,0.45177421403265666
1,0.0,0.7777777777777778,0.8611111111111112,0.6944444444444444,0.4166666666666667,0.6111111111111112,0.2777777777777778,0.6944444444444444,0.6111111111111112,0.6944444444444444,0.8611111111111112,0.45177421403265666,1,35.0,0,0.5,0.8611111111111112,0.6944444444444444,0.4166666666666667,0.6111111111111112,0.2777777777777778,0.6944444444444444,0.6111111111111112,0.6944444444444444,0.8611111111111112,0.6666666666666666,0.5340727430822265
0,0.5,0.8611111111111112,0.6944444444444444,0.4166666666666667,0.6111111111111112,0.2777777777777778,0.6944444444444444,0.6111111111111112,0.6944444444444444,0.8611111111111112,0.6666666666666666,0.5340727430822265,1,35.0,1,0.5,0.6944444444444444,0.4166666666666667,0.6111111111111112,0.2777777777777778,0.6944444444444444,0.6111111111111112,0.6944444444444444,0.8611111111111112,0.6666666666666666,0.7222222222222222,0.47298678827811963
1,0.5,0.6944444444444444,0.4166666666666667,0.6111111111111112,0.2777777777777778,0.6944444444444444,0.6111111111111112,0.6944444444444444,0.8611111111111112,0.6666666666666666,0.7222222222222222,0.47298678827811963,1,35.0,0,0.5,0.4166666666666667,0.6111111111111112,0.2777777777777778,0.6944444444444444,0.6111111111111112,0.6944444444444444,0.8611111111111112,0.6666666666666666,0.7222222222222222,0.7777777777777778,0.4632848195788571
0,0.5,0.4166666666666667,0.6111111111111112,0.2777777777777778,0.6944444444444444,0.6111111111111112,0.6944444444444444,0.8611111111111112,0.6666666666666666,0.7222222222222222,0.7777777777777778,0.4632848195788571,1,35.0,1,0.65,0.6111111111111112,0.2777777777777778,0.6944444444444444,0.6111111111111112,0.6944444444444444,0.8611111111111112,0.6666666666666666,0.7222222222222222,0.7777777777777778,0.8611111111111112,0.5519151159297417
1,0.65,0.6111111111111112,0.2777777777777778,0.6944444444444444,0.6111111111111112,0.6944444444444444,0.8611111111111112,0.6666666666666666,0.7222222222222222,0.7777777777777778,0.8611111111111112,0.5519151159297417,1,-1.0,0,0.5,0.2777777777777778,0.6944444444444444,0.6111111111111112,0.6944444444444444,0.8611111111111112,0.6666666666666666,0.7222222222222222,0.7777777777777778,0.8611111111111112,0.0,0.5288625338108176
0,0.5,0.2777777777777778,0.6944444444444444,0.6111111111111112,0.6944444444444444,0.8611111111111112,0.6666666666666666,0.7222222222222222,0.7777777777777778,0.8611111111111112,0.0,0.5288625338108176,-1,-1.0,0,0.5,0.6944444444444444,0.6111111111111112,0.6944444444444444,0.8611111111111112,0.6666666666666666,0.7222222222222222,0.7777777777777778,0.8611111111111112,0.0,0.08333333333333333,0.42948642551885885
0,0.5,0.6944444444444444,0.6111111111111112,0.6944444444444444,0.8611111111111112,0.6666666666666666,0.7222222222222222,0.7777777777777778,0.8611111111111112,0.0,0.08333333333333333,0.42948642551885885,0,35.0,0,0.6,0.6111111111111112,0.6944444444444444,0.8611111111111112,0.6666666666666666,0.7222222222222222,0.7777777777777778,0.8611111111111112,0.0,0.08333333333333333,0.9444444444444444,0.5624578465577473
0,0.6,0.6111111111111112,0.6944444444444444,0.8611111111111112,0.6666666666666666,0.7222222222222222,0.7777777777777778,0.8611111111111112,0.0,0.08333333333333333,0.9444444444444444,0.5624578465577473,0,35.0,1,0.5,0.6944444444444444,0.8611111111111112,0.6666666666666666,0.7222222222222222,0.7777777777777778,0.8611111111111112,0.0,0.08333333333333333,0.9444444444444444,0.5277777777777778,0.4339066468713022
1,0.5,0.6944444444444444,0.8611111111111112,0.6666666666666666,0.7222222222222222,0.7777777777777778,0.8611111111111112,0.0,0.08333333333333333,0.9444444444444444,0.5277777777777778,0.4339066468713022,0,35.0,1,0.65,0.8611111111111112,0.6666666666666666,0.7222222222222222,0.7777777777777778,0.8611111111111112,0.0,0.08333333333333333,0.9444444444444444,0.5277777777777778,0.5833333333333334,0.5643871104379112
1,0.65,0.8611111111111112,0.6666666666666666,0.7222222222222222,0.7777777777777778,0.8611111111111112,0.0,0.08333333333333333,0.9444444444444444,0.5277777777777778,0.5833333333333334,0.5643871104379112,0,-1.0,0,0.5,0.6666666666666666,0.7222222222222222,0.7777777777777778,0.8611111111111112,0.0,0.08333333333333333,0.9444444444444444,0.5277777777777778,0.5833333333333334,0.9722222222222222,0.42260903608878353
0,0.5,0.6666666666666666,0.7222222222222222,0.7777777777777778,0.8611111111111112,0.0,0.08333333333333333,0.9444444444444444,0.5277777777777778,0.5833333333333334,0.9722222222222222,0.42260903608878353,1,35.0,1,0.0,0.7222222222222222,0.7777777777777778,0.8611111111111112,0.0,0.08333333333333333,0.9444444444444444,0.5277777777777778,0.5833333333333334,0.9722222222222222,0.9166666666666666,0.49429291218704074
1,0.0,0.7222222222222222,0.7777777777777778,0.8611111111111112,0.0,0.08333333333333333,0.9444444444444444,0.5277777777777778,0.5833333333333334,0.9722222222222222,0.9166666666666666,0.49429291218704074,1,-1.0,0,0.0,0.7777777777777778,0.8611111111111112,0.0,0.08333333333333333,0.9444444444444444,0.5277777777777778,0.5833333333333334,0.9722222222222222,0.9166666666666666,0.5833333333333334,0.4931350006786079
0,0.0,0.7777777777777778,0.8611111111111112,0.0,0.08333333333333333,0.9444444444444444,0.5277777777777778,0.5833333333333334,0.9722222222222222,0.9166666666666666,0.5833333333333334,0.4931350006786079,0,-1.0,1,0.0,0.8611111111111112,0.0,0.08333333333333333,0.9444444444444444,0.5277777777777778,0.5833333333333334,0.9722222222222222,0.9166666666666666,0.5833333333333334,0.3611111111111111,0.46191321850282785
1,0.0,0.8611111111111112,0.0,0.08333333333333333,0.9444444444444444,0.5277777777777778,0.5833333333333334,0.9722222222222222,0.9166666666666666,0.5833333333333334,0.3611111111111111,0.46191321850282785,1,35.0,0,0.0,0.0,0.08333333333333333,0.9444444444444444,0.5277777777777778,0.5833333333333334,0.9722222222222222,0.9166666666666666,0.5833333333333334,0.3611111111111111,0.1111111111111111,0.4619894140520418
0,0.0,0.0,0.08333333333333333,0.9444444444444444,0.5277777777777778,0.5833333333333334,0.9722222222222222,0.9166666666666666,0.5833333333333334,0.3611111111111111,0.1111111111111111,0.4619894140520418,1,35.0,0,0.5,0.08333333333333333,0.9444444444444444,0.5277777777777778,0.5833333333333334,0.9722222222222222,0.9166666666666666,0.5833333333333334,0.3611111111111111,0.1111111111111111,0.8055555555555556,0.6279690802138697
0,0.5,0.08333333333333333,0.9444444444444444,0.5277777777777778,0.5833333333333334,0.9722222222222222,0.9166666666666666,0.5833333333333334,0.3611111111111111,0.1111111111111111,0.8055555555555556,0.6279690802138697,1,-1.0,1,0.65,0.9444444444444444,0.5277777777777778,0.5833333333333334,0.9722222222222222,0.9166666666666666,0.5833333333333334,0.3611111111111111,0.1111111111111111,0.8055555555555556,0.3333333333333333,0.5370127861817849
1,0.65,0.9444444444444444,0.5277777777777778,0.5833333333333334,0.9722222222222222,0.9166666666666666,0.5833333333333334,0.3611111111111111,0.1111111111111111,0.8055555555555556,0.3333333333333333,0.5370127861817849,0,-1.0,0,0.5,0.5277777777777778,0.5833333333333334,0.9722222222222222,0.9166666666666666,0.5833333333333334,0.3611111111111111,0.1111111111111111,0.8055555555555556,0.3333333333333333,0.6111111111111112,0.5294835538676491
0,0.5,0.5277777777777778,0.5833333333333334,0.9722222222222222,0.9166666666666666,0.5833333333333334,0.3611111111111111,0.1111111111111111,0.8055555555555556,0.3333333333333333,0.6111111111111112,0.5294835538676491,1,-1.0,1,0.6,0.5833333333333334,0.9722222222222222,0.9166666666666666,0.5833333333333334,0.3611111111111111,0.1111111111111111,0.8055555555555556,0.3333333333333333,0.6111111111111112,0.6388888888888888,0.45761472293301186
1,0.6,0.5833333333333334,0.9722222222222222,0.9166666666666666,0.5833333333333334,0.3611111111111111,0.1111111111111111,0.8055555555555556,0.3333333333333333,0.6111111111111112,0.6388888888888888,0.45761472293301186,0,-1.0,1,0.5,0.9722222222222222,0.9166666666666666,0.5833333333333334,0.3611111111111111,0.1111111111111111,0.8055555555555556,0.3333333333333333,0.6111111111111112,0.6388888888888888,0.4166666666666667,0.5099344821136521
1,0.5,0.9722222222222222,0.9166666666666666,0.5833333333333334,0.3611111111111111,0.1111111111111111,0.8055555555555556,0.3333333333333333,0.6111111111111112,0.6388888888888888,0.4166666666666667,0.5099344821136521,1,-1.0,0,0.6,0.9166666666666666,0.5833333333333334,0.3611111111111111,0.1111111111111111,0.8055555555555556,0.3333333333333333,0.6111111111111112,0.6388888888888888,0.4166666666666667,0.6388888888888888,0.4478395893968796
0,0.6,0.9166666666666666,0.5833333333333334,0.3611111111111111,0.1111111111111111,0.8055555555555556,0.3333333333333333,0.6111111111111112,0.6388888888888888,0.4166666666666667,0.6388888888888888,0.4478395893968796,0,35.0,1,0.5,0.5833333333333334,0.3611111111111111,0.1111111111111111,0.8055555555555556,0.3333333333333333,0.6111111111111112,0.6388888888888888,0.4166666666666667,0.6388888888888888,0.3888888888888889,0.4496749064221905
1,0.5,0.5833333333333334,0.3611111111111111,0.1111111111111111,0.8055555555555556,0.3333333333333333,0.6111111111111112,0.6388888888888888,0.4166666666666667,0.6388888888888888,0.3888888888888889,0.4496749064221905,0,-1.0,0,0.5,0.3611111111111111,0.1111111111111111,0.8055555555555556,0.3333333333333333,0.6111111111111112,0.6388888888888888,0.4166666666666667,0.6388888888888888,0.3888888888888889,0.05555555555555555,0.4561639297872248
0,0.5,0.3611111111111111,0.1111111111111111,0.8055555555555556,0.3333333333333333,0.6111111111111112,0.6388888888888888,0.4166666666666667,0.6388888888888888,0.3888888888888889,0.05555555555555555,0.4561639297872248,1,-1.0,1,0.5,0.1111111111111111,0.8055555555555556,0.3333333333333333,0.6111111111111112,0.6388888888888888,0.4166666666666667,0.6388888888888888,0.3888888888888889,0.05555555555555555,0.027777777777777776,0.4055489300858669
1,0.5,0.1111111111111111,0.8055555555555556,0.3333333333333333,0.6111111111111112,0.6388888888888888,0.4166666666666667,0.6388888888888888,0.3888888888888889,0.05555555555555555,0.027777777777777776,0.4055489300858669,0,-1.0,0,0.5,0.8055555555555556,0.3333333333333333,0.6111111111111112,0.6388888888888888,0.4166666666666667,0.6388888888888888,0.3888888888888889,0.05555555555555555,0.027777777777777776,0.7777777777777778,0.3904965915989534
0,0.5,0.8055555555555556,0.3333333333333333,0.6111111111111112,0.6388888888888888,0.4166666666666667,0.6388888888888888,0.3888888888888889,0.05555555555555555,0.027777777777777776,0.7777777777777778,0.3904965915989534,1,-1.0,1,0.5,0.3333333333333333,0.6111111111111112,0.6388888888888888,0.4166666666666667,0.6388888888888888,0.3888888888888889,0.05555555555555555,0.027777777777777776,0.7777777777777778,0.1388888888888889,0.5344316948081334
1,0.5,0.3333333333333333,0.6111111111111112,0.6388888888888888,0.4166666666666667,0.6388888888888888,0.3888888888888889,0.05555555555555555,0.027777777777777776,0.7777777777777778,0.1388888888888889,0.5344316948081334,0,35.0,0,0.5,0.6111111111111112,0.6388888888888888,0.4166666666666667,0.6388888888888888,0.3888888888888889,0.05555555555555555,0.027777777777777776,0.7777777777777778,0.1388888888888889,0.25,0.6839938716677745
0,0.5,0.6111111111111112,0.6388888888888888,0.4166666666666667,0.6388888888888888,0.3888888888888889,0.05555555555555555,0.027777777777777776,0.7777777777777778,0.1388888888888889,0.25,0.6839938716677745,0,35.0,1,0.5,0.6388888888888888,0.4166666666666667,0.6388888888888888,0.3888888888888889,0.05555555555555555,0.027777777777777776,0.7777777777777778,0.1388888888888889,0.25,0.1388888888888889,0.5982786323831858
1,0.5,0.6388888888888888,0.4166666666666667,0.6388888888888888,0.3888888888888889,0.05555555555555555,0.027777777777777776,0.7777777777777778,0.1388888888888889,0.25,0.1388888888888889,0.5982786323831858,0,35.0,0,0.5,0.4166666666666667,0.6388888888888888,0.3888888888888889,0.05555555555555555,0.027777777777777776,0.7777777777777778,0.1388888888888889,0.25,0.1388888888888889,0.8888888888888888,0.5942464891810204
0,0.5,0.4166666666666667,0.6388888888888888,0.3888888888888889,0.05555555555555555,0.027777777777777776,0.7777777777777778,0.1388888888888889,0.25,0.1388888888888889,0.8888888888888888,0.5942464891810204,0,35.0,1,0.5,0.6388888888888888,0.3888888888888889,0.05555555555555555,0.027777777777777776,0.7777777777777778,0.1388888888888889,0.25,0.1388888888888889,0.8888888888888888,0.5277777777777778,0.435336022527253
1,0.5,0.6388888888888888,0.3888888888888889,0.05555555555555555,0.027777777777777776,0.7777777777777778,0.1388888888888889,0.25,0.1388888888888889,0.8888888888888888,0.5277777777777778,0.435336022527253,0,-1.0,0,0.5,0.3888888888888889,0.05555555555555555,0.027777777777777776,0.7777777777777778,0.1388888888888889,0.25,0.1388888888888889,0.8888888888888888,0.5277777777777778,0.7777777777777778,0.5451785105921327
0,0.5,0.3888888888888889,0.05555555555555555,0.027777777777777776,0.7777777777777778,0.1388888888888889,0.25,0.1388888888888889,0.8888888888888888,0.5277777777777778,0.7777777777777778,0.5451785105921327,1,-1.0,1,0.5,0.05555555555555555,0.027777777777777776,0.7777777777777778,0.1388888888888889,0.25,0.1388888888888889,0.8888888888888888,0.5277777777777778,0.7777777777777778,0.19444444444444445,0.6011086439862674
1,0.5,0.05555555555555555,0.027777777777777776,0.7777777777777778,0.1388888888888889,0.25,0.1388888888888889,0.8888888888888888,0.5277777777777778,0.7777777777777778,0.19444444444444445,0.6011086439862674,0,-1.0,0,0.5,0.027777777777777776,0.7777777777777778,0.1388888888888889,0.25,0.1388888888888889,0.8888888888888888,0.5277777777777778,0.7777777777777778,0.19444444444444445,0.7777777777777778,0.6220016398904502
0,0.5,0.027777777777777776,0.7777777777777778,0.1388888888888889,0.25,0.1388888888888889,0.8888888888888888,0.5277777777777778,0.7777777777777778,0.19444444444444445,0.7777777777777778,0.6220016398904502,1,35.0,1,0.5,0.7777777777777778,0.1388888888888889,0.25,0.1388888888888889,0.8888888888888888,0.5277777777777778,0.7777777777777778,0.19444444444444445,0.7777777777777778,0.3055555555555556,0.47335035509530604
1,0.5,0.7777777777777778,0.1388888888888889,0.25,0.1388888888888889,0.8888888888888888,0.5277777777777778,0.7777777777777778,0.19444444444444445,0.7777777777777778,0.3055555555555556,0.47335035509530604,1,35.0,0,0.5,0.1388888888888889,0.25,0.1388888888888889,0.8888888888888888,0.5277777777777778,0.7777777777777778,0.19444444444444445,0.7777777777777778,0.3055555555555556,0.05555555555555555,0.5553371604374716
0,0.5,0.1388888888888889,0.25,0.1388888888888889,0.8888888888888888,0.5277777777777778,0.7777777777777778,0.19444444444444445,0.7777777777777778,0.3055555555555556,0.05555555555555555,0.5553371604374716,1,-1.0,1,0.5,0.25,0.1388888888888889,0.8888888888888888,0.5277777777777778,0.7777777777777778,0.19444444444444445,0.7777777777777778,0.3055555555555556,0.05555555555555555,0.4444444444444444,0.6041225837503998
1,0.5,0.25,0.1388888888888889,0.8888888888888888,0.5277777777777778,0.7777777777777778,0.19444444444444445,0.7777777777777778,0.3055555555555556,0.05555555555555555,0.4444444444444444,0.6041225837503998,0,-1.0,0,0.5,0.1388888888888889,0.8888888888888888,0.5277777777777778,0.7777777777777778,0.19444444444444445,0.7777777777777778,0.3055555555555556,0.05555555555555555,0.4444444444444444,0.3611111111111111,0.4876677975441783
0,0.5,0.1388888888888889,0.8888888888888888,0.5277777777777778,0.7777777777777778,0.19444444444444445,0.7777777777777778,0.3055555555555556,0.05555555555555555,0.4444444444444444,0.3611111111111111,0.4876677975441783,1,35.0,1,0.5,0.8888888888888888,0.5277777777777778,0.7777777777777778,0.19444444444444445,0.7777777777777778,0.3055555555555556,0.05555555555555555,0.4444444444444444,0.3611111111111111,0.8055555555555556,0.47726955661977377
1,0.5,0.8888888888888888,0.5277777777777778,0.7777777777777778,0.19444444444444445,0.7777777777777778,0.3055555555555556,0.05555555555555555,0.4444444444444444,0.3611111111111111,0.8055555555555556,0.47726955661977377,1,35.0,0,0.5,0.5277777777777778,0.7777777777777778,0.19444444444444445,0.7777777777777778,0.3055555555555556,0.05555555555555555,0.4444444444444444,0.3611111111111111,0.8055555555555556,0.3055555555555556,0.5594109357804605
0,0.5,0.5277777777777778,0.7777777777777778,0.19444444444444445,0.7777777777777778,0.3055555555555556,0.05555555555555555,0.4444444444444444,0.3611111111111111,0.8055555555555556,0.3055555555555556,0.5594109357804605,1,-1.0,1,0.5,0.7777777777777778,0.19444444444444445,0.7777777777777778,0.3055555555555556,0.05555555555555555,0.4444444444444444,0.3611111111111111,0.8055555555555556,0.3055555555555556,0.8888888888888888,0.5324186196352177
1,0.5,0.7777777777777778,0.19444444444444445,0.7777777777777778,0.3055555555555556,0.05555555555555555,0.4444444444444444,0.3611111111111111,0.8055555555555556,0.3055555555555556,0.8888888888888888,0.5324186196352177,0,-1.0,0,0.5,0.19444444444444445,0.7777777777777778,0.3055555555555556,0.05555555555555555,0.4444444444444444,0.3611111111111111,0.8055555555555556,0.3055555555555556,0.8888888888888888,0.4166666666666667,0.47620215703961494
0,0.5,0.19444444444444445,0.7777777777777778,0.3055555555555556,0.05555555555555555,0.4444444444444444,0.3611111111111111,0.8055555555555556,0.3055555555555556,0.8888888888888888,0.4166666666666667,0.47620215703961494,1,35.0,1,0.5,0.7777777777777778,0.3055555555555556,0.05555555555555555,0.4444444444444444,0.3611111111111111,0.8055555555555556,0.3055555555555556,0.8888888888888888,0.4166666666666667,0.7222222222222222,0.5827377955906656
1,0.5,0.7777777777777778,0.3055555555555556,0.05555555555555555,0.4444444444444444,0.3611111111111111,0.8055555555555556,0.3055555555555556,0.8888888888888888,0.4166666666666667,0.7222222222222222,0.5827377955906656,1,35.0,0,0.5,0.3055555555555556,0.05555555555555555,0.4444444444444444,0.3611111111111111,0.8055555555555556,0.3055555555555556,0.8888888888888888,0.4166666666666667,0.7222222222222222,0.1111111111111111,0.5335922510944215
0,0.5,0.3055555555555556,0.05555555555555555,0.4444444444444444,0.3611111111111111,0.8055555555555556,0.3055555555555556,0.8888888888888888,0.4166666666666667,0.7222222222222222,0.1111111111111111,0.5335922510944215,1,35.0,1,0.5,0.05555555555555555,0.4444444444444444,0.3611111111111111,0.8055555555555556,0.3055555555555556,0.8888888888888888,0.4166666666666667,0.7222222222222222,0.1111111111111111,0.2222222222222222,0.5979884891160263
1,0.5,0.05555555555555555,0.4444444444444444,0.3611111111111111,0.8055555555555556,0.3055555555555556,0.8888888888888888,0.4166666666666667,0.7222222222222222,0.1111111111111111,0.2222222222222222,0.5979884891160263,1,-1.0,1,0.5,0.4444444444444444,0.3611111111111111,0.8055555555555556,0.3055555555555556,0.8888888888888888,0.4166666666666667,0.7222222222222222,0.1111111111111111,0.2222222222222222,0.19444444444444445,0.49812858134714644
1,0.5,0.4444444444444444,0.3611111111111111,0.8055555555555556,0.3055555555555556,0.8888888888888888,0.4166666666666667,0.7222222222222222,0.1111111111111111,0.2222222222222222,0.19444444444444445,0.49812858134714644,0,35.0,0,0.5,0.3611111111111111,0.8055555555555556,0.3055555555555556,0.8888888888888888,0.4166666666666667,0.7222222222222222,0.1111111111111111,0.2222222222222222,0.19444444444444445,0.6388888888888888,0.4986790095704052
0,0.5,0.3611111111111111,0.8055555555555556,0.3055555555555556,0.8888888888888888,0.4166666666666667,0.7222222222222222,0.1111111111111111,0.2222222222222222,0.19444444444444445,0.6388888888888888,0.4986790095704052,0,-1.0,1,0.5,0.8055555555555556,0.3055555555555556,0.8888888888888888,0.4166666666666667,0.7222222222222222,0.1111111111111111,0.2222222222222222,0.19444444444444445,0.6388888888888888,0.5555555555555556,0.40457655841666906
1,0.5,0.8055555555555556,0.3055555555555556,0.8888888888888888,0.4166666666666667,0.7222222222222222,0.1111111111111111,0.2222222222222222,0.19444444444444445,0.6388888888888888,0.5555555555555556,0.40457655841666906,1,35.0,0,0.5,0.3055555555555556,0.8888888888888888,0.4166666666666667,0.7222222222222222,0.1111111111111111,0.2222222222222222,0.19444444444444445,0.6388888888888888,0.5555555555555556,0.2222222222222222,0.448181239397232
0,0.5,0.3055555555555556,0.8888888888888888,0.4166666666666667,0.7222222222222222,0.1111111111111111,0.2222222222222222,0.19444444444444445,0.6388888888888888,0.5555555555555556,0.2222222222222222,0.448181239397232,1,-1.0,1,0.5,0.8888888888888888,0.4166666666666667,0.7222222222222222,0.1111111111111111,0.2222222222222222,0.19444444444444445,0.6388888888888888,0.5555555555555556,0.2222222222222222,0.08333333333333333,0.4674709399206048
1,0.5,0.8888888888888888,0.4166666666666667,0.7222222222222222,0.1111111111111111,0.2222222222222222,0.19444444444444445,0.6388888888888888,0.5555555555555556,0.2222222222222222,0.08333333333333333,0.4674709399206048,0,-1.0,1,0.5,0.4166666666666667,0.7222222222222222,0.1111111111111111,0.2222222222222222,0.19444444444444445,0.6388888888888888,0.5555555555555556,0.2222222222222222,0.08333333333333333,0.2777777777777778,0.5494183382961458
1,0.5,0.4166666666666667,0.7222222222222222,0.1111111111111111,0.2222222222222222,0.19444444444444445,0.6388888888888888,0.5555555555555556,0.2222222222222222,0.08333333333333333,0.2777777777777778,0.5494183382961458,1,35.0,0,0.55,0.7222222222222222,0.1111111111111111,0.2222222222222222,0.19444444444444445,0.6388888888888888,0.5555555555555556,0.2222222222222222,0.08333333333333333,0.2777777777777778,0.3055555555555556,0.5096425388097244
0,0.55,0.7222222222222222,0.1111111111111111,0.2222222222222222,0.19444444444444445,0.6388888888888888,0.5555555555555556,0.2222222222222222,0.08333333333333333,0.2777777777777778,0.3055555555555556,0.5096425388097244,1,35.0,1,0.5,0.1111111111111111,0.2222222222222222,0.19444444444444445,0.6388888888888888,0.5555555555555556,0.2222222222222222,0.08333333333333333,0.2777777777777778,0.3055555555555556,0.6666666666666666,0.4851592570552662
1,0.5,0.1111111111111111,0.2222222222222222,0.19444444444444445,0.6388888888888888,0.5555555555555556,0.2222222222222222,0.08333333333333333,0.2777777777777778,0.3055555555555556,0.6666666666666666,0.4851592570552662,1,35.0,0,0.65,0.2222222222222222,0.19444444444444445,0.6388888888888888,0.5555555555555556,0.2222222222222222,0.08333333333333333,0.2777777777777778,0.3055555555555556,0.6666666666666666,0.5555555555555556,0.5043758851702365
0,0.65,0.2222222222222222,0.19444444444444445,0.6388888888888888,0.5555555555555556,0.2222222222222222,0.08333333333333333,0.2777777777777778,0.3055555555555556,0.6666666666666666,0.5555555555555556,0.5043758851702365,1,35.0,1,0.5,0.19444444444444445,0.6388888888888888,0.5555555555555556,0.2222222222222222,0.08333333333333333,0.2777777777777778,0.3055555555555556,0.6666666666666666,0.5555555555555556,0.05555555555555555,0.5315590702328974
1,0.5,0.19444444444444445,0.6388888888888888,0.5555555555555556,0.2222222222222222,0.08333333333333333,0.2777777777777778,0.3055555555555556,0.6666666666666666,0.5555555555555556,0.05555555555555555,0.5315590702328974,1,35.0,0,0.65,0.6388888888888888,0.5555555555555556,0.2222222222222222,0.08333333333333333,0.2777777777777778,0.3055555555555556,0.6666666666666666,0.5555555555555556,0.05555555555555555,0.6111111111111112,0.5869005910556041
0,0.65,0.6388888888888888,0.5555555555555556,0.2222222222222222,0.08333333333333333,0.2777777777777778,0.3055555555555556,0.6666666666666666,0.5555555555555556,0.05555555555555555,0.6111111111111112,0.5869005910556041,1,-1.0,1,0.5,0.5555555555555556,0.2222222222222222,0.08333333333333333,0.2777777777777778,0.3055555555555556,0.6666666666666666,0.5555555555555556,0.05555555555555555,0.6111111111111112,0.9444444444444444,0.5214511691134579
1,0.5,0.5555555555555556,0.2222222222222222,0.08333333333333333,0.2777777777777778,0.3055555555555556,0.6666666666666666,0.5555555555555556,0.05555555555555555,0.6111111111111112,0.9444444444444444,0.5214511691134579,0,35.0,0,0.5,0.2222222222222222,0.08333333333333333,0.2777777777777778,0.3055555555555556,0.6666666666666666,0.5555555555555556,0.05555555555555555,0.6111111111111112,0.9444444444444444,0.8888888888888888,0.37064639686548384
0,0.5,0.2222222222222222,0.08333333333333333,0.2777777777777778,0.3055555555555556,0.6666666666666666,0.5555555555555556,0.05555555555555555,0.6111111111111112,0.9444444444444444,0.8888888888888888,0.37064639686548384,0,35.0,1,0.5,0.08333333333333333,0.2777777777777778,0.3055555555555556,0.6666666666666666,0.5555555555555556,0.05555555555555555,0.6111111111111112,0.9444444444444444,0.8888888888888888,0.8333333333333334,0.47748362989328447
1,0.5,0.08333333333333333,0.2777777777777778,0.3055555555555556,0.6666666666666666,0.5555555555555556,0.05555555555555555,0.6111111111111112,0.9444444444444444,0.8888888888888888,0.8333333333333334,0.47748362989328447,0,-1.0,0,0.5,0.2777777777777778,0.3055555555555556,0.6666666666666666,0.5555555555555556,0.05555555555555555,0.6111111111111112,0.9444444444444444,0.8888888888888888,0.8333333333333334,0.3611111111111111,0.5527636581446163
0,0.5,0.2777777777777778,0.3055555555555556,0.6666666666666666,0.5555555555555556,0.05555555555555555,0.6111111111111112,0.9444444444444444,0.8888888888888888,0.8333333333333334,0.3611111111111111,0.5527636581446163,1,-1.0,1,0.5,0.3055555555555556,0.6666666666666666,0.5555555555555556,0.05555555555555555,0.6111111111111112,0.9444444444444444,0.8888888888888888,0.8333333333333334,0.3611111111111111,0.75,0.5421384509936508
1,0.5,0.3055555555555556,0.6666666666666666,0.5555555555555556,0.05555555555555555,0.6111111111111112,0.9444444444444444,0.8888888888888888,0.8333333333333334,0.3611111111111111,0.75,0.5421384509936508,0,35.0,0,0.5,0.6666666666666666,0.5555555555555556,0.05555555555555555,0.6111111111111112,0.9444444444444444,0.8888888888888888,0.8333333333333334,0.3611111111111111,0.75,0.027777777777777776,0.5316595983506791
0,0.5,0.6666666666666666,0.5555555555555556,0.05555555555555555,0.6111111111111112,0.9444444444444444,0.8888888888888888,0.8333333333333334,0.3611111111111111,0.75,0.027777777777777776,0.5316595983506791,0,-1.0,1,0.5,0.5555555555555556,0.05555555555555555,0.6111111111111112,0.9444444444444444,0.8888888888888888,0.8333333333333334,0.3611111111111111,0.75,0.027777777777777776,0.8055555555555556,0.4418095882512547
1,0.5,0.5555555555555556,0.05555555555555555,0.6111111111111112,0.9444444444444444,0.8888888888888888,0.8333333333333334,0.3611111111111111,0.75,0.027777777777777776,0.8055555555555556,0.4418095882512547,1,35.0,0,0.5,0.05555555555555555,0.6111111111111112,0.9444444444444444,0.8888888888888888,0.8333333333333334,0.3611111111111111,0.75,0.027777777777777776,0.8055555555555556,0.4722222222222222,0.4872713527558922
0,0.5,0.05555555555555555,0.6111111111111112,0.9444444444444444,0.8888888888888888,0.8333333333333334,0.3611111111111111,0.75,0.027777777777777776,0.8055555555555556,0.4722222222222222,0.4872713527558922,1,-1.0,1,0.5,0.6111111111111112,0.9444444444444444,0.8888888888888888,0.8333333333333334,0.3611111111111111,0.75,0.027777777777777776,0.8055555555555556,0.4722222222222222,0.3333333333333333,0.4036055619810014
1,0.5,0.6111111111111112,0.9444444444444444,0.8888888888888888,0.8333333333333334,0.3611111111111111,0.75,0.027777777777777776,0.8055555555555556,0.4722222222222222,0.3333333333333333,0.4036055619810014,0,-1.0,0,0.5,0.9444444444444444,0.8888888888888888,0.8333333333333334,0.3611111111111111,0.75,0.027777777777777776,0.8055555555555556,0.4722222222222222,0.3333333333333333,0.05555555555555555,0.4770865284791862
0,0.5,0.9444444444444444,0.8888888888888888,0.8333333333333334,0.3611111111111111,0.75,0.027777777777777776,0.8055555555555556,0.4722222222222222,0.3333333333333333,0.05555555555555555,0.4770865284791862,1,35.0,1,0.5,0.8888888888888888,0.8333333333333334,0.3611111111111111,0.75,0.027777777777777776,0.8055555555555556,0.4722222222222222,0.3333333333333333,0.05555555555555555,0.6666666666666666,0.4754087496052419
1,0.5,0.8888888888888888,0.8333333333333334,0.3611111111111111,0.75,0.027777777777777776,0.8055555555555556,0.4722222222222222,0.3333333333333333,0.05555555555555555,0.6666666666666666,0.4754087496052419,1,35.0,1,0.5,0.8333333333333334,0.3611111111111111,0.75,0.027777777777777776,0.8055555555555556,0.4722222222222222,0.3333333333333333,0.05555555555555555,0.6666666666666666,0.7222222222222222,0.6402631865035423
1,0.5,0.8333333333333334,0.3611111111111111,0.75,0.027777777777777776,0.8055555555555556,0.4722222222222222,0.3333333333333333,0.05555555555555555,0.6666666666666666,0.7222222222222222,0.6402631865035423,1,35.0,0,0.5,0.3611111111111111,0.75,0.027777777777777776,0.8055555555555556,0.4722222222222222,0.3333333333333333,0.05555555555555555,0.6666666666666666,0.7222222222222222,0.2777777777777778,0.5844440350244832
0,0.5,0.3611111111111111,0.75,0.027777777777777776,0.8055555555555556,0.4722222222222222,0.3333333333333333,0.05555555555555555,0.6666666666666666,0.7222222222222222,0.2777777777777778,0.5844440350244832,1,35.0,1,0.65,0.75,0.027777777777777776,0.8055555555555556,0.4722222222222222,0.3333333333333333,0.05555555555555555,0.6666666666666666,0.7222222222222222,0.2777777777777778,0.8055555555555556,0.46737429751615706
1,0.65,0.75,0.027777777777777776,0.8055555555555556,0.4722222222222222,0.3333333333333333,0.05555555555555555,0.6666666666666666,0.7222222222222222,0.2777777777777778,0.8055555555555556,0.46737429751615706,1,-1.0,0,0.5,0.027777777777777776,0.8055555555555556,0.4722222222222222,0.3333333333333333,0.05555555555555555,0.6666666666666666,0.7222222222222222,0.2777777777777778,0.8055555555555556,0.1388888888888889,0.5438486540495368
0,0.5,0.027777777777777776,0.8055555555555556,0.4722222222222222,0.3333333333333333,0.05555555555555555,0.6666666666666666,0.7222222222222222,0.2777777777777778,0.8055555555555556,0.1388888888888889,0.5438486540495368,0,-1.0,1,0.55,0.8055555555555556,0.4722222222222222,0.3333333333333333,0.05555555555555555,0.6666666666666666,0.7222222222222222,0.2777777777777778,0.8055555555555556,0.1388888888888889,0.5555555555555556,0.5866915047782756
1,0.55,0.8055555555555556,0.4722222222222222,0.3333333333333333,0.05555555555555555,0.6666666666666666,0.7222222222222222,0.2777777777777778,0.8055555555555556,0.1388888888888889,0.5555555555555556,0.5866915047782756,1,-1.0,0,0.5,0.4722222222222222,0.3333333333333333,0.05555555555555555,0.6666666666666666,0.7222222222222222,0.2777777777777778,0.8055555555555556,0.1388888888888889,0.5555555555555556,0.5833333333333334,0.5350569331860094
0,0.5,0.4722222222222222,0.3333333333333333,0.05555555555555555,0.6666666666666666,0.7222222222222222,0.2777777777777778,0.8055555555555556,0.1388888888888889,0.5555555555555556,0.5833333333333334,0.5350569331860094,0,-1.0,1,0.5,0.3333333333333333,0.05555555555555555,0.6666666666666666,0.7222222222222222,0.2777777777777778,0.8055555555555556,0.1388888888888889,0.5555555555555556,0.5833333333333334,0.05555555555555555,0.4713984679510789
1,0.5,0.3333333333333333,0.05555555555555555,0.6666666666666666,0.7222222222222222,0.2777777777777778,0.8055555555555556,0.1388888888888889,0.5555555555555556,0.5833333333333334,0.05555555555555555,0.4713984679510789,1,-1.0,0,0.5,0.05555555555555555,0.6666666666666666,0.7222222222222222,0.2777777777777778,0.8055555555555556,0.1388888888888889,0.5555555555555556,0.5833333333333334,0.05555555555555555,0.5833333333333334,0.5448538470857865
0,0.5,0.05555555555555555,0.6666666666666666,0.7222222222222222,0.2777777777777778,0.8055555555555556,0.1388888888888889,0.5555555555555556,0.5833333333333334,0.05555555555555555,0.5833333333333334,0.5448538470857865,0,35.0,1,0.5,0.6666666666666666,0.7222222222222222,0.2777777777777778,0.8055555555555556,0.1388888888888889,0.5555555555555556,0.5833333333333334,0.05555555555555555,0.5833333333333334,0.19444444444444445,0.4873764854723032
1,0.5,0.6666666666666666,0.7222222222222222,0.2777777777777778,0.8055555555555556,0.1388888888888889,0.5555555555555556,0.5833333333333334,0.05555555555555555,0.5833333333333334,0.19444444444444445,0.4873764854723032,0,35.0,0,0.5,0.7222222222222222,0.2777777777777778,0.8055555555555556,0.1388888888888889,0.5555555555555556,0.5833333333333334,0.05555555555555555,0.5833333333333334,0.19444444444444445,0.3333333333333333,0.5196537043263969
0,0.5,0.7222222222222222,0.2777777777777778,0.8055555555555556,0.1388888888888889,0.5555555555555556,0.5833333333333334,0.05555555555555555,0.5833333333333334,0.19444444444444445,0.3333333333333333,0.5196537043263969,0,35.0,1,0.5,0.2777777777777778,0.8055555555555556,0.1388888888888889,0.5555555555555556,0.5833333333333334,0.05555555555555555,0.5833333333333334,0.19444444444444445,0.3333333333333333,0.8888888888888888,0.5374290221210307
1,0.5,0.2777777777777778,0.8055555555555556,0.1388888888888889,0.5555555555555556,0.5833333333333334,0.05555555555555555,0.5833333333333334,0.19444444444444445,0.3333333333333333,0.8888888888888888,0.5374290221210307,0,-1.0,0,0.5,0.8055555555555556,0.1388888888888889,0.5555555555555556,0.5833333333333334,0.05555555555555555,0.5833333333333334,0.19444444444444445,0.3333333333333333,0.8888888888888888,0.3055555555555556,0.4022552487193009
0,0.5,0.8055555555555556,0.1388888888888889,0.5555555555555556,0.5833333333333334,0.05555555555555555,0.5833333333333334,0.19444444444444445,0.3333333333333333,0.8888888888888888,0.3055555555555556,0.4022552487193009,1,35.0,0,0.5,0.1388888888888889,0.5555555555555556,0.5833333333333334,0.05555555555555555,0.5833333333333334,0.19444444444444445,0.3333333333333333,0.8888888888888888,0.3055555555555556,0.05555555555555555,0.5292333981698198
0,0.5,0.1388888888888889,0.5555555555555556,0.5833333333333334,0.05555555555555555,0.5833333333333334,0.19444444444444445,0.3333333333333333,0.8888888888888888,0.3055555555555556,0.05555555555555555,0.5292333981698198,1,35.0,1,0.5,0.5555555555555556,0.5833333333333334,0.05555555555555555,0.5833333333333334,0.19444444444444445,0.3333333333333333,0.8888888888888888,0.3055555555555556,0.05555555555555555,0.2777777777777778,0.5261662281832529
1,0.5,0.5555555555555556,0.5833333333333334,0.05555555555555555,0.5833333333333334,0.19444444444444445,0.3333333333333333,0.8888888888888888,0.3055555555555556,0.05555555555555555,0.2777777777777778,0.5261662281832529,1,-1.0,0,0.5,0.5833333333333334,0.05555555555555555,0.5833333333333334,0.19444444444444445,0.3333333333333333,0.8888888888888888,0.3055555555555556,0.05555555555555555,0.2777777777777778,0.5,0.5576916396343008
0,0.5,0.5833333333333334,0.05555555555555555,0.5833333333333334,0.19444444444444445,0.3333333333333333,0.8888888888888888,0.3055555555555556,0.05555555555555555,0.2777777777777778,0.5,0.5576916396343008,0,-1.0,1,0.65,0.05555555555555555,0.5833333333333334,0.19444444444444445,0.3333333333333333,0.8888888888888888,0.3055555555555556,0.05555555555555555,0.2777777777777778,0.5,0.3611111111111111,0.5704705714917069
1,0.65,0.05555555555555555,0.5833333333333334,0.19444444444444445,0.3333333333333333,0.8888888888888888,0.3055555555555556,0.05555555555555555,0.2777777777777778,0.5,0.3611111111111111,0.5704705714917069,1,-1.0,1,0.65,0.5833333333333334,0.19444444444444445,0.3333333333333333,0.8888888888888888,0.3055555555555556,0.05555555555555555,0.2777777777777778,0.5,0.3611111111111111,0.8888888888888888,0.4365452058662244
1,0.65,0.5833333333333334,0.19444444444444445,0.3333333333333333,0.8888888888888888,0.3055555555555556,0.05555555555555555,0.2777777777777778,0.5,0.3611111111111111,0.8888888888888888,0.4365452058662244,0,35.0,0,0.5,0.19444444444444445,0.3333333333333333,0.8888888888888888,0.3055555555555556,0.05555555555555555,0.2777777777777778,0.5,0.3611111111111111,0.8888888888888888,0.6944444444444444,0.46927358445948103
0,0.5,0.19444444444444445,0.3333333333333333,0.8888888888888888,0.3055555555555556,0.05555555555555555,0.2777777777777778,0.5,0.3611111111111111,0.8888888888888888,0.6944444444444444,0.46927358445948103,0,35.0,1,0.5,0.3333333333333333,0.8888888888888888,0.3055555555555556,0.05555555555555555,0.2777777777777778,0.5,0.3611111111111111,0.8888888888888888,0.6944444444444444,0.3888888888888889,0.476712604841774
1,0.5,0.3333333333333333,0.8888888888888888,0.3055555555555556,0.05555555555555555,0.2777777777777778,0.5,0.3611111111111111,0.8888888888888888,0.6944444444444444,0.3888888888888889,0.476712604841774,0,35.0,0,0.5,0.8888888888888888,0.3055555555555556,0.05555555555555555,0.2777777777777778,0.5,0.3611111111111111,0.8888888888888888,0.6944444444444444,0.3888888888888889,0.4444444444444444,0.4705568449508064
0,0.5,0.8888888888888888,0.3055555555555556,0.05555555555555555,0.2777777777777778,0.5,0.3611111111111111,0.8888888888888888,0.6944444444444444,0.3888888888888889,0.4444444444444444,0.4705568449508064,0,-1.0,1,0.5,0.3055555555555556,0.05555555555555555,0.2777777777777778,0.5,0.3611111111111111,0.8888888888888888,0.6944444444444444,0.3888888888888889,0.4444444444444444,0.1111111111111111,0.5376747712171323
1,0.5,0.3055555555555556,0.05555555555555555,0.2777777777777778,0.5,0.3611111111111111,0.8888888888888888,0.6944444444444444,0.3888888888888889,0.4444444444444444,0.1111111111111111,0.5376747712171323,1,35.0,0,0.5,0.05555555555555555,0.2777777777777778,0.5,0.3611111111111111,0.8888888888888888,0.6944444444444444,0.3888888888888889,0.4444444444444444,0.1111111111111111,0.4722222222222222,0.5125646655213406
0,0.5,0.05555555555555555,0.2777777777777778,0.5,0.3611111111111111,0.8888888888888888,0.6944444444444444,0.3888888888888889,0.4444444444444444,0.1111111111111111,0.4722222222222222,0.5125646655213406,1,35.0,1,0.5,0.2777777777777778,0.5,0.3611111111111111,0.8888888888888888,0.6944444444444444,0.3888888888888889,0.4444444444444444,0.1111111111111111,0.4722222222222222,0.1111111111111111,0.4629266190155287
1,0.5,0.2777777777777778,0.5,0.3611111111111111,0.8888888888888888,0.6944444444444444,0.3888888888888889,0.4444444444444444,0.1111111111111111,0.4722222222222222,0.1111111111111111,0.4629266190155287,1,-1.0,0,0.5,0.5,0.3611111111111111,0.8888888888888888,0.6944444444444444,0.3888888888888889,0.4444444444444444,0.1111111111111111,0.4722222222222222,0.1111111111111111,0.9444444444444444,0.5213485201341748
0,0.5,0.5,0.3611111111111111,0.8888888888888888,0.6944444444444444,0.3888888888888889,0.4444444444444444,0.1111111111111111,0.4722222222222222,0.1111111111111111,0.9444444444444444,0.5213485201341748,0,35.0,1,0.5,0.3611111111111111,0.8888888888888888,0.6944444444444444,0.3888888888888889,0.4444444444444444,0.1111111111111111,0.4722222222222222,0.1111111111111111,0.9444444444444444,0.19444444444444445,0.5088469656128779
1,0.5,0.3611111111111111,0.8888888888888888,0.6944444444444444,0.3888888888888889,0.4444444444444444,0.1111111111111111,0.4722222222222222,0.1111111111111111,0.9444444444444444,0.19444444444444445,0.5088469656128779,0,35.0,0,0.5,0.8888888888888888,0.6944444444444444,0.3888888888888889,0.4444444444444444,0.1111111111111111,0.4722222222222222,0.1111111111111111,0.9444444444444444,0.19444444444444445,0.3333333333333333,0.5901290683988961
0,0.5,0.8888888888888888,0.6944444444444444,0.3888888888888889,0.4444444444444444,0.1111111111111111,0.4722222222222222,0.1111111111111111,0.9444444444444444,0.19444444444444445,0.3333333333333333,0.5901290683988961,0,35.0,1,0.5,0.6944444444444444,0.3888888888888889,0.4444444444444444,0.1111111111111111,0.4722222222222222,0.1111111111111111,0.9444444444444444,0.19444444444444445,0.3333333333333333,0.5,0.4940628152736437
1,0.5,0.6944444444444444,0.3888888888888889,0.4444444444444444,0.1111111111111111,0.4722222222222222,0.1111111111111111,0.9444444444444444,0.19444444444444445,0.3333333333333333,0.5,0.4940628152736437,0,35.0,0,0.5,0.3888888888888889,0.4444444444444444,0.1111111111111111,0.4722222222222222,0.1111111111111111,0.9444444444444444,0.19444444444444445,0.3333333333333333,0.5,0.75,0.40008470538750585
0,0.5,0.3888888888888889,0.4444444444444444,0.1111111111111111,0.4722222222222222,0.1111111111111111,0.9444444444444444,0.19444444444444445,0.3333333333333333,0.5,0.75,0.40008470538750585,0,35.0,0,0.5,0.4444444444444444,0.1111111111111111,0.4722222222222222,0.1111111111111111,0.9444444444444444,0.19444444444444445,0.3333333333333333,0.5,0.75,0.8888888888888888,0.4487821956075924
0,0.5,0.4444444444444444,0.1111111111111111,0.4722222222222222,0.1111111111111111,0.9444444444444444,0.19444444444444445,0.3333333333333333,0.5,0.75,0.8888888888888888,0.4487821956075924,0,-1.0,0,0.5,0.1111111111111111,0.4722222222222222,0.1111111111111111,0.9444444444444444,0.19444444444444445,0.3333333333333333,0.5,0.75,0.8888888888888888,0.5555555555555556,0.4237805934242932
0,0.5,0.1111111111111111,0.4722222222222222,0.1111111111111111,0.9444444444444444,0.19444444444444445,0.3333333333333333,0.5,0.75,0.8888888888888888,0.5555555555555556,0.4237805934242932,1,-1.0,0,0.5,0.4722222222222222,0.1111111111111111,0.9444444444444444,0.19444444444444445,0.3333333333333333,0.5,0.75,0.8888888888888888,0.5555555555555556,0.8888888888888888,0.5054075026787556
0,0.5,0.4722222222222222,0.1111111111111111,0.9444444444444444,0.19444444444444445,0.3333333333333333,0.5,0.75,0.8888888888888888,0.5555555555555556,0.8888888888888888,0.5054075026787556,0,-1.0,1,0.5,0.1111111111111111,0.9444444444444444,0.19444444444444445,0.3333333333333333,0.5,0.75,0.8888888888888888,0.5555555555555556,0.8888888888888888,0.05555555555555555,0.4540671075700022
1,0.5,0.1111111111111111,0.9444444444444444,0.19444444444444445,0.3333333333333333,0.5,0.75,0.8888888888888888,0.5555555555555556,0.8888888888888888,0.05555555555555555,0.4540671075700022,1,-1.0,0,0.65,0.9444444444444444,0.19444444444444445,0.3333333333333333,0.5,0.75,0.8888888888888888,0.5555555555555556,0.8888888888888888,0.05555555555555555,0.6388888888888888,0.4264905019059349
0,0.65,0.9444444444444444,0.19444444444444445,0.3333333333333333,0.5,0.75,0.8888888888888888,0.5555555555555556,0.8888888888888888,0.05555555555555555,0.6388888888888888,0.4264905019059349,0,35.0,1,0.5,0.19444444444444445,0.3333333333333333,0.5,0.75,0.8888888888888888,0.5555555555555556,0.8888888888888888,0.05555555555555555,0.6388888888888888,1.0,0.45512779431891653
1,0.5,0.19444444444444445,0.3333333333333333,0.5,0.75,0.8888888888888888,0.5555555555555556,0.8888888888888888,0.05555555555555555,0.6388888888888888,1.0,0.45512779431891653,0,-1.0,0,0.7,0.3333333333333333,0.5,0.75,0.8888888888888888,0.5555555555555556,0.8888888888888888,0.05555555555555555,0.6388888888888888,1.0,0.16666666666666666,0.5054656493803644
0,0.7,0.3333333333333333,0.5,0.75,0.8888888888888888,0.5555555555555556,0.8888888888888888,0.05555555555555555,0.6388888888888888,1.0,0.16666666666666666,0.5054656493803644,1,35.0,1,0.65,0.5,0.75,0.8888888888888888,0.5555555555555556,0.8888888888888888,0.05555555555555555,0.6388888888888888,1.0,0.16666666666666666,0.9722222222222222,0.5507752577139187
1,0.65,0.5,0.75,0.8888888888888888,0.5555555555555556,0.8888888888888888,0.05555555555555555,0.6388888888888888,1.0,0.16666666666666666,0.9722222222222222,0.5507752577139187,1,-1.0,0,0.5,0.75,0.8888888888888888,0.5555555555555556,0.8888888888888888,0.05555555555555555,0.6388888888888888,1.0,0.16666666666666666,0.9722222222222222,0.75,0.5376450577722579
0,0.5,0.75,0.8888888888888888,0.5555555555555556,0.8888888888888888,0.05555555555555555,0.6388888888888888,1.0,0.16666666666666666,0.9722222222222222,0.75,0.5376450577722579,0,35.0,1,0.5,0.8888888888888888,0.5555555555555556,0.8888888888888888,0.05555555555555555,0.6388888888888888,1.0,0.16666666666666666,0.9722222222222222,0.75,0.6388888888888888,0.5038755930643162
1,0.5,0.8888888888888888,0.5555555555555556,0.8888888888888888,0.05555555555555555,0.6388888888888888,1.0,0.16666666666666666,0.9722222222222222,0.75,0.6388888888888888,0.5038755930643162,0,-1.0,0,0.5,0.5555555555555556,0.8888888888888888,0.05555555555555555,0.6388888888888888,1.0,0.16666666666666666,0.9722222222222222,0.75,0.6388888888888888,0.5555555555555556,0.4847593872319933
0,0.5,0.5555555555555556,0.8888888888888888,0.05555555555555555,0.6388888888888888,1.0,0.16666666666666666,0.9722222222222222,0.75,0.6388888888888888,0.5555555555555556,0.4847593872319933,1,-1.0,1,0.65,0.8888888888888888,0.05555555555555555,0.6388888888888888,1.0,0.16666666666666666,0.9722222222222222,0.75,0.6388888888888888,0.5555555555555556,0.25,0.4755929748522402
1,0.65,0.8888888888888888,0.05555555555555555,0.6388888888888888,1.0,0.16666666666666666,0.9722222222222222,0.75,0.6388888888888888,0.5555555555555556,0.25,0.4755929748522402,0,-1.0,0,0.75,0.05555555555555555,0.6388888888888888,1.0,0.16666666666666666,0.9722222222222222,0.75,0.6388888888888888,0.5555555555555556,0.25,0.0,0.4563620584258355
0,0.75,0.05555555555555555,0.6388888888888888,1.0,0.16666666666666666,0.9722222222222222,0.75,0.6388888888888888,0.5555555555555556,0.25,0.0,0.4563620584258355,-1,-1.0,1,0.65,0.6388888888888888,1.0,0.16666666666666666,0.9722222222222222,0.75,0.6388888888888888,0.5555555555555556,0.25,0.0,0.6666666666666666,0.5576937880077817
1,0.65,0.6388888888888888,1.0,0.16666666666666666,0.9722222222222222,0.75,0.6388888888888888,0.5555555555555556,0.25,0.0,0.6666666666666666,0.5576937880077817,1,-1.0,0,0.5,1.0,0.16666666666666666,0.9722222222222222,0.75,0.6388888888888888,0.5555555555555556,0.25,0.0,0.6666666666666666,0.0,0.4780719357786867
0,0.5,1.0,0.16666666666666666,0.9722222222222222,0.75,0.6388888888888888,0.5555555555555556,0.25,0.0,0.6666666666666666,0.0,0.4780719357786867,-1,-1.0,1,0.45,0.16666666666666666,0.9722222222222222,0.75,0.6388888888888888,0.5555555555555556,0.25,0.0,0.6666666666666666,0.0,0.5277777777777778,0.38773253027036886
1,0.45,0.16666666666666666,0.9722222222222222,0.75,0.6388888888888888,0.5555555555555556,0.25,0.0,0.6666666666666666,0.0,0.5277777777777778,0.38773253027036886,0,35.0,0,0.5,0.9722222222222222,0.75,0.6388888888888888,0.5555555555555556,0.25,0.0,0.6666666666666666,0.0,0.5277777777777778,0.19444444444444445,0.47605254632162775
0,0.5,0.9722222222222222,0.75,0.6388888888888888,0.5555555555555556,0.25,0.0,0.6666666666666666,0.0,0.5277777777777778,0.19444444444444445,0.47605254632162775,0,35.0,0,0.65,0.75,0.6388888888888888,0.5555555555555556,0.25,0.0,0.6666666666666666,0.0,0.5277777777777778,0.19444444444444445,0.75,0.3873078340458133
0,0.65,0.75,0.6388888888888888,0.5555555555555556,0.25,0.0,0.6666666666666666,0.0,0.5277777777777778,0.19444444444444445,0.75,0.3873078340458133,0,35.0,1,0.0,0.6388888888888888,0.5555555555555556,0.25,0.0,0.6666666666666666,0.0,0.5277777777777778,0.19444444444444445,0.75,0.4444444444444444,0.4553751260856129
1,0.0,0.6388888888888888,0.5555555555555556,0.25,0.0,0.6666666666666666,0.0,0.5277777777777778,0.19444444444444445,0.75,0.4444444444444444,0.4553751260856129,0,-1.0,0,0.0,0.5555555555555556,0.25,0.0,0.6666666666666666,0.0,0.5277777777777778,0.19444444444444445,0.75,0.4444444444444444,0.7222222222222222,0.4005835502502216
0,0.0,0.5555555555555556,0.25,0.0,0.6666666666666666,0.0,0.5277777777777778,0.19444444444444445,0.75,0.4444444444444444,0.7222222222222222,0.4005835502502216,1,-1.0,0,0.5,0.25,0.0,0.6666666666666666,0.0,0.5277777777777778,0.19444444444444445,0.75,0.4444444444444444,0.7222222222222222,0.19444444444444445,0.514009689806982
0,0.5,0.25,0.0,0.6666666666666666,0.0,0.5277777777777778,0.19444444444444445,0.75,0.4444444444444444,0.7222222222222222,0.19444444444444445,0.514009689806982,0,-1.0,1,0.5,0.0,0.6666666666666666,0.0,0.5277777777777778,0.19444444444444445,0.75,0.4444444444444444,0.7222222222222222,0.19444444444444445,0.8055555555555556,0.5377681117588073
1,0.5,0.0,0.6666666666666666,0.0,0.5277777777777778,0.19444444444444445,0.75,0.4444444444444444,0.7222222222222222,0.19444444444444445,0.8055555555555556,0.5377681117588073,1,-1.0,0,0.0,0.6666666666666666,0.0,0.5277777777777778,0.19444444444444445,0.75,0.4444444444444444,0.7222222222222222,0.19444444444444445,0.8055555555555556,0.1388888888888889,0.524866273724536
0,0.0,0.6666666666666666,0.0,0.5277777777777778,0.19444444444444445,0.75,0.4444444444444444,0.7222222222222222,0.19444444444444445,0.8055555555555556,0.1388888888888889,0.524866273724536,0,-1.0,1,0.9,0.0,0.5277777777777778,0.19444444444444445,0.75,0.4444444444444444,0.7222222222222222,0.19444444444444445,0.8055555555555556,0.1388888888888889,0.1111111111111111,0.5897459560634297
1,0.9,0.0,0.5277777777777778,0.19444444444444445,0.75,0.4444444444444444,0.7222222222222222,0.19444444444444445,0.8055555555555556,0.1388888888888889,0.1111111111111111,0.5897459560634297,1,35.0,0,0.5,0.5277777777777778,0.19444444444444445,0.75,0.4444444444444444,0.7222222222222222,0.19444444444444445,0.8055555555555556,0.1388888888888889,0.1111111111111111,0.6666666666666666,0.4783660017207054
0,0.5,0.5277777777777778,0.19444444444444445,0.75,0.4444444444444444,0.7222222222222222,0.19444444444444445,0.8055555555555556,0.1388888888888889,0.1111111111111111,0.6666666666666666,0.4783660017207054,1,-1.0,1,0.0,0.19444444444444445,0.75,0.4444444444444444,0.7222222222222222,0.19444444444444445,0.8055555555555556,0.1388888888888889,0.1111111111111111,0.6666666666666666,0.8888888888888888,0.542148664386684
1,0.0,0.19444444444444445,0.75,0.4444444444444444,0.7222222222222222,0.19444444444444445,0.8055555555555556,0.1388888888888889,0.1111111111111111,0.6666666666666666,0.8888888888888888,0.542148664386684,0,35.0,0,0.0,0.75,0.4444444444444444,0.7222222222222222,0.19444444444444445,0.8055555555555556,0.1388888888888889,0.1111111111111111,0.6666666666666666,0.8888888888888888,0.9444444444444444,0.6291104548402016
0,0.0,0.75,0.4444444444444444,0.7222222222222222,0.19444444444444445,0.8055555555555556,0.1388888888888889,0.1111111111111111,0.6666666666666666,0.8888888888888888,0.9444444444444444,0.6291104548402016,0,35.0,1,0.0,0.4444444444444444,0.7222222222222222,0.19444444444444445,0.8055555555555556,0.1388888888888889,0.1111111111111111,0.6666666666666666,0.8888888888888888,0.9444444444444444,0.3888888888888889,0.5663275979073366
1,0.0,0.4444444444444444,0.7222222222222222,0.19444444444444445,0.8055555555555556,0.1388888888888889,0.1111111111111111,0.6666666666666666,0.8888888888888888,0.9444444444444444,0.3888888888888889,0.5663275979073366,0,-1.0,0,0.0,0.7222222222222222,0.19444444444444445,0.8055555555555556,0.1388888888888889,0.1111111111111111,0.6666666666666666,0.8888888888888888,0.9444444444444444,0.3888888888888889,0.4722222222222222,0.5851113490635635
0,0.0,0.7222222222222222,0.19444444444444445,0.8055555555555556,0.1388888888888889,0.1111111111111111,0.6666666666666666,0.8888888888888888,0.9444444444444444,0.3888888888888889,0.4722222222222222,0.5851113490635635,1,35.0,1,0.0,0.19444444444444445,0.8055555555555556,0.1388888888888889,0.1111111111111111,0.6666666666666666,0.8888888888888888,0.9444444444444444,0.3888888888888889,0.4722222222222222,0.4166666666666667,0.6013029164739874
1,0.0,0.19444444444444445,0.8055555555555556,0.1388888888888889,0.1111111111111111,0.6666666666666666,0.8888888888888888,0.9444444444444444,0.3888888888888889,0.4722222222222222,0.4166666666666667,0.6013029164739874,1,-1.0,0,0.0,0.8055555555555556,0.1388888888888889,0.1111111111111111,0.6666666666666666,0.8888888888888888,0.9444444444444444,0.3888888888888889,0.4722222222222222,0.4166666666666667,0.8333333333333334,0.5405816915146532
0,0.0,0.8055555555555556,0.1388888888888889,0.1111111111111111,0.6666666666666666,0.8888888888888888,0.9444444444444444,0.3888888888888889,0.4722222222222222,0.4166666666666667,0.8333333333333334,0.5405816915146532,0,-1.0,1,0.0,0.1388888888888889,0.1111111111111111,0.6666666666666666,0.8888888888888888,0.9444444444444444,0.3888888888888889,0.4722222222222222,0.4166666666666667,0.8333333333333334,0.9722222222222222,0.5368374057899412
1,0.0,0.1388888888888889,0.1111111111111111,0.6666666666666666,0.8888888888888888,0.9444444444444444,0.3888888888888889,0.4722222222222222,0.4166666666666667,0.8333333333333334,0.9722222222222222,0.5368374057899412,1,35.0,0,0.65,0.1111111111111111,0.6666666666666666,0.8888888888888888,0.9444444444444444,0.3888888888888889,0.4722222222222222,0.4166666666666667,0.8333333333333334,0.9722222222222222,0.4166666666666667,0.5072122473867179
0,0.65,0.1111111111111111,0.6666666666666666,0.8888888888888888,0.9444444444444444,0.3888888888888889,0.4722222222222222,0.4166666666666667,0.8333333333333334,0.9722222222222222,0.4166666666666667,0.5072122473867179,1,35.0,1,0.0,0.6666666666666666,0.8888888888888888,0.9444444444444444,0.3888888888888889,0.4722222222222222,0.4166666666666667,0.8333333333333334,0.9722222222222222,0.4166666666666667,0.9166666666666666,0.49177513768195863
1,0.0,0.6666666666666666,0.8888888888888888,0.9444444444444444,0.3888888888888889,0.4722222222222222,0.4166666666666667,0.8333333333333334,0.9722222222222222,0.4166666666666667,0.9166666666666666,0.49177513768195863,1,-1.0,0,0.0,0.8888888888888888,0.9444444444444444,0.3888888888888889,0.4722222222222222,0.4166666666666667,0.8333333333333334,0.9722222222222222,0.4166666666666667,0.9166666666666666,0.1388888888888889,0.5809076133798518
0,0.0,0.8888888888888888,0.9444444444444444,0.3888888888888889,0.4722222222222222,0.4166666666666667,0.8333333333333334,0.9722222222222222,0.4166666666666667,0.9166666666666666,0.1388888888888889,0.5809076133798518,0,-1.0,1,0.0,0.9444444444444444,0.3888888888888889,0.4722222222222222,0.4166666666666667,0.8333333333333334,0.9722222222222222,0.4166666666666667,0.9166666666666666,0.1388888888888889,0.3611111111111111,0.5742880780688295
1,0.0,0.9444444444444444,0.3888888888888889,0.4722222222222222,0.4166666666666667,0.8333333333333334,0.9722222222222222,0.4166666666666667,0.9166666666666666,0.1388888888888889,0.3611111111111111,0.5742880780688295,1,35.0,0,0.75,0.3888888888888889,0.4722222222222222,0.4166666666666667,0.8333333333333334,0.9722222222222222,0.4166666666666667,0.9166666666666666,0.1388888888888889,0.3611111111111111,0.3055555555555556,0.5603581730437134
0,0.75,0.3888888888888889,0.4722222222222222,0.4166666666666667,0.8333333333333334,0.9722222222222222,0.4166666666666667,0.9166666666666666,0.1388888888888889,0.3611111111111111,0.3055555555555556,0.5603581730437134,1,-1.0,1,0.8,0.4722222222222222,0.4166666666666667,0.8333333333333334,0.9722222222222222,0.4166666666666667,0.9166666666666666,0.1388888888888889,0.3611111111111111,0.3055555555555556,0.3333333333333333,0.5627964818671848
1,0.8,0.4722222222222222,0.4166666666666667,0.8333333333333334,0.9722222222222222,0.4166666666666667,0.9166666666666666,0.1388888888888889,0.3611111111111111,0.3055555555555556,0.3333333333333333,0.5627964818671848,0,35.0,0,0.65,0.4166666666666667,0.8333333333333334,0.9722222222222222,0.4166666666666667,0.9166666666666666,0.1388888888888889,0.3611111111111111,0.3055555555555556,0.3333333333333333,0.3888888888888889,0.5722834089596529
0,0.65,0.4166666666666667,0.8333333333333334,0.9722222222222222,0.4166666666666667,0.9166666666666666,0.1388888888888889,0.3611111111111111,0.3055555555555556,0.3333333333333333,0.3888888888888889,0.5722834089596529,0,35.0,1,0.65,0.8333333333333334,0.9722222222222222,0.4166666666666667,0.9166666666666666,0.1388888888888889,0.3611111111111111,0.3055555555555556,0.3333333333333333,0.3888888888888889,0.3888888888888889,0.4812608188655217
1,0.65,0.8333333333333334,0.9722222222222222,0.4166666666666667,0.9166666666666666,0.1388888888888889,0.3611111111111111,0.3055555555555556,0.3333333333333333,0.3888888888888889,0.3888888888888889,0.4812608188655217,0,35.0,0,0.65,0.9722222222222222,0.4166666666666667,0.9166666666666666,0.1388888888888889,0.3611111111111111,0.3055555555555556,0.3333333333333333,0.3888888888888889,0.3888888888888889,0.5,0.5465455477646712
0,0.65,0.9722222222222222,0.4166666666666667,0.9166666666666666,0.1388888888888889,0.3611111111111111,0.3055555555555556,0.3333333333333333,0.3888888888888889,0.3888888888888889,0.5,0.5465455477646712,0,35.0,1,0.65,0.4166666666666667,0.9166666666666666,0.1388888888888889,0.3611111111111111,0.3055555555555556,0.3333333333333333,0.3888888888888889,0.3888888888888889,0.5,0.08333333333333333,0.5407078104180382
1,0.65,0.4166666666666667,0.9166666666666666,0.1388888888888889,0.3611111111111111,0.3055555555555556,0.3333333333333333,0.3888888888888889,0.3888888888888889,0.5,0.08333333333333333,0.5407078104180382,0,35.0,1,0.75,0.9166666666666666,0.1388888888888889,0.3611111111111111,0.3055555555555556,0.3333333333333333,0.3888888888888889,0.3888888888888889,0.5,0.08333333333333333,0.3888888888888889,0.5165080517427557
1,0.75,0.9166666666666666,0.1388888888888889,0.3611111111111111,0.3055555555555556,0.3333333333333333,0.3888888888888889,0.3888888888888889,0.5,0.08333333333333333,0.3888888888888889,0.5165080517427557,0,35.0,0,0.9,0.1388888888888889,0.3611111111111111,0.3055555555555556,0.3333333333333333,0.3888888888888889,0.3888888888888889,0.5,0.08333333333333333,0.3888888888888889,0.8888888888888888,0.44309064943896526
0,0.9,0.1388888888888889,0.3611111111111111,0.3055555555555556,0.3333333333333333,0.3888888888888889,0.3888888888888889,0.5,0.08333333333333333,0.3888888888888889,0.8888888888888888,0.44309064943896526,0,-1.0,1,0.0,0.3611111111111111,0.3055555555555556,0.3333333333333333,0.3888888888888889,0.3888888888888889,0.5,0.08333333333333333,0.3888888888888889,0.8888888888888888,0.5555555555555556,0.391862809417459
1,0.0,0.3611111111111111,0.3055555555555556,0.3333333333333333,0.3888888888888889,0.3888888888888889,0.5,0.08333333333333333,0.3888888888888889,0.8888888888888888,0.5555555555555556,0.391862809417459,1,-1.0,0,0.0,0.3055555555555556,0.3333333333333333,0.3888888888888889,0.3888888888888889,0.5,0.08333333333333333,0.3888888888888889,0.8888888888888888,0.5555555555555556,0.1388888888888889,0.6082123419922375
0,0.0,0.3055555555555556,0.3333333333333333,0.3888888888888889,0.3888888888888889,0.5,0.08333333333333333,0.3888888888888889,0.8888888888888888,0.5555555555555556,0.1388888888888889,0.6082123419922375,0,35.0,0,0.0,0.3333333333333333,0.3888888888888889,0.3888888888888889,0.5,0.08333333333333333,0.3888888888888889,0.8888888888888888,0.5555555555555556,0.1388888888888889,0.8888888888888888,0.42920970645193846
0,0.0,0.3333333333333333,0.3888888888888889,0.3888888888888889,0.5,0.08333333333333333,0.3888888888888889,0.8888888888888888,0.5555555555555556,0.1388888888888889,0.8888888888888888,0.42920970645193846,0,35.0,0,0.0,0.3888888888888889,0.3888888888888889,0.5,0.08333333333333333,0.3888888888888889,0.8888888888888888,0.5555555555555556,0.1388888888888889,0.8888888888888888,0.3888888888888889,0.4978509234117572
0,0.0,0.3888888888888889,0.3888888888888889,0.5,0.08333333333333333,0.3888888888888889,0.8888888888888888,0.5555555555555556,0.1388888888888889,0.8888888888888888,0.3888888888888889,0.4978509234117572,0,35.0,1,0.0,0.3888888888888889,0.5,0.08333333333333333,0.3888888888888889,0.8888888888888888,0.5555555555555556,0.1388888888888889,0.8888888888888888,0.3888888888888889,0.1388888888888889,0.460367697506654
1,0.0,0.3888888888888889,0.5,0.08333333333333333,0.3888888888888889,0.8888888888888888,0.5555555555555556,0.1388888888888889,0.8888888888888888,0.3888888888888889,0.1388888888888889,0.460367697506654,0,-1.0,0,0.0,0.5,0.08333333333333333,0.3888888888888889,0.8888888888888888,0.5555555555555556,0.1388888888888889,0.8888888888888888,0.3888888888888889,0.1388888888888889,0.7222222222222222,0.4895476803820892
0,0.0,0.5,0.08333333333333333,0.3888888888888889,0.8888888888888888,0.5555555555555556,0.1388888888888889,0.8888888888888888,0.3888888888888889,0.1388888888888889,0.7222222222222222,0.4895476803820892,1,-1.0,1,0.0,0.08333333333333333,0.3888888888888889,0.8888888888888888,0.5555555555555556,0.1388888888888889,0.8888888888888888,0.3888888888888889,0.1388888888888889,0.7222222222222222,0.3888888888888889,0.6479328136858014
1,0.0,0.08333333333333333,0.3888888888888889,0.8888888888888888,0.5555555555555556,0.1388888888888889,0.8888888888888888,0.3888888888888889,0.1388888888888889,0.7222222222222222,0.3888888888888889,0.6479328136858014,0,-1.0,0,0.65,0.3888888888888889,0.8888888888888888,0.5555555555555556,0.1388888888888889,0.8888888888888888,0.3888888888888889,0.1388888888888889,0.7222222222222222,0.3888888888888889,0.8055555555555556,0.5481621149114326
0,0.65,0.3888888888888889,0.8888888888888888,0.5555555555555556,0.1388888888888889,0.8888888888888888,0.3888888888888889,0.1388888888888889,0.7222222222222222,0.3888888888888889,0.8055555555555556,0.5481621149114326,1,-1.0,1,0.5,0.8888888888888888,0.5555555555555556,0.1388888888888889,0.8888888888888888,0.3888888888888889,0.1388888888888889,0.7222222222222222,0.3888888888888889,0.8055555555555556,0.25,0.5739657099727484
1,0.5,0.8888888888888888,0.5555555555555556,0.1388888888888889,0.8888888888888888,0.3888888888888889,0.1388888888888889,0.7222222222222222,0.3888888888888889,0.8055555555555556,0.25,0.5739657099727484,0,35.0,0,0.0,0.5555555555555556,0.1388888888888889,0.8888888888888888,0.3888888888888889,0.1388888888888889,0.7222222222222222,0.3888888888888889,0.8055555555555556,0.25,0.75,0.4750765666413554
0,0.0,0.5555555555555556,0.1388888888888889,0.8888888888888888,0.3888888888888889,0.1388888888888889,0.7222222222222222,0.3888888888888889,0.8055555555555556,0.25,0.75,0.4750765666413554,0,-1.0,1,0.0,0.1388888888888889,0.8888888888888888,0.3888888888888889,0.1388888888888889,0.7222222222222222,0.3888888888888889,0.8055555555555556,0.25,0.75,0.6111111111111112,0.5307041925965368
1,0.0,0.1388888888888889,0.8888888888888888,0.3888888888888889,0.1388888888888889,0.7222222222222222,0.3888888888888889,0.8055555555555556,0.25,0.75,0.6111111111111112,0.5307041925965368,1,35.0,0,0.0,0.8888888888888888,0.3888888888888889,0.1388888888888889,0.7222222222222222,0.3888888888888889,0.8055555555555556,0.25,0.75,0.6111111111111112,0.3055555555555556,0.5364153779762905
0,0.0,0.8888888888888888,0.3888888888888889,0.1388888888888889,0.7222222222222222,0.3888888888888889,0.8055555555555556,0.25,0.75,0.6111111111111112,0.3055555555555556,0.5364153779762905,1,-1.0,1,0.0,0.3888888888888889,0.1388888888888889,0.7222222222222222,0.3888888888888889,0.8055555555555556,0.25,0.75,0.6111111111111112,0.3055555555555556,0.5833333333333334,0.47820622056151
1,0.0,0.3888888888888889,0.1388888888888889,0.7222222222222222,0.3888888888888889,0.8055555555555556,0.25,0.75,0.6111111111111112,0.3055555555555556,0.5833333333333334,0.47820622056151,0,35.0,0,0.0,0.1388888888888889,0.7222222222222222,0.3888888888888889,0.8055555555555556,0.25,0.75,0.6111111111111112,0.3055555555555556,0.5833333333333334,0.6388888888888888,0.47734460983368165
0,0.0,0.1388888888888889,0.7222222222222222,0.3888888888888889,0.8055555555555556,0.25,0.75,0.6111111111111112,0.3055555555555556,0.5833333333333334,0.6388888888888888,0.47734460983368165,0,-1.0,1,0.0,0.7222222222222222,0.3888888888888889,0.8055555555555556,0.25,0.75,0.6111111111111112,0.3055555555555556,0.5833333333333334,0.6388888888888888,0.8611111111111112,0.5181248750882808
1,0.0,0.7222222222222222,0.3888888888888889,0.8055555555555556,0.25,0.75,0.6111111111111112,0.3055555555555556,0.5833333333333334,0.6388888888888888,0.8611111111111112,0.5181248750882808,1,35.0,0,0.0,0.3888888888888889,0.8055555555555556,0.25,0.75,0.6111111111111112,0.3055555555555556,0.5833333333333334,0.6388888888888888,0.8611111111111112,0.6111111111111112,0.42987214753899045
0,0.0,0.3888888888888889,0.8055555555555556,0.25,0.75,0.6111111111111112,0.3055555555555556,0.5833333333333334,0.6388888888888888,0.8611111111111112,0.6111111111111112,0.42987214753899045,1,-1.0,1,0.0,0.8055555555555556,0.25,0.75,0.6111111111111112,0.3055555555555556,0.5833333333333334,0.6388888888888888,0.8611111111111112,0.6111111111111112,0.25,0.4906373340284818
1,0.0,0.8055555555555556,0.25,0.75,0.6111111111111112,0.3055555555555556,0.5833333333333334,0.6388888888888888,0.8611111111111112,0.6111111111111112,0.25,0.4906373340284818,0,35.0,0,0.0,0.25,0.75,0.6111111111111112,0.3055555555555556,0.5833333333333334,0.6388888888888888,0.8611111111111112,0.6111111111111112,0.25,0.5833333333333334,0.37273631556329884
0,0.0,0.25,0.75,0.6111111111111112,0.3055555555555556,0.5833333333333334,0.6388888888888888,0.8611111111111112,0.6111111111111112,0.25,0.5833333333333334,0.37273631556329884,0,-1.0,1,0.5,0.75,0.6111111111111112,0.3055555555555556,0.5833333333333334,0.6388888888888888,0.8611111111111112,0.6111111111111112,0.25,0.5833333333333334,0.6111111111111112,0.4766296094081677
1,0.5,0.75,0.6111111111111112,0.3055555555555556,0.5833333333333334,0.6388888888888888,0.8611111111111112,0.6111111111111112,0.25,0.5833333333333334,0.6111111111111112,0.4766296094081677,1,-1.0,0,0.5,0.6111111111111112,0.3055555555555556,0.5833333333333334,0.6388888888888888,0.8611111111111112,0.6111111111111112,0.25,0.5833333333333334,0.6111111111111112,0.9444444444444444,0.609570562566827
0,0.5,0.6111111111111112,0.3055555555555556,0.5833333333333334,0.6388888888888888,0.8611111111111112,0.6111111111111112,0.25,0.5833333333333334,0.6111111111111112,0.9444444444444444,0.609570562566827,0,35.0,0,0.55,0.3055555555555556,0.5833333333333334,0.6388888888888888,0.8611111111111112,0.6111111111111112,0.25,0.5833333333333334,0.6111111111111112,0.9444444444444444,0.75,0.4956404219181556
0,0.55,0.3055555555555556,0.5833333333333334,0.6388888888888888,0.8611111111111112,0.6111111111111112,0.25,0.5833333333333334,0.6111111111111112,0.9444444444444444,0.75,0.4956404219181556,0,-1.0,1,0.6,0.5833333333333334,0.6388888888888888,0.8611111111111112,0.6111111111111112,0.25,0.5833333333333334,0.6111111111111112,0.9444444444444444,0.75,0.6666666666666666,0.5195549125859514
1,0.6,0.5833333333333334,0.6388888888888888,0.8611111111111112,0.6111111111111112,0.25,0.5833333333333334,0.6111111111111112,0.9444444444444444,0.75,0.6666666666666666,0.5195549125859514,1,-1.0,0,0.75,0.6388888888888888,0.8611111111111112,0.6111111111111112,0.25,0.5833333333333334,0.6111111111111112,0.9444444444444444,0.75,0.6666666666666666,0.6944444444444444,0.4425699887834849
0,0.75,0.6388888888888888,0.8611111111111112,0.6111111111111112,0.25,0.5833333333333334,0.6111111111111112,0.9444444444444444,0.75,0.6666666666666666,0.6944444444444444,0.4425699887834849,0,-1.0,1,0.75,0.8611111111111112,0.6111111111111112,0.25,0.5833333333333334,0.6111111111111112,0.9444444444444444,0.75,0.6666666666666666,0.6944444444444444,0.1111111111111111,0.44416045251885444
1,0.75,0.8611111111111112,0.6111111111111112,0.25,0.5833333333333334,0.6111111111111112,0.9444444444444444,0.75,0.6666666666666666,0.6944444444444444,0.1111111111111111,0.44416045251885444,1,-1.0,0,0.65,0.6111111111111112,0.25,0.5833333333333334,0.6111111111111112,0.9444444444444444,0.75,0.6666666666666666,0.6944444444444444,0.1111111111111111,0.8888888888888888,0.36457189797096545
0,0.65,0.6111111111111112,0.25,0.5833333333333334,0.6111111111111112,0.9444444444444444,0.75,0.6666666666666666,0.6944444444444444,0.1111111111111111,0.8888888888888888,0.36457189797096545,0,-1.0,1,0.65,0.25,0.5833333333333334,0.6111111111111112,0.9444444444444444,0.75,0.6666666666666666,0.6944444444444444,0.1111111111111111,0.8888888888888888,0.0,0.4749376006816043
1,0.65,0.25,0.5833333333333334,0.6111111111111112,0.9444444444444444,0.75,0.6666666666666666,0.6944444444444444,0.1111111111111111,0.8888888888888888,0.0,0.4749376006816043,-1,-1.0,0,0.65,0.5833333333333334,0.6111111111111112,0.9444444444444444,0.75,0.6666666666666666,0.6944444444444444,0.1111111111111111,0.8888888888888888,0.0,0.6388888888888888,0.5310497734418158
0,0.65,0.5833333333333334,0.6111111111111112,0.9444444444444444,0.75,0.6666666666666666,0.6944444444444444,0.1111111111111111,0.8888888888888888,0.0,0.6388888888888888,0.5310497734418158,0,35.0,1,0.65,0.6111111111111112,0.9444444444444444,0.75,0.6666666666666666,0.6944444444444444,0.1111111111111111,0.8888888888888888,0.0,0.6388888888888888,0.08333333333333333,0.44217625611501604
1,0.65,0.6111111111111112,0.9444444444444444,0.75,0.6666666666666666,0.6944444444444444,0.1111111111111111,0.8888888888888888,0.0,0.6388888888888888,0.08333333333333333,0.44217625611501604,0,35.0,0,0.65,0.9444444444444444,0.75,0.6666666666666666,0.6944444444444444,0.1111111111111111,0.8888888888888888,0.0,0.6388888888888888,0.08333333333333333,0.6944444444444444,0.46877404742031126
0,0.65,0.9444444444444444,0.75,0.6666666666666666,0.6944444444444444,0.1111111111111111,0.8888888888888888,0.0,0.6388888888888888,0.08333333333333333,0.6944444444444444,0.46877404742031126,0,35.0,1,0.65,0.75,0.6666666666666666,0.6944444444444444,0.1111111111111111,0.8888888888888888,0.0,0.6388888888888888,0.08333333333333333,0.6944444444444444,0.6388888888888888,0.5017059669392898
1,0.65,0.75,0.6666666666666666,0.6944444444444444,0.1111111111111111,0.8888888888888888,0.0,0.6388888888888888,0.08333333333333333,0.6944444444444444,0.6388888888888888,0.5017059669392898,0,-1.0,0,0.6,0.6666666666666666,0.6944444444444444,0.1111111111111111,0.8888888888888888,0.0,0.6388888888888888,0.08333333333333333,0.6944444444444444,0.6388888888888888,0.7222222222222222,0.5560914287396254
0,0.6,0.6666666666666666,0.6944444444444444,0.1111111111111111,0.8888888888888888,0.0,0.6388888888888888,0.08333333333333333,0.6944444444444444,0.6388888888888888,0.7222222222222222,0.5560914287396254,1,35.0,1,0.75,0.6944444444444444,0.1111111111111111,0.8888888888888888,0.0,0.6388888888888888,0.08333333333333333,0.6944444444444444,0.6388888888888888,0.7222222222222222,0.9722222222222222,0.5410448710594576
1,0.75,0.6944444444444444,0.1111111111111111,0.8888888888888888,0.0,0.6388888888888888,0.08333333333333333,0.6944444444444444,0.6388888888888888,0.7222222222222222,0.9722222222222222,0.5410448710594576,1,35.0,0,0.75,0.1111111111111111,0.8888888888888888,0.0,0.6388888888888888,0.08333333333333333,0.6944444444444444,0.6388888888888888,0.7222222222222222,0.9722222222222222,0.6111111111111112,0.6241016674380702
0,0.75,0.1111111111111111,0.8888888888888888,0.0,0.6388888888888888,0.08333333333333333,0.6944444444444444,0.6388888888888888,0.7222222222222222,0.9722222222222222,0.6111111111111112,0.6241016674380702,1,35.0,1,0.8,0.8888888888888888,0.0,0.6388888888888888,0.08333333333333333,0.6944444444444444,0.6388888888888888,0.7222222222222222,0.9722222222222222,0.6111111111111112,0.7777777777777778,0.4123189510683926
1,0.8,0.8888888888888888,0.0,0.6388888888888888,0.08333333333333333,0.6944444444444444,0.6388888888888888,0.7222222222222222,0.9722222222222222,0.6111111111111112,0.7777777777777778,0.4123189510683926,1,35.0,0,0.35,0.0,0.6388888888888888,0.08333333333333333,0.6944444444444444,0.6388888888888888,0.7222222222222222,0.9722222222222222,0.6111111111111112,0.7777777777777778,0.7222222222222222,0.3566625443757176
0,0.35,0.0,0.6388888888888888,0.08333333333333333,0.6944444444444444,0.6388888888888888,0.7222222222222222,0.9722222222222222,0.6111111111111112,0.7777777777777778,0.7222222222222222,0.3566625443757176,1,35.0,1,0.95,0.6388888888888888,0.08333333333333333,0.6944444444444444,0.6388888888888888,0.7222222222222222,0.9722222222222222,0.6111111111111112,0.7777777777777778,0.7222222222222222,0.6666666666666666,0.4782690162101892
1,0.95,0.6388888888888888,0.08333333333333333,0.6944444444444444,0.6388888888888888,0.7222222222222222,0.9722222222222222,0.6111111111111112,0.7777777777777778,0.7222222222222222,0.6666666666666666,0.4782690162101892,1,-1.0,0,0.95,0.08333333333333333,0.6944444444444444,0.6388888888888888,0.7222222222222222,0.9722222222222222,0.6111111111111112,0.7777777777777778,0.7222222222222222,0.6666666666666666,0.9444444444444444,0.5780479228286854
0,0.95,0.08333333333333333,0.6944444444444444,0.6388888888888888,0.7222222222222222,0.9722222222222222,0.6111111111111112,0.7777777777777778,0.7222222222222222,0.6666666666666666,0.9444444444444444,0.5780479228286854,0,-1.0,1,0.95,0.6944444444444444,0.6388888888888888,0.7222222222222222,0.9722222222222222,0.6111111111111112,0.7777777777777778,0.7222222222222222,0.6666666666666666,0.9444444444444444,0.9166666666666666,0.5156733118618249
1,0.95,0.6944444444444444,0.6388888888888888,0.7222222222222222,0.9722222222222222,0.6111111111111112,0.7777777777777778,0.7222222222222222,0.6666666666666666,0.9444444444444444,0.9166666666666666,0.5156733118618249,1,35.0,0,0.95,0.6388888888888888,0.7222222222222222,0.9722222222222222,0.6111111111111112,0.7777777777777778,0.7222222222222222,0.6666666666666666,0.9444444444444444,0.9166666666666666,0.3611111111111111,0.5483191807455963
0,0.95,0.6388888888888888,0.7222222222222222,0.9722222222222222,0.6111111111111112,0.7777777777777778,0.7222222222222222,0.6666666666666666,0.9444444444444444,0.9166666666666666,0.3611111111111111,0.5483191807455963,1,35.0,1,0.35,0.7222222222222222,0.9722222222222222,0.6111111111111112,0.7777777777777778,0.7222222222222222,0.6666666666666666,0.9444444444444444,0.9166666666666666,0.3611111111111111,0.5555555555555556,0.6345725046704108
1,0.35,0.7222222222222222,0.9722222222222222,0.6111111111111112,0.7777777777777778,0.7222222222222222,0.6666666666666666,0.9444444444444444,0.9166666666666666,0.3611111111111111,0.5555555555555556,0.6345725046704108,1,35.0,0,0.35,0.9722222222222222,0.6111111111111112,0.7777777777777778,0.7222222222222222,0.6666666666666666,0.9444444444444444,0.9166666666666666,0.3611111111111111,0.5555555555555556,0.6111111111111112,0.5523735256881327
0,0.35,0.9722222222222222,0.6111111111111112,0.7777777777777778,0.7222222222222222,0.6666666666666666,0.9444444444444444,0.9166666666666666,0.3611111111111111,0.5555555555555556,0.6111111111111112,0.5523735256881327,1,-1.0,1,0.95,0.6111111111111112,0.7777777777777778,0.7222222222222222,0.6666666666666666,0.9444444444444444,0.9166666666666666,0.3611111111111111,0.5555555555555556,0.6111111111111112,0.1388888888888889,0.44628898759061847
1,0.95,0.6111111111111112,0.7777777777777778,0.7222222222222222,0.6666666666666666,0.9444444444444444,0.9166666666666666,0.3611111111111111,0.5555555555555556,0.6111111111111112,0.1388888888888889,0.44628898759061847,0,-1.0,0,0.65,0.7777777777777778,0.7222222222222222,0.6666666666666666,0.9444444444444444,0.9166666666666666,0.3611111111111111,0.5555555555555556,0.6111111111111112,0.1388888888888889,0.6111111111111112,0.5546871393596391
0,0.65,0.7777777777777778,0.7222222222222222,0.6666666666666666,0.9444444444444444,0.9166666666666666,0.3611111111111111,0.5555555555555556,0.6111111111111112,0.1388888888888889,0.6111111111111112,0.5546871393596391,1,-1.0,1,0.0,0.7222222222222222,0.6666666666666666,0.9444444444444444,0.9166666666666666,0.3611111111111111,0.5555555555555556,0.6111111111111112,0.1388888888888889,0.6111111111111112,0.3888888888888889,0.4773290919472211
1,0.0,0.7222222222222222,0.6666666666666666,0.9444444444444444,0.9166666666666666,0.3611111111111111,0.5555555555555556,0.6111111111111112,0.1388888888888889,0.6111111111111112,0.3888888888888889,0.4773290919472211,0,-1.0,0,0.6,0.6666666666666666,0.9444444444444444,0.9166666666666666,0.3611111111111111,0.5555555555555556,0.6111111111111112,0.1388888888888889,0.6111111111111112,0.3888888888888889,0.05555555555555555,0.6266434864810639
0,0.6,0.6666666666666666,0.9444444444444444,0.9166666666666666,0.3611111111111111,0.5555555555555556,0.6111111111111112,0.1388888888888889,0.6111111111111112,0.3888888888888889,0.05555555555555555,0.6266434864810639,1,35.0,0,0.75,0.9444444444444444,0.9166666666666666,0.3611111111111111,0.5555555555555556,0.6111111111111112,0.1388888888888889,0.6111111111111112,0.3888888888888889,0.05555555555555555,0.5555555555555556,0.6281705304094808
0,0.75,0.9444444444444444,0.9166666666666666,0.3611111111111111,0.5555555555555556,0.6111111111111112,0.1388888888888889,0.6111111111111112,0.3888888888888889,0.05555555555555555,0.5555555555555556,0.6281705304094808,1,-1.0,0,0.0,0.9166666666666666,0.3611111111111111,0.5555555555555556,0.6111111111111112,0.1388888888888889,0.6111111111111112,0.3888888888888889,0.05555555555555555,0.5555555555555556,0.08333333333333333,0.44760130280745253
0,0.0,0.9166666666666666,0.3611111111111111,0.5555555555555556,0.6111111111111112,0.1388888888888889,0.6111111111111112,0.3888888888888889,0.05555555555555555,0.5555555555555556,0.08333333333333333,0.44760130280745253,0,35.0,0,0.75,0.3611111111111111,0.5555555555555556,0.6111111111111112,0.1388888888888889,0.6111111111111112,0.3888888888888889,0.05555555555555555,0.5555555555555556,0.08333333333333333,0.9444444444444444,0.5088064295800216
0,0.75,0.3611111111111111,0.5555555555555556,0.6111111111111112,0.1388888888888889,0.6111111111111112,0.3888888888888889,0.05555555555555555,0.5555555555555556,0.08333333333333333,0.9444444444444444,0.5088064295800216,0,35.0,1,0.0,0.5555555555555556,0.6111111111111112,0.1388888888888889,0.6111111111111112,0.3888888888888889,0.05555555555555555,0.5555555555555556,0.08333333333333333,0.9444444444444444,1.0,0.46433298060862965
1,0.0,0.5555555555555556,0.6111111111111112,0.1388888888888889,0.6111111111111112,0.3888888888888889,0.05555555555555555,0.5555555555555556,0.08333333333333333,0.9444444444444444,1.0,0.46433298060862965,0,35.0,0,0.0,0.6111111111111112,0.1388888888888889,0.6111111111111112,0.3888888888888889,0.05555555555555555,0.5555555555555556,0.08333333333333333,0.9444444444444444,1.0,0.3888888888888889,0.5344043945440728
0,0.0,0.6111111111111112,0.1388888888888889,0.6111111111111112,0.3888888888888889,0.05555555555555555,0.5555555555555556,0.08333333333333333,0.9444444444444444,1.0,0.3888888888888889,0.5344043945440728,0,-1.0,1,0.0,0.1388888888888889,0.6111111111111112,0.3888888888888889,0.05555555555555555,0.5555555555555556,0.08333333333333333,0.9444444444444444,1.0,0.3888888888888889,0.9166666666666666,0.5913986266903936
1,0.0,0.1388888888888889,0.6111111111111112,0.3888888888888889,0.05555555555555555,0.5555555555555556,0.08333333333333333,0.9444444444444444,1.0,0.3888888888888889,0.9166666666666666,0.5913986266903936,1,-1.0,0,0.0,0.6111111111111112,0.3888888888888889,0.05555555555555555,0.5555555555555556,0.08333333333333333,0.9444444444444444,1.0,0.3888888888888889,0.9166666666666666,0.5277777777777778,0.4703454305348306
0,0.0,0.6111111111111112,0.3888888888888889,0.05555555555555555,0.5555555555555556,0.08333333333333333,0.9444444444444444,1.0,0.3888888888888889,0.9166666666666666,0.5277777777777778,0.4703454305348306,0,-1.0,1,0.9,0.3888888888888889,0.05555555555555555,0.5555555555555556,0.08333333333333333,0.9444444444444444,1.0,0.3888888888888889,0.9166666666666666,0.5277777777777778,0.7777777777777778,0.5269943477828417
1,0.9,0.3888888888888889,0.05555555555555555,0.5555555555555556,0.08333333333333333,0.9444444444444444,1.0,0.3888888888888889,0.9166666666666666,0.5277777777777778,0.7777777777777778,0.5269943477828417,1,35.0,0,0.0,0.05555555555555555,0.5555555555555556,0.08333333333333333,0.9444444444444444,1.0,0.3888888888888889,0.9166666666666666,0.5277777777777778,0.7777777777777778,0.8055555555555556,0.5695158337634713
0,0.0,0.05555555555555555,0.5555555555555556,0.08333333333333333,0.9444444444444444,1.0,0.3888888888888889,0.9166666666666666,0.5277777777777778,0.7777777777777778,0.8055555555555556,0.5695158337634713,1,35.0,1,0.95,0.5555555555555556,0.08333333333333333,0.9444444444444444,1.0,0.3888888888888889,0.9166666666666666,0.5277777777777778,0.7777777777777778,0.8055555555555556,0.3611111111111111,0.5922595922967483
1,0.95,0.5555555555555556,0.08333333333333333,0.9444444444444444,1.0,0.3888888888888889,0.9166666666666666,0.5277777777777778,0.7777777777777778,0.8055555555555556,0.3611111111111111,0.5922595922967483,1,-1.0,0,0.9,0.08333333333333333,0.9444444444444444,1.0,0.3888888888888889,0.9166666666666666,0.5277777777777778,0.7777777777777778,0.8055555555555556,0.3611111111111111,0.8888888888888888,0.3822169444910066
0,0.9,0.08333333333333333,0.9444444444444444,1.0,0.3888888888888889,0.9166666666666666,0.5277777777777778,0.7777777777777778,0.8055555555555556,0.3611111111111111,0.8888888888888888,0.3822169444910066,0,35.0,1,0.0,0.9444444444444444,1.0,0.3888888888888889,0.9166666666666666,0.5277777777777778,0.7777777777777778,0.8055555555555556,0.3611111111111111,0.8888888888888888,0.8333333333333334,0.5212552879566872
1,0.0,0.9444444444444444,1.0,0.3888888888888889,0.9166666666666666,0.5277777777777778,0.7777777777777778,0.8055555555555556,0.3611111111111111,0.8888888888888888,0.8333333333333334,0.5212552879566872,0,-1.0,0,0.9,1.0,0.3888888888888889,0.9166666666666666,0.5277777777777778,0.7777777777777778,0.8055555555555556,0.3611111111111111,0.8888888888888888,0.8333333333333334,0.6111111111111112,0.48714165156622324
0,0.9,1.0,0.3888888888888889,0.9166666666666666,0.5277777777777778,0.7777777777777778,0.8055555555555556,0.3611111111111111,0.8888888888888888,0.8333333333333334,0.6111111111111112,0.48714165156622324,1,-1.0,1,0.9,0.3888888888888889,0.9166666666666666,0.5277777777777778,0.7777777777777778,0.8055555555555556,0.3611111111111111,0.8888888888888888,0.8333333333333334,0.6111111111111112,0.25,0.5483617698288459
1,0.9,0.3888888888888889,0.9166666666666666,0.5277777777777778,0.7777777777777778,0.8055555555555556,0.3611111111111111,0.8888888888888888,0.8333333333333334,0.6111111111111112,0.25,0.5483617698288459,0,35.0,0,0.0,0.9166666666666666,0.5277777777777778,0.7777777777777778,0.8055555555555556,0.3611111111111111,0.8888888888888888,0.8333333333333334,0.6111111111111112,0.25,0.5,0.5838693008970224
0,0.0,0.9166666666666666,0.5277777777777778,0.7777777777777778,0.8055555555555556,0.3611111111111111,0.8888888888888888,0.8333333333333334,0.6111111111111112,0.25,0.5,0.5838693008970224,0,-1.0,0,0.0,0.5277777777777778,0.7777777777777778,0.8055555555555556,0.3611111111111111,0.8888888888888888,0.8333333333333334,0.6111111111111112,0.25,0.5,0.8611111111111112,0.32506270491537287
0,0.0,0.5277777777777778,0.7777777777777778,0.8055555555555556,0.3611111111111111,0.8888888888888888,0.8333333333333334,0.6111111111111112,0.25,0.5,0.8611111111111112,0.32506270491537287,1,-1.0,1,0.0,0.7777777777777778,0.8055555555555556,0.3611111111111111,0.8888888888888888,0.8333333333333334,0.6111111111111112,0.25,0.5,0.8611111111111112,0.9444444444444444,0.5833802354466183
1,0.0,0.7777777777777778,0.8055555555555556,0.3611111111111111,0.8888888888888888,0.8333333333333334,0.6111111111111112,0.25,0.5,0.8611111111111112,0.9444444444444444,0.5833802354466183,0,35.0,0,0.0,0.8055555555555556,0.3611111111111111,0.8888888888888888,0.8333333333333334,0.6111111111111112,0.25,0.5,0.8611111111111112,0.9444444444444444,0.3333333333333333,0.4998684819347157
0,0.0,0.8055555555555556,0.3611111111111111,0.8888888888888888,0.8333333333333334,0.6111111111111112,0.25,0.5,0.8611111111111112,0.9444444444444444,0.3333333333333333,0.4998684819347157,0,35.0,1,0.0,0.3611111111111111,0.8888888888888888,0.8333333333333334,0.6111111111111112,0.25,0.5,0.8611111111111112,0.9444444444444444,0.3333333333333333,0.75,0.5144928906550138
1,0.0,0.3611111111111111,0.8888888888888888,0.8333333333333334,0.6111111111111112,0.25,0.5,0.8611111111111112,0.9444444444444444,0.3333333333333333,0.75,0.5144928906550138,0,-1.0,0,0.0,0.8888888888888888,0.8333333333333334,0.6111111111111112,0.25,0.5,0.8611111111111112,0.9444444444444444,0.3333333333333333,0.75,0.3611111111111111,0.5305437458357953
0,0.0,0.8888888888888888,0.8333333333333334,0.6111111111111112,0.25,0.5,0.8611111111111112,0.9444444444444444,0.3333333333333333,0.75,0.3611111111111111,0.5305437458357953,1,-1.0,0,0.35,0.8333333333333334,0.6111111111111112,0.25,0.5,0.8611111111111112,0.9444444444444444,0.3333333333333333,0.75,0.3611111111111111,0.3333333333333333,0.4368980204716436
0,0.35,0.8333333333333334,0.6111111111111112,0.25,0.5,0.8611111111111112,0.9444444444444444,0.3333333333333333,0.75,0.3611111111111111,0.3333333333333333,0.4368980204716436,0,-1.0,0,0.75,0.6111111111111112,0.25,0.5,0.8611111111111112,0.9444444444444444,0.3333333333333333,0.75,0.3611111111111111,0.3333333333333333,0.0,0.4455619784646086
0,0.75,0.6111111111111112,0.25,0.5,0.8611111111111112,0.9444444444444444,0.3333333333333333,0.75,0.3611111111111111,0.3333333333333333,0.0,0.4455619784646086,-1,-1.0,0,0.65,0.25,0.5,0.8611111111111112,0.9444444444444444,0.3333333333333333,0.75,0.3611111111111111,0.3333333333333333,0.0,0.2777777777777778,0.4824115670947805
0,0.65,0.25,0.5,0.8611111111111112,0.9444444444444444,0.3333333333333333,0.75,0.3611111111111111,0.3333333333333333,0.0,0.2777777777777778,0.4824115670947805,1,-1.0,1,0.75,0.5,0.8611111111111112,0.9444444444444444,0.3333333333333333,0.75,0.3611111111111111,0.3333333333333333,0.0,0.2777777777777778,0.6944444444444444,0.5472928707712864
1,0.75,0.5,0.8611111111111112,0.9444444444444444,0.3333333333333333,0.75,0.3611111111111111,0.3333333333333333,0.0,0.2777777777777778,0.6944444444444444,0.5472928707712864,0,35.0,0,0.9,0.8611111111111112,0.9444444444444444,0.3333333333333333,0.75,0.3611111111111111,0.3333333333333333,0.0,0.2777777777777778,0.6944444444444444,0.5833333333333334,0.39251953332965855
0,0.9,0.8611111111111112,0.9444444444444444,0.3333333333333333,0.75,0.3611111111111111,0.3333333333333333,0.0,0.2777777777777778,0.6944444444444444,0.5833333333333334,0.39251953332965855,0,35.0,1,0.0,0.9444444444444444,0.3333333333333333,0.75,0.3611111111111111,0.3333333333333333,0.0,0.2777777777777778,0.6944444444444444,0.5833333333333334,0.1388888888888889,0.49719099498923597
1,0.0,0.9444444444444444,0.3333333333333333,0.75,0.3611111111111111,0.3333333333333333,0.0,0.2777777777777778,0.6944444444444444,0.5833333333333334,0.1388888888888889,0.49719099498923597,0,35.0,0,0.65,0.3333333333333333,0.75,0.3611111111111111,0.3333333333333333,0.0,0.2777777777777778,0.6944444444444444,0.5833333333333334,0.1388888888888889,0.4444444444444444,0.46900766985442144
0,0.65,0.3333333333333333,0.75,0.3611111111111111,0.3333333333333333,0.0,0.2777777777777778,0.6944444444444444,0.5833333333333334,0.1388888888888889,0.4444444444444444,0.46900766985442144,0,35.0,1,0.0,0.75,0.3611111111111111,0.3333333333333333,0.0,0.2777777777777778,0.6944444444444444,0.5833333333333334,0.1388888888888889,0.4444444444444444,0.25,0.5099873259362198
1,0.0,0.75,0.3611111111111111,0.3333333333333333,0.0,0.2777777777777778,0.6944444444444444,0.5833333333333334,0.1388888888888889,0.4444444444444444,0.25,0.5099873259362198,0,-1.0,1,0.6,0.3611111111111111,0.3333333333333333,0.0,0.2777777777777778,0.6944444444444444,0.5833333333333334,0.1388888888888889,0.4444444444444444,0.25,0.05555555555555555,0.524646128506155
1,0.6,0.3611111111111111,0.3333333333333333,0.0,0.2777777777777778,0.6944444444444444,0.5833333333333334,0.1388888888888889,0.4444444444444444,0.25,0.05555555555555555,0.524646128506155,1,-1.0,0,0.0,0.3333333333333333,0.0,0.2777777777777778,0.6944444444444444,0.5833333333333334,0.1388888888888889,0.4444444444444444,0.25,0.05555555555555555,0.75,0.5269533780718784
0,0.0,0.3333333333333333,0.0,0.2777777777777778,0.6944444444444444,0.5833333333333334,0.1388888888888889,0.4444444444444444,0.25,0.05555555555555555,0.75,0.5269533780718784,0,-1.0,0,0.0,0.0,0.2777777777777778,0.6944444444444444,0.5833333333333334,0.1388888888888889,0.4444444444444444,0.25,0.05555555555555555,0.75,0.0,0.4108600538563859
0,0.0,0.0,0.2777777777777778,0.6944444444444444,0.5833333333333334,0.1388888888888889,0.4444444444444444,0.25,0.05555555555555555,0.75,0.0,0.4108600538563859,-1,-1.0,0,0.75,0.2777777777777778,0.6944444444444444,0.5833333333333334,0.1388888888888889,0.4444444444444444,0.25,0.05555555555555555,0.75,0.0,0.25,0.5222974647705233
0,0.75,0.2777777777777778,0.6944444444444444,0.5833333333333334,0.1388888888888889,0.4444444444444444,0.25,0.05555555555555555,0.75,0.0,0.25,0.5222974647705233,0,-1.0,1,0.0,0.6944444444444444,0.5833333333333334,0.1388888888888889,0.4444444444444444,0.25,0.05555555555555555,0.75,0.0,0.25,0.4722222222222222,0.5582233490169058
1,0.0,0.6944444444444444,0.5833333333333334,0.1388888888888889,0.4444444444444444,0.25,0.05555555555555555,0.75,0.0,0.25,0.4722222222222222,0.5582233490169058,1,-1.0,0,0.7,0.5833333333333334,0.1388888888888889,0.4444444444444444,0.25,0.05555555555555555,0.75,0.0,0.25,0.4722222222222222,0.8333333333333334,0.4359963878937689
0,0.7,0.5833333333333334,0.1388888888888889,0.4444444444444444,0.25,0.05555555555555555,0.75,0.0,0.25,0.4722222222222222,0.8333333333333334,0.4359963878937689,0,35.0,1,0.0,0.1388888888888889,0.4444444444444444,0.25,0.05555555555555555,0.75,0.0,0.25,0.4722222222222222,0.8333333333333334,0.6944444444444444,0.45540739782688205
1,0.0,0.1388888888888889,0.4444444444444444,0.25,0.05555555555555555,0.75,0.0,0.25,0.4722222222222222,0.8333333333333334,0.6944444444444444,0.45540739782688205,0,35.0,0,0.0,0.4444444444444444,0.25,0.05555555555555555,0.75,0.0,0.25,0.4722222222222222,0.8333333333333334,0.6944444444444444,0.3333333333333333,0.5519044815212877
0,0.0,0.4444444444444444,0.25,0.05555555555555555,0.75,0.0,0.25,0.4722222222222222,0.8333333333333334,0.6944444444444444,0.3333333333333333,0.5519044815212877,0,-1.0,1,0.0,0.25,0.05555555555555555,0.75,0.0,0.25,0.4722222222222222,0.8333333333333334,0.6944444444444444,0.3333333333333333,0.4722222222222222,0.5686932534192536
1,0.0,0.25,0.05555555555555555,0.75,0.0,0.25,0.4722222222222222,0.8333333333333334,0.6944444444444444,0.3333333333333333,0.4722222222222222,0.5686932534192536,1,-1.0,0,0.0,0.05555555555555555,0.75,0.0,0.25,0.4722222222222222,0.8333333333333334,0.6944444444444444,0.3333333333333333,0.4722222222222222,0.3333333333333333,0.48403274551300884
0,0.0,0.05555555555555555,0.75,0.0,0.25,0.4722222222222222,0.8333333333333334,0.6944444444444444,0.3333333333333333,0.4722222222222222,0.3333333333333333,0.48403274551300884,0,-1.0,1,0.0,0.75,0.0,0.25,0.4722222222222222,0.8333333333333334,0.6944444444444444,0.3333333333333333,0.4722222222222222,0.3333333333333333,0.8611111111111112,0.4204520520925572
1,0.0,0.75,0.0,0.25,0.4722222222222222,0.8333333333333334,0.6944444444444444,0.3333333333333333,0.4722222222222222,0.3333333333333333,0.8611111111111112,0.4204520520925572,1,-1.0,0,0.5,0.0,0.25,0.4722222222222222,0.8333333333333334,0.6944444444444444,0.3333333333333333,0.4722222222222222,0.3333333333333333,0.8611111111111112,0.25,0.46006571660963624
0,0.5,0.0,0.25,0.4722222222222222,0.8333333333333334,0.6944444444444444,0.3333333333333333,0.4722222222222222,0.3333333333333333,0.8611111111111112,0.25,0.46006571660963624,0,35.0,1,0.5,0.25,0.4722222222222222,0.8333333333333334,0.6944444444444444,0.3333333333333333,0.4722222222222222,0.3333333333333333,0.8611111111111112,0.25,0.3888888888888889,0.4154610978530513
1,0.5,0.25,0.4722222222222222,0.8333333333333334,0.6944444444444444,0.3333333333333333,0.4722222222222222,0.3333333333333333,0.8611111111111112,0.25,0.3888888888888889,0.4154610978530513,0,35.0,0,0.0,0.4722222222222222,0.8333333333333334,0.6944444444444444,0.3333333333333333,0.4722222222222222,0.3333333333333333,0.8611111111111112,0.25,0.3888888888888889,1.0,0.5290735363508378
0,0.0,0.4722222222222222,0.8333333333333334,0.6944444444444444,0.3333333333333333,0.4722222222222222,0.3333333333333333,0.8611111111111112,0.25,0.3888888888888889,1.0,0.5290735363508378,0,-1.0,1,0.5,0.8333333333333334,0.6944444444444444,0.3333333333333333,0.4722222222222222,0.3333333333333333,0.8611111111111112,0.25,0.3888888888888889,1.0,0.0,0.47505239537039406
1,0.5,0.8333333333333334,0.6944444444444444,0.3333333333333333,0.4722222222222222,0.3333333333333333,0.8611111111111112,0.25,0.3888888888888889,1.0,0.0,0.47505239537039406,-1,-1.0,1,0.0,0.6944444444444444,0.3333333333333333,0.4722222222222222,0.3333333333333333,0.8611111111111112,0.25,0.3888888888888889,1.0,0.0,0.7222222222222222,0.45133693632169836
1,0.0,0.6944444444444444,0.3333333333333333,0.4722222222222222,0.3333333333333333,0.8611111111111112,0.25,0.3888888888888889,1.0,0.0,0.7222222222222222,0.45133693632169836,1,-1.0,0,0.0,0.3333333333333333,0.4722222222222222,0.3333333333333333,0.8611111111111112,0.25,0.3888888888888889,1.0,0.0,0.7222222222222222,0.3888888888888889,0.38067018728574575
0,0.0,0.3333333333333333,0.4722222222222222,0.3333333333333333,0.8611111111111112,0.25,0.3888888888888889,1.0,0.0,0.7222222222222222,0.3888888888888889,0.38067018728574575,0,35.0,1,0.5,0.4722222222222222,0.3333333333333333,0.8611111111111112,0.25,0.3888888888888889,1.0,0.0,0.7222222222222222,0.3888888888888889,0.027777777777777776,0.4583222294605512
1,0.5,0.4722222222222222,0.3333333333333333,0.8611111111111112,0.25,0.3888888888888889,1.0,0.0,0.7222222222222222,0.3888888888888889,0.027777777777777776,0.4583222294605512,0,-1.0,0,0.0,0.3333333333333333,0.8611111111111112,0.25,0.3888888888888889,1.0,0.0,0.7222222222222222,0.3888888888888889,0.027777777777777776,0.6666666666666666,0.5113672255868912
0,0.0,0.3333333333333333,0.8611111111111112,0.25,0.3888888888888889,1.0,0.0,0.7222222222222222,0.3888888888888889,0.027777777777777776,0.6666666666666666,0.5113672255868912,1,-1.0,1,0.0,0.8611111111111112,0.25,0.3888888888888889,1.0,0.0,0.7222222222222222,0.3888888888888889,0.027777777777777776,0.6666666666666666,1.0,0.40585225034572253
1,0.0,0.8611111111111112,0.25,0.3888888888888889,1.0,0.0,0.7222222222222222,0.3888888888888889,0.027777777777777776,0.6666666666666666,1.0,0.40585225034572253,0,35.0,0,0.0,0.25,0.3888888888888889,1.0,0.0,0.7222222222222222,0.3888888888888889,0.027777777777777776,0.6666666666666666,1.0,1.0,0.45777094350825076
0,0.0,0.25,0.3888888888888889,1.0,0.0,0.7222222222222222,0.3888888888888889,0.027777777777777776,0.6666666666666666,1.0,1.0,0.45777094350825076,0,-1.0,1,0.0,0.3888888888888889,1.0,0.0,0.7222222222222222,0.3888888888888889,0.027777777777777776,0.6666666666666666,1.0,1.0,0.1111111111111111,0.4987544439747177
1,0.0,0.3888888888888889,1.0,0.0,0.7222222222222222,0.3888888888888889,0.027777777777777776,0.6666666666666666,1.0,1.0,0.1111111111111111,0.4987544439747177,1,-1.0,0,0.0,1.0,0.0,0.7222222222222222,0.3888888888888889,0.027777777777777776,0.6666666666666666,1.0,1.0,0.1111111111111111,0.6944444444444444,0.4197198400775064
0,0.0,1.0,0.0,0.7222222222222222,0.3888888888888889,0.027777777777777776,0.6666666666666666,1.0,1.0,0.1111111111111111,0.6944444444444444,0.4197198400775064,0,35.0,0,0.65,0.0,0.7222222222222222,0.3888888888888889,0.027777777777777776,0.6666666666666666,1.0,1.0,0.1111111111111111,0.6944444444444444,0.027777777777777776,0.4007863668218859
0,0.65,0.0,0.7222222222222222,0.3888888888888889,0.027777777777777776,0.6666666666666666,1.0,1.0,0.1111111111111111,0.6944444444444444,0.027777777777777776,0.4007863668218859,0,-1.0,1,0.0,0.7222222222222222,0.3888888888888889,0.027777777777777776,0.6666666666666666,1.0,1.0,0.1111111111111111,0.6944444444444444,0.027777777777777776,0.3611111111111111,0.4854253274397417
1,0.0,0.7222222222222222,0.3888888888888889,0.027777777777777776,0.6666666666666666,1.0,1.0,0.1111111111111111,0.6944444444444444,0.027777777777777776,0.3611111111111111,0.4854253274397417,1,35.0,1,0.0,0.3888888888888889,0.027777777777777776,0.6666666666666666,1.0,1.0,0.1111111111111111,0.6944444444444444,0.027777777777777776,0.3611111111111111,0.2222222222222222,0.48163071930047247
1,0.0,0.3888888888888889,0.027777777777777776,0.6666666666666666,1.0,1.0,0.1111111111111111,0.6944444444444444,0.027777777777777776,0.3611111111111111,0.2222222222222222,0.48163071930047247,1,-1.0,0,0.0,0.027777777777777776,0.6666666666666666,1.0,1.0,0.1111111111111111,0.6944444444444444,0.027777777777777776,0.3611111111111111,0.2222222222222222,0.5,0.42908699206149925
0,0.0,0.027777777777777776,0.6666666666666666,1.0,1.0,0.1111111111111111,0.6944444444444444,0.027777777777777776,0.3611111111111111,0.2222222222222222,0.5,0.42908699206149925,0,35.0,0,0.5,0.6666666666666666,1.0,1.0,0.1111111111111111,0.6944444444444444,0.027777777777777776,0.3611111111111111,0.2222222222222222,0.5,0.25,0.42068817349362564
0,0.5,0.6666666666666666,1.0,1.0,0.1111111111111111,0.6944444444444444,0.027777777777777776,0.3611111111111111,0.2222222222222222,0.5,0.25,0.42068817349362564,0,35.0,1,0.0,1.0,1.0,0.1111111111111111,0.6944444444444444,0.027777777777777776,0.3611111111111111,0.2222222222222222,0.5,0.25,0.19444444444444445,0.4814820715723922
1,0.0,1.0,1.0,0.1111111111111111,0.6944444444444444,0.027777777777777776,0.3611111111111111,0.2222222222222222,0.5,0.25,0.19444444444444445,0.4814820715723922,0,35.0,0,0.5,1.0,0.1111111111111111,0.6944444444444444,0.027777777777777776,0.3611111111111111,0.2222222222222222,0.5,0.25,0.19444444444444445,0.027777777777777776,0.5329274771228203
0,0.5,1.0,0.1111111111111111,0.6944444444444444,0.027777777777777776,0.3611111111111111,0.2222222222222222,0.5,0.25,0.19444444444444445,0.027777777777777776,0.5329274771228203,0,-1.0,1,0.0,0.1111111111111111,0.6944444444444444,0.027777777777777776,0.3611111111111111,0.2222222222222222,0.5,0.25,0.19444444444444445,0.027777777777777776,0.8611111111111112,0.5559023112362054
1,0.0,0.1111111111111111,0.6944444444444444,0.027777777777777776,0.3611111111111111,0.2222222222222222,0.5,0.25,0.19444444444444445,0.027777777777777776,0.8611111111111112,0.5559023112362054,1,-1.0,0,0.0,0.6944444444444444,0.027777777777777776,0.3611111111111111,0.2222222222222222,0.5,0.25,0.19444444444444445,0.027777777777777776,0.8611111111111112,0.8333333333333334,0.5361278834577663
0,0.0,0.6944444444444444,0.027777777777777776,0.3611111111111111,0.2222222222222222,0.5,0.25,0.19444444444444445,0.027777777777777776,0.8611111111111112,0.8333333333333334,0.5361278834577663,0,35.0,1,0.0,0.027777777777777776,0.3611111111111111,0.2222222222222222,0.5,0.25,0.19444444444444445,0.027777777777777776,0.8611111111111112,0.8333333333333334,0.3888888888888889,0.4866176421980902
1,0.0,0.027777777777777776,0.3611111111111111,0.2222222222222222,0.5,0.25,0.19444444444444445,0.027777777777777776,0.8611111111111112,0.8333333333333334,0.3888888888888889,0.4866176421980902,0,-1.0,0,0.0,0.3611111111111111,0.2222222222222222,0.5,0.25,0.19444444444444445,0.027777777777777776,0.8611111111111112,0.8333333333333334,0.3888888888888889,0.16666666666666666,0.5871719781922159
0,0.0,0.3611111111111111,0.2222222222222222,0.5,0.25,0.19444444444444445,0.027777777777777776,0.8611111111111112,0.8333333333333334,0.3888888888888889,0.16666666666666666,0.5871719781922159,1,-1.0,1,0.0,0.2222222222222222,0.5,0.25,0.19444444444444445,0.027777777777777776,0.8611111111111112,0.8333333333333334,0.3888888888888889,0.16666666666666666,0.25,0.65414033861492
1,0.0,0.2222222222222222,0.5,0.25,0.19444444444444445,0.027777777777777776,0.8611111111111112,0.8333333333333334,0.3888888888888889,0.16666666666666666,0.25,0.65414033861492,0,35.0,0,0.65,0.5,0.25,0.19444444444444445,0.027777777777777776,0.8611111111111112,0.8333333333333334,0.3888888888888889,0.16666666666666666,0.25,0.25,0.5729474567459188
0,0.65,0.5,0.25,0.19444444444444445,0.027777777777777776,0.8611111111111112,0.8333333333333334,0.3888888888888889,0.16666666666666666,0.25,0.25,0.5729474567459188,0,-1.0,1,0.0,0.25,0.19444444444444445,0.027777777777777776,0.8611111111111112,0.8333333333333334,0.3888888888888889,0.16666666666666666,0.25,0.25,0.7777777777777778,0.4595579827783329
1,0.0,0.25,0.19444444444444445,0.027777777777777776,0.8611111111111112,0.8333333333333334,0.3888888888888889,0.16666666666666666,0.25,0.25,0.7777777777777778,0.4595579827783329,1,35.0,0,0.0,0.19444444444444445,0.027777777777777776,0.8611111111111112,0.8333333333333334,0.3888888888888889,0.16666666666666666,0.25,0.25,0.7777777777777778,0.3611111111111111,0.5630067599940722
0,0.0,0.19444444444444445,0.027777777777777776,0.8611111111111112,0.8333333333333334,0.3888888888888889,0.16666666666666666,0.25,0.25,0.7777777777777778,0.3611111111111111,0.5630067599940722,1,-1.0,0,0.5,0.027777777777777776,0.8611111111111112,0.8333333333333334,0.3888888888888889,0.16666666666666666,0.25,0.25,0.7777777777777778,0.3611111111111111,0.25,0.4500904321109126
0,0.5,0.027777777777777776,0.8611111111111112,0.8333333333333334,0.3888888888888889,0.16666666666666666,0.25,0.25,0.7777777777777778,0.3611111111111111,0.25,0.4500904321109126,0,-1.0,1,0.75,0.8611111111111112,0.8333333333333334,0.3888888888888889,0.16666666666666666,0.25,0.25,0.7777777777777778,0.3611111111111111,0.25,0.7222222222222222,0.5049709642282999
1,0.75,0.8611111111111112,0.8333333333333334,0.3888888888888889,0.16666666666666666,0.25,0.25,0.7777777777777778,0.3611111111111111,0.25,0.7222222222222222,0.5049709642282999,1,-1.0,0,0.75,0.8333333333333334,0.3888888888888889,0.16666666666666666,0.25,0.25,0.7777777777777778,0.3611111111111111,0.25,0.7222222222222222,0.25,0.4989479978092216
0,0.75,0.8333333333333334,0.3888888888888889,0.16666666666666666,0.25,0.25,0.7777777777777778,0.3611111111111111,0.25,0.7222222222222222,0.25,0.4989479978092216,0,35.0,1,0.6,0.3888888888888889,0.16666666666666666,0.25,0.25,0.7777777777777778,0.3611111111111111,0.25,0.7222222222222222,0.25,0.6944444444444444,0.46942521808975135
1,0.6,0.3888888888888889,0.16666666666666666,0.25,0.25,0.7777777777777778,0.3611111111111111,0.25,0.7222222222222222,0.25,0.6944444444444444,0.46942521808975135,0,35.0,1,0.8,0.16666666666666666,0.25,0.25,0.7777777777777778,0.3611111111111111,0.25,0.7222222222222222,0.25,0.6944444444444444,0.9444444444444444,0.4370925414427426
1,0.8,0.16666666666666666,0.25,0.25,0.7777777777777778,0.3611111111111111,0.25,0.7222222222222222,0.25,0.6944444444444444,0.9444444444444444,0.4370925414427426,0,35.0,0,0.0,0.25,0.25,0.7777777777777778,0.3611111111111111,0.25,0.7222222222222222,0.25,0.6944444444444444,0.9444444444444444,0.6944444444444444,0.5702406946850055
0,0.0,0.25,0.25,0.7777777777777778,0.3611111111111111,0.25,0.7222222222222222,0.25,0.6944444444444444,0.9444444444444444,0.6944444444444444,0.5702406946850055,0,-1.0,0,0.0,0.25,0.7777777777777778,0.3611111111111111,0.25,0.7222222222222222,0.25,0.6944444444444444,0.9444444444444444,0.6944444444444444,0.6111111111111112,0.4608803508073902
0,0.0,0.25,0.7777777777777778,0.3611111111111111,0.25,0.7222222222222222,0.25,0.6944444444444444,0.9444444444444444,0.6944444444444444,0.6111111111111112,0.4608803508073902,1,35.0,0,0.65,0.7777777777777778,0.3611111111111111,0.25,0.7222222222222222,0.25,0.6944444444444444,0.9444444444444444,0.6944444444444444,0.6111111111111112,0.4722222222222222,0.5137220223093667
0,0.65,0.7777777777777778,0.3611111111111111,0.25,0.7222222222222222,0.25,0.6944444444444444,0.9444444444444444,0.6944444444444444,0.6111111111111112,0.4722222222222222,0.5137220223093667,1,35.0,0,0.65,0.3611111111111111,0.25,0.7222222222222222,0.25,0.6944444444444444,0.9444444444444444,0.6944444444444444,0.6111111111111112,0.4722222222222222,0.4166666666666667,0.6101185051988495
0,0.65,0.3611111111111111,0.25,0.7222222222222222,0.25,0.6944444444444444,0.9444444444444444,0.6944444444444444,0.6111111111111112,0.4722222222222222,0.4166666666666667,0.6101185051988495,1,35.0,1,0.8,0.25,0.7222222222222222,0.25,0.6944444444444444,0.9444444444444444,0.6944444444444444,0.6111111111111112,0.4722222222222222,0.4166666666666667,0.5555555555555556,0.4742968406728497
1,0.8,0.25,0.7222222222222222,0.25,0.6944444444444444,0.9444444444444444,0.6944444444444444,0.6111111111111112,0.4722222222222222,0.4166666666666667,0.5555555555555556,0.4742968406728497,1,35.0,0,0.0,0.7222222222222222,0.25,0.6944444444444444,0.9444444444444444,0.6944444444444444,0.6111111111111112,0.4722222222222222,0.4166666666666667,0.5555555555555556,0.5555555555555556,0.42830383450513065
0,0.0,0.7222222222222222,0.25,0.6944444444444444,0.9444444444444444,0.6944444444444444,0.6111111111111112,0.4722222222222222,0.4166666666666667,0.5555555555555556,0.5555555555555556,0.42830383450513065,1,-1.0,1,0.75,0.25,0.6944444444444444,0.9444444444444444,0.6944444444444444,0.6111111111111112,0.4722222222222222,0.4166666666666667,0.5555555555555556,0.5555555555555556,0.3888888888888889,0.3743477513785829
1,0.75,0.25,0.6944444444444444,0.9444444444444444,0.6944444444444444,0.6111111111111112,0.4722222222222222,0.4166666666666667,0.5555555555555556,0.5555555555555556,0.3888888888888889,0.3743477513785829,0,35.0,0,0.0,0.6944444444444444,0.9444444444444444,0.6944444444444444,0.6111111111111112,0.4722222222222222,0.4166666666666667,0.5555555555555556,0.5555555555555556,0.3888888888888889,0.3888888888888889,0.4038731385431945
0,0.0,0.6944444444444444,0.9444444444444444,0.6944444444444444,0.6111111111111112,0.4722222222222222,0.4166666666666667,0.5555555555555556,0.5555555555555556,0.3888888888888889,0.3888888888888889,0.4038731385431945,0,35.0,0,0.5,0.9444444444444444,0.6944444444444444,0.6111111111111112,0.4722222222222222,0.4166666666666667,0.5555555555555556,0.5555555555555556,0.3888888888888889,0.3888888888888889,0.6944444444444444,0.4538696292724541
0,0.5,0.9444444444444444,0.6944444444444444,0.6111111111111112,0.4722222222222222,0.4166666666666667,0.5555555555555556,0.5555555555555556,0.3888888888888889,0.3888888888888889,0.6944444444444444,0.4538696292724541,0,-1.0,1,0.0,0.6944444444444444,0.6111111111111112,0.4722222222222222,0.4166666666666667,0.5555555555555556,0.5555555555555556,0.3888888888888889,0.3888888888888889,0.6944444444444444,0.16666666666666666,0.5222005956626135
1,0.0,0.6944444444444444,0.6111111111111112,0.4722222222222222,0.4166666666666667,0.5555555555555556,0.5555555555555556,0.3888888888888889,0.3888888888888889,0.6944444444444444,0.16666666666666666,0.5222005956626135,1,35.0,0,0.0,0.6111111111111112,0.4722222222222222,0.4166666666666667,0.5555555555555556,0.5555555555555556,0.3888888888888889,0.3888888888888889,0.6944444444444444,0.16666666666666666,0.2222222222222222,0.48483381441728113
0,0.0,0.6111111111111112,0.4722222222222222,0.4166666666666667,0.5555555555555556,0.5555555555555556,0.3888888888888889,0.3888888888888889,0.6944444444444444,0.16666666666666666,0.2222222222222222,0.48483381441728113,1,-1.0,1,0.0,0.4722222222222222,0.4166666666666667,0.5555555555555556,0.5555555555555556,0.3888888888888889,0.3888888888888889,0.6944444444444444,0.16666666666666666,0.2222222222222222,0.4444444444444444,0.44940461769845863
1,0.0,0.4722222222222222,0.4166666666666667,0.5555555555555556,0.5555555555555556,0.3888888888888889,0.3888888888888889,0.6944444444444444,0.16666666666666666,0.2222222222222222,0.4444444444444444,0.44940461769845863,0,35.0,1,0.75,0.4166666666666667,0.5555555555555556,0.5555555555555556,0.3888888888888889,0.3888888888888889,0.6944444444444444,0.16666666666666666,0.2222222222222222,0.4444444444444444,0.4444444444444444,0.47400026032776454
1,0.75,0.4166666666666667,0.5555555555555556,0.5555555555555556,0.3888888888888889,0.3888888888888889,0.6944444444444444,0.16666666666666666,0.2222222222222222,0.4444444444444444,0.4444444444444444,0.47400026032776454,0,35.0,0,0.8,0.5555555555555556,0.5555555555555556,0.3888888888888889,0.3888888888888889,0.6944444444444444,0.16666666666666666,0.2222222222222222,0.4444444444444444,0.4444444444444444,0.5277777777777778,0.5763781566164105
0,0.8,0.5555555555555556,0.5555555555555556,0.3888888888888889,0.3888888888888889,0.6944444444444444,0.16666666666666666,0.2222222222222222,0.4444444444444444,0.4444444444444444,0.5277777777777778,0.5763781566164105,0,-1.0,0,0.65,0.5555555555555556,0.3888888888888889,0.3888888888888889,0.6944444444444444,0.16666666666666666,0.2222222222222222,0.4444444444444444,0.4444444444444444,0.5277777777777778,0.7222222222222222,0.41223897767132217
0,0.65,0.5555555555555556,0.3888888888888889,0.3888888888888889,0.6944444444444444,0.16666666666666666,0.2222222222222222,0.4444444444444444,0.4444444444444444,0.5277777777777778,0.7222222222222222,0.41223897767132217,1,-1.0,0,0.75,0.3888888888888889,0.3888888888888889,0.6944444444444444,0.16666666666666666,0.2222222222222222,0.4444444444444444,0.4444444444444444,0.5277777777777778,0.7222222222222222,0.75,0.5333268361957394
0,0.75,0.3888888888888889,0.3888888888888889,0.6944444444444444,0.16666666666666666,0.2222222222222222,0.4444444444444444,0.4444444444444444,0.5277777777777778,0.7222222222222222,0.75,0.5333268361957394,0,35.0,1,0.65,0.3888888888888889,0.6944444444444444,0.16666666666666666,0.2222222222222222,0.4444444444444444,0.4444444444444444,0.5277777777777778,0.7222222222222222,0.75,0.08333333333333333,0.5634316273205697
1,0.65,0.3888888888888889,0.6944444444444444,0.16666666666666666,0.2222222222222222,0.4444444444444444,0.4444444444444444,0.5277777777777778,0.7222222222222222,0.75,0.08333333333333333,0.5634316273205697,0,-1.0,0,0.65,0.6944444444444444,0.16666666666666666,0.2222222222222222,0.4444444444444444,0.4444444444444444,0.5277777777777778,0.7222222222222222,0.75,0.08333333333333333,0.3055555555555556,0.4934338371536495
0,0.65,0.6944444444444444,0.16666666666666666,0.2222222222222222,0.4444444444444444,0.4444444444444444,0.5277777777777778,0.7222222222222222,0.75,0.08333333333333333,0.3055555555555556,0.4934338371536495,1,-1.0,1,0.7,0.16666666666666666,0.2222222222222222,0.4444444444444444,0.4444444444444444,0.5277777777777778,0.7222222222222222,0.75,0.08333333333333333,0.3055555555555556,0.5,0.5994993637439696
1,0.7,0.16666666666666666,0.2222222222222222,0.4444444444444444,0.4444444444444444,0.5277777777777778,0.7222222222222222,0.75,0.08333333333333333,0.3055555555555556,0.5,0.5994993637439696,0,35.0,0,0.65,0.2222222222222222,0.4444444444444444,0.4444444444444444,0.5277777777777778,0.7222222222222222,0.75,0.08333333333333333,0.3055555555555556,0.5,0.8888888888888888,0.44732057175492457
0,0.65,0.2222222222222222,0.4444444444444444,0.4444444444444444,0.5277777777777778,0.7222222222222222,0.75,0.08333333333333333,0.3055555555555556,0.5,0.8888888888888888,0.44732057175492457,0,-1.0,1,0.65,0.4444444444444444,0.4444444444444444,0.5277777777777778,0.7222222222222222,0.75,0.08333333333333333,0.3055555555555556,0.5,0.8888888888888888,0.3055555555555556,0.4417184579964074
1,0.65,0.4444444444444444,0.4444444444444444,0.5277777777777778,0.7222222222222222,0.75,0.08333333333333333,0.3055555555555556,0.5,0.8888888888888888,0.3055555555555556,0.4417184579964074,1,35.0,0,0.65,0.4444444444444444,0.5277777777777778,0.7222222222222222,0.75,0.08333333333333333,0.3055555555555556,0.5,0.8888888888888888,0.3055555555555556,0.16666666666666666,0.45677535309202644
0,0.65,0.4444444444444444,0.5277777777777778,0.7222222222222222,0.75,0.08333333333333333,0.3055555555555556,0.5,0.8888888888888888,0.3055555555555556,0.16666666666666666,0.45677535309202644,1,35.0,1,0.7,0.5277777777777778,0.7222222222222222,0.75,0.08333333333333333,0.3055555555555556,0.5,0.8888888888888888,0.3055555555555556,0.16666666666666666,0.8611111111111112,0.48086049404705206
1,0.7,0.5277777777777778,0.7222222222222222,0.75,0.08333333333333333,0.3055555555555556,0.5,0.8888888888888888,0.3055555555555556,0.16666666666666666,0.8611111111111112,0.48086049404705206,1,35.0,0,0.7,0.7222222222222222,0.75,0.08333333333333333,0.3055555555555556,0.5,0.8888888888888888,0.3055555555555556,0.16666666666666666,0.8611111111111112,0.6111111111111112,0.42390945053883966
0,0.7,0.7222222222222222,0.75,0.08333333333333333,0.3055555555555556,0.5,0.8888888888888888,0.3055555555555556,0.16666666666666666,0.8611111111111112,0.6111111111111112,0.42390945053883966,1,-1.0,1,0.7,0.75,0.08333333333333333,0.3055555555555556,0.5,0.8888888888888888,0.3055555555555556,0.16666666666666666,0.8611111111111112,0.6111111111111112,0.9444444444444444,0.5437494518697052
1,0.7,0.75,0.08333333333333333,0.3055555555555556,0.5,0.8888888888888888,0.3055555555555556,0.16666666666666666,0.8611111111111112,0.6111111111111112,0.9444444444444444,0.5437494518697052,0,35.0,0,0.6,0.08333333333333333,0.3055555555555556,0.5,0.8888888888888888,0.3055555555555556,0.16666666666666666,0.8611111111111112,0.6111111111111112,0.9444444444444444,0.5833333333333334,0.5360745186537478
0,0.6,0.08333333333333333,0.3055555555555556,0.5,0.8888888888888888,0.3055555555555556,0.16666666666666666,0.8611111111111112,0.6111111111111112,0.9444444444444444,0.5833333333333334,0.5360745186537478,0,35.0,1,0.55,0.3055555555555556,0.5,0.8888888888888888,0.3055555555555556,0.16666666666666666,0.8611111111111112,0.6111111111111112,0.9444444444444444,0.5833333333333334,0.5277777777777778,0.47888204655336347
1,0.55,0.3055555555555556,0.5,0.8888888888888888,0.3055555555555556,0.16666666666666666,0.8611111111111112,0.6111111111111112,0.9444444444444444,0.5833333333333334,0.5277777777777778,0.47888204655336347,0,35.0,0,0.55,0.5,0.8888888888888888,0.3055555555555556,0.16666666666666666,0.8611111111111112,0.6111111111111112,0.9444444444444444,0.5833333333333334,0.5277777777777778,0.027777777777777776,0.5067389905181553
0,0.55,0.5,0.8888888888888888,0.3055555555555556,0.16666666666666666,0.8611111111111112,0.6111111111111112,0.9444444444444444,0.5833333333333334,0.5277777777777778,0.027777777777777776,0.5067389905181553,0,-1.0,1,0.7,0.8888888888888888,0.3055555555555556,0.16666666666666666,0.8611111111111112,0.6111111111111112,0.9444444444444444,0.5833333333333334,0.5277777777777778,0.027777777777777776,0.5555555555555556,0.48033629626413843
1,0.7,0.8888888888888888,0.3055555555555556,0.16666666666666666,0.8611111111111112,0.6111111111111112,0.9444444444444444,0.5833333333333334,0.5277777777777778,0.027777777777777776,0.5555555555555556,0.48033629626413843,1,-1.0,0,0.6,0.3055555555555556,0.16666666666666666,0.8611111111111112,0.6111111111111112,0.9444444444444444,0.5833333333333334,0.5277777777777778,0.027777777777777776,0.5555555555555556,0.5,0.4460322040610824
0,0.6,0.3055555555555556,0.16666666666666666,0.8611111111111112,0.6111111111111112,0.9444444444444444,0.5833333333333334,0.5277777777777778,0.027777777777777776,0.5555555555555556,0.5,0.4460322040610824,0,-1.0,1,0.55,0.16666666666666666,0.8611111111111112,0.6111111111111112,0.9444444444444444,0.5833333333333334,0.5277777777777778,0.027777777777777776,0.5555555555555556,0.5,0.5555555555555556,0.5144549943424855
1,0.55,0.16666666666666666,0.8611111111111112,0.6111111111111112,0.9444444444444444,0.5833333333333334,0.5277777777777778,0.027777777777777776,0.5555555555555556,0.5,0.5555555555555556,0.5144549943424855,1,35.0,0,0.55,0.8611111111111112,0.6111111111111112,0.9444444444444444,0.5833333333333334,0.5277777777777778,0.027777777777777776,0.5555555555555556,0.5,0.5555555555555556,0.8611111111111112,0.5601980962481785
0,0.55,0.8611111111111112,0.6111111111111112,0.9444444444444444,0.5833333333333334,0.5277777777777778,0.027777777777777776,0.5555555555555556,0.5,0.5555555555555556,0.8611111111111112,0.5601980962481785,1,-1.0,1,0.5,0.6111111111111112,0.9444444444444444,0.5833333333333334,0.5277777777777778,0.027777777777777776,0.5555555555555556,0.5,0.5555555555555556,0.8611111111111112,0.027777777777777776,0.5155918030110268
1,0.5,0.6111111111111112,0.9444444444444444,0.5833333333333334,0.5277777777777778,0.027777777777777776,0.5555555555555556,0.5,0.5555555555555556,0.8611111111111112,0.027777777777777776,0.5155918030110268,0,35.0,0,0.6,0.9444444444444444,0.5833333333333334,0.5277777777777778,0.027777777777777776,0.5555555555555556,0.5,0.5555555555555556,0.8611111111111112,0.027777777777777776,0.4444444444444444,0.4353141973712926
0,0.6,0.9444444444444444,0.5833333333333334,0.5277777777777778,0.027777777777777776,0.5555555555555556,0.5,0.5555555555555556,0.8611111111111112,0.027777777777777776,0.4444444444444444,0.4353141973712926,0,-1.0,0,0.6,0.5833333333333334,0.5277777777777778,0.027777777777777776,0.5555555555555556,0.5,0.5555555555555556,0.8611111111111112,0.027777777777777776,0.4444444444444444,0.2222222222222222,0.49071960957648036
0,0.6,0.5833333333333334,0.5277777777777778,0.027777777777777776,0.5555555555555556,0.5,0.5555555555555556,0.8611111111111112,0.027777777777777776,0.4444444444444444,0.2222222222222222,0.49071960957648036,1,35.0,0,0.0,0.5277777777777778,0.027777777777777776,0.5555555555555556,0.5,0.5555555555555556,0.8611111111111112,0.027777777777777776,0.4444444444444444,0.2222222222222222,0.7222222222222222,0.5268663822933672
0,0.0,0.5277777777777778,0.027777777777777776,0.5555555555555556,0.5,0.5555555555555556,0.8611111111111112,0.027777777777777776,0.4444444444444444,0.2222222222222222,0.7222222222222222,0.5268663822933672,1,35.0,1,0.65,0.027777777777777776,0.5555555555555556,0.5,0.5555555555555556,0.8611111111111112,0.027777777777777776,0.4444444444444444,0.2222222222222222,0.7222222222222222,0.3611111111111111,0.4109885776708648
1,0.65,0.027777777777777776,0.5555555555555556,0.5,0.5555555555555556,0.8611111111111112,0.027777777777777776,0.4444444444444444,0.2222222222222222,0.7222222222222222,0.3611111111111111,0.4109885776708648,1,35.0,0,0.65,0.5555555555555556,0.5,0.5555555555555556,0.8611111111111112,0.027777777777777776,0.4444444444444444,0.2222222222222222,0.7222222222222222,0.3611111111111111,0.8611111111111112,0.42212883647732047
0,0.65,0.5555555555555556,0.5,0.5555555555555556,0.8611111111111112,0.027777777777777776,0.4444444444444444,0.2222222222222222,0.7222222222222222,0.3611111111111111,0.8611111111111112,0.42212883647732047,1,-1.0,1,0.75,0.5,0.5555555555555556,0.8611111111111112,0.027777777777777776,0.4444444444444444,0.2222222222222222,0.7222222222222222,0.3611111111111111,0.8611111111111112,0.1388888888888889,0.3718120520131523
1,0.75,0.5,0.5555555555555556,0.8611111111111112,0.027777777777777776,0.4444444444444444,0.2222222222222222,0.7222222222222222,0.3611111111111111,0.8611111111111112,0.1388888888888889,0.3718120520131523,0,-1.0,0,0.75,0.5555555555555556,0.8611111111111112,0.027777777777777776,0.4444444444444444,0.2222222222222222,0.7222222222222222,0.3611111111111111,0.8611111111111112,0.1388888888888889,0.5555555555555556,0.6023578635504361
0,0.75,0.5555555555555556,0.8611111111111112,0.027777777777777776,0.4444444444444444,0.2222222222222222,0.7222222222222222,0.3611111111111111,0.8611111111111112,0.1388888888888889,0.5555555555555556,0.6023578635504361,1,-1.0,1,0.75,0.8611111111111112,0.027777777777777776,0.4444444444444444,0.2222222222222222,0.7222222222222222,0.3611111111111111,0.8611111111111112,0.1388888888888889,0.5555555555555556,0.9444444444444444,0.3913729933980195
1,0.75,0.8611111111111112,0.027777777777777776,0.4444444444444444,0.2222222222222222,0.7222222222222222,0.3611111111111111,0.8611111111111112,0.1388888888888889,0.5555555555555556,0.9444444444444444,0.3913729933980195,0,35.0,0,0.8,0.027777777777777776,0.4444444444444444,0.2222222222222222,0.7222222222222222,0.3611111111111111,0.8611111111111112,0.1388888888888889,0.5555555555555556,0.9444444444444444,0.5,0.4782266378480724
0,0.8,0.027777777777777776,0.4444444444444444,0.2222222222222222,0.7222222222222222,0.3611111111111111,0.8611111111111112,0.1388888888888889,0.5555555555555556,0.9444444444444444,0.5,0.4782266378480724,0,-1.0,1,0.8,0.4444444444444444,0.2222222222222222,0.7222222222222222,0.3611111111111111,0.8611111111111112,0.1388888888888889,0.5555555555555556,0.9444444444444444,0.5,0.5555555555555556,0.5857638624182647
1,0.8,0.4444444444444444,0.2222222222222222,0.7222222222222222,0.3611111111111111,0.8611111111111112,0.1388888888888889,0.5555555555555556,0.9444444444444444,0.5,0.5555555555555556,0.5857638624182647,1,-1.0,0,0.35,0.2222222222222222,0.7222222222222222,0.3611111111111111,0.8611111111111112,0.1388888888888889,0.5555555555555556,0.9444444444444444,0.5,0.5555555555555556,0.19444444444444445,0.5689530368028053
0,0.35,0.2222222222222222,0.7222222222222222,0.3611111111111111,0.8611111111111112,0.1388888888888889,0.5555555555555556,0.9444444444444444,0.5,0.5555555555555556,0.19444444444444445,0.5689530368028053,0,35.0,1,0.95,0.7222222222222222,0.3611111111111111,0.8611111111111112,0.1388888888888889,0.5555555555555556,0.9444444444444444,0.5,0.5555555555555556,0.19444444444444445,0.5,0.4800247620218549
1,0.95,0.7222222222222222,0.3611111111111111,0.8611111111111112,0.1388888888888889,0.5555555555555556,0.9444444444444444,0.5,0.5555555555555556,0.19444444444444445,0.5,0.4800247620218549,0,35.0,0,0.35,0.3611111111111111,0.8611111111111112,0.1388888888888889,0.5555555555555556,0.9444444444444444,0.5,0.5555555555555556,0.19444444444444445,0.5,0.3333333333333333,0.5216797422328551
0,0.35,0.3611111111111111,0.8611111111111112,0.1388888888888889,0.5555555555555556,0.9444444444444444,0.5,0.5555555555555556,0.19444444444444445,0.5,0.3333333333333333,0.5216797422328551,0,35.0,1,1.05,0.8611111111111112,0.1388888888888889,0.5555555555555556,0.9444444444444444,0.5,0.5555555555555556,0.19444444444444445,0.5,0.3333333333333333,0.3888888888888889,0.5048692298050925
1,1.05,0.8611111111111112,0.1388888888888889,0.5555555555555556,0.9444444444444444,0.5,0.5555555555555556,0.19444444444444445,0.5,0.3333333333333333,0.3888888888888889,0.5048692298050925,0,-1.0,0,1.1,0.1388888888888889,0.5555555555555556,0.9444444444444444,0.5,0.5555555555555556,0.19444444444444445,0.5,0.3333333333333333,0.3888888888888889,0.4722222222222222,0.5983293907540164
0,1.1,0.1388888888888889,0.5555555555555556,0.9444444444444444,0.5,0.5555555555555556,0.19444444444444445,0.5,0.3333333333333333,0.3888888888888889,0.4722222222222222,0.5983293907540164,1,35.0,1,1.1,0.5555555555555556,0.9444444444444444,0.5,0.5555555555555556,0.19444444444444445,0.5,0.3333333333333333,0.3888888888888889,0.4722222222222222,0.1111111111111111,0.4672515302614324
1,1.1,0.5555555555555556,0.9444444444444444,0.5,0.5555555555555556,0.19444444444444445,0.5,0.3333333333333333,0.3888888888888889,0.4722222222222222,0.1111111111111111,0.4672515302614324,1,35.0,0,1.05,0.9444444444444444,0.5,0.5555555555555556,0.19444444444444445,0.5,0.3333333333333333,0.3888888888888889,0.4722222222222222,0.1111111111111111,0.05555555555555555,0.5609332372037176
0,1.05,0.9444444444444444,0.5,0.5555555555555556,0.19444444444444445,0.5,0.3333333333333333,0.3888888888888889,0.4722222222222222,0.1111111111111111,0.05555555555555555,0.5609332372037176,1,-1.0,1,1.3,0.5,0.5555555555555556,0.19444444444444445,0.5,0.3333333333333333,0.3888888888888889,0.4722222222222222,0.1111111111111111,0.05555555555555555,0.5833333333333334,0.5005536448246941
1,1.3,0.5,0.5555555555555556,0.19444444444444445,0.5,0.3333333333333333,0.3888888888888889,0.4722222222222222,0.1111111111111111,0.05555555555555555,0.5833333333333334,0.5005536448246941,0,-1.0,0,1.2,0.5555555555555556,0.19444444444444445,0.5,0.3333333333333333,0.3888888888888889,0.4722222222222222,0.1111111111111111,0.05555555555555555,0.5833333333333334,0.6666666666666666,0.5287185347243408
0,1.2,0.5555555555555556,0.19444444444444445,0.5,0.3333333333333333,0.3888888888888889,0.4722222222222222,0.1111111111111111,0.05555555555555555,0.5833333333333334,0.6666666666666666,0.5287185347243408,1,35.0,1,1.2,0.19444444444444445,0.5,0.3333333333333333,0.3888888888888889,0.4722222222222222,0.1111111111111111,0.05555555555555555,0.5833333333333334,0.6666666666666666,0.05555555555555555,0.5240441971624173
1,1.2,0.19444444444444445,0.5,0.3333333333333333,0.3888888888888889,0.4722222222222222,0.1111111111111111,0.05555555555555555,0.5833333333333334,0.6666666666666666,0.05555555555555555,0.5240441971624173,1,35.0,0,1.1,0.5,0.3333333333333333,0.3888888888888889,0.4722222222222222,0.1111111111111111,0.05555555555555555,0.5833333333333334,0.6666666666666666,0.05555555555555555,0.3611111111111111,0.45888365570911765
0,1.1,0.5,0.3333333333333333,0.3888888888888889,0.4722222222222222,0.1111111111111111,0.05555555555555555,0.5833333333333334,0.6666666666666666,0.05555555555555555,0.3611111111111111,0.45888365570911765,1,35.0,1,1.15,0.3333333333333333,0.3888888888888889,0.4722222222222222,0.1111111111111111,0.05555555555555555,0.5833333333333334,0.6666666666666666,0.05555555555555555,0.3611111111111111,0.4722222222222222,0.5430837535583684
1,1.15,0.3333333333333333,0.3888888888888889,0.4722222222222222,0.1111111111111111,0.05555555555555555,0.5833333333333334,0.6666666666666666,0.05555555555555555,0.3611111111111111,0.4722222222222222,0.5430837535583684,1,-1.0,0,1.25,0.3888888888888889,0.4722222222222222,0.1111111111111111,0.05555555555555555,0.5833333333333334,0.6666666666666666,0.05555555555555555,0.3611111111111111,0.4722222222222222,0.6388888888888888,0.5325906746902205
0,1.25,0.3888888888888889,0.4722222222222222,0.1111111111111111,0.05555555555555555,0.5833333333333334,0.6666666666666666,0.05555555555555555,0.3611111111111111,0.4722222222222222,0.6388888888888888,0.5325906746902205,0,-1.0,1,1.2,0.4722222222222222,0.1111111111111111,0.05555555555555555,0.5833333333333334,0.6666666666666666,0.05555555555555555,0.3611111111111111,0.4722222222222222,0.6388888888888888,0.6666666666666666,0.44812612711317035
1,1.2,0.4722222222222222,0.1111111111111111,0.05555555555555555,0.5833333333333334,0.6666666666666666,0.05555555555555555,0.3611111111111111,0.4722222222222222,0.6388888888888888,0.6666666666666666,0.44812612711317035,1,-1.0,0,1.2,0.1111111111111111,0.05555555555555555,0.5833333333333334,0.6666666666666666,0.05555555555555555,0.3611111111111111,0.4722222222222222,0.6388888888888888,0.6666666666666666,0.4444444444444444,0.4488866393760877
0,1.2,0.1111111111111111,0.05555555555555555,0.5833333333333334,0.6666666666666666,0.05555555555555555,0.3611111111111111,0.4722222222222222,0.6388888888888888,0.6666666666666666,0.4444444444444444,0.4488866393760877,0,-1.0,1,0.0,0.05555555555555555,0.5833333333333334,0.6666666666666666,0.05555555555555555,0.3611111111111111,0.4722222222222222,0.6388888888888888,0.6666666666666666,0.4444444444444444,0.1111111111111111,0.4877896076773796
1,0.0,0.05555555555555555,0.5833333333333334,0.6666666666666666,0.05555555555555555,0.3611111111111111,0.4722222222222222,0.6388888888888888,0.6666666666666666,0.4444444444444444,0.1111111111111111,0.4877896076773796,1,-1.0,0,1.0,0.5833333333333334,0.6666666666666666,0.05555555555555555,0.3611111111111111,0.4722222222222222,0.6388888888888888,0.6666666666666666,0.4444444444444444,0.1111111111111111,0.6388888888888888,0.6894741018022655
0,1.0,0.5833333333333334,0.6666666666666666,0.05555555555555555,0.3611111111111111,0.4722222222222222,0.6388888888888888,0.6666666666666666,0.4444444444444444,0.1111111111111111,0.6388888888888888,0.6894741018022655,0,35.0,0,1.15,0.6666666666666666,0.05555555555555555,0.3611111111111111,0.4722222222222222,0.6388888888888888,0.6666666666666666,0.4444444444444444,0.1111111111111111,0.6388888888888888,0.8888888888888888,0.5253314336413653
0,1.15,0.6666666666666666,0.05555555555555555,0.3611111111111111,0.4722222222222222,0.6388888888888888,0.6666666666666666,0.4444444444444444,0.1111111111111111,0.6388888888888888,0.8888888888888888,0.5253314336413653,0,35.0,0,0.9,0.05555555555555555,0.3611111111111111,0.4722222222222222,0.6388888888888888,0.6666666666666666,0.4444444444444444,0.1111111111111111,0.6388888888888888,0.8888888888888888,0.19444444444444445,0.4556919188364127
0,0.9,0.05555555555555555,0.3611111111111111,0.4722222222222222,0.6388888888888888,0.6666666666666666,0.4444444444444444,0.1111111111111111,0.6388888888888888,0.8888888888888888,0.19444444444444445,0.4556919188364127,0,35.0,1,1.0,0.3611111111111111,0.4722222222222222,0.6388888888888888,0.6666666666666666,0.4444444444444444,0.1111111111111111,0.6388888888888888,0.8888888888888888,0.19444444444444445,0.5277777777777778,0.5099897393305792
1,1.0,0.3611111111111111,0.4722222222222222,0.6388888888888888,0.6666666666666666,0.4444444444444444,0.1111111111111111,0.6388888888888888,0.8888888888888888,0.19444444444444445,0.5277777777777778,0.5099897393305792,0,35.0,0,0.95,0.4722222222222222,0.6388888888888888,0.6666666666666666,0.4444444444444444,0.1111111111111111,0.6388888888888888,0.8888888888888888,0.19444444444444445,0.5277777777777778,0.3888888888888889,0.4963519896167036
0,0.95,0.4722222222222222,0.6388888888888888,0.6666666666666666,0.4444444444444444,0.1111111111111111,0.6388888888888888,0.8888888888888888,0.19444444444444445,0.5277777777777778,0.3888888888888889,0.4963519896167036,0,35.0,1,1.15,0.6388888888888888,0.6666666666666666,0.4444444444444444,0.1111111111111111,0.6388888888888888,0.8888888888888888,0.19444444444444445,0.5277777777777778,0.3888888888888889,0.3888888888888889,0.5492401880508706
1,1.15,0.6388888888888888,0.6666666666666666,0.4444444444444444,0.1111111111111111,0.6388888888888888,0.8888888888888888,0.19444444444444445,0.5277777777777778,0.3888888888888889,0.3888888888888889,0.5492401880508706,0,35.0,0,1.4,0.6666666666666666,0.4444444444444444,0.1111111111111111,0.6388888888888888,0.8888888888888888,0.19444444444444445,0.5277777777777778,0.3888888888888889,0.3888888888888889,0.027777777777777776,0.4256017669259608
0,1.4,0.6666666666666666,0.4444444444444444,0.1111111111111111,0.6388888888888888,0.8888888888888888,0.19444444444444445,0.5277777777777778,0.3888888888888889,0.3888888888888889,0.027777777777777776,0.4256017669259608,0,-1.0,0,0.5,0.4444444444444444,0.1111111111111111,0.6388888888888888,0.8888888888888888,0.19444444444444445,0.5277777777777778,0.3888888888888889,0.3888888888888889,0.027777777777777776,0.3611111111111111,0.48297232936088713
0,0.5,0.4444444444444444,0.1111111111111111,0.6388888888888888,0.8888888888888888,0.19444444444444445,0.5277777777777778,0.3888888888888889,0.3888888888888889,0.027777777777777776,0.3611111111111111,0.48297232936088713,1,-1.0,1,0.75,0.1111111111111111,0.6388888888888888,0.8888888888888888,0.19444444444444445,0.5277777777777778,0.3888888888888889,0.3888888888888889,0.027777777777777776,0.3611111111111111,0.5833333333333334,0.4286103340290207
1,0.75,0.1111111111111111,0.6388888888888888,0.8888888888888888,0.19444444444444445,0.5277777777777778,0.3888888888888889,0.3888888888888889,0.027777777777777776,0.3611111111111111,0.5833333333333334,0.4286103340290207,0,-1.0,0,0.5,0.6388888888888888,0.8888888888888888,0.19444444444444445,0.5277777777777778,0.3888888888888889,0.3888888888888889,0.027777777777777776,0.3611111111111111,0.5833333333333334,0.0,0.5020094640021671
0,0.5,0.6388888888888888,0.8888888888888888,0.19444444444444445,0.5277777777777778,0.3888888888888889,0.3888888888888889,0.027777777777777776,0.3611111111111111,0.5833333333333334,0.0,0.5020094640021671,-1,-1.0,1,0.0,0.8888888888888888,0.19444444444444445,0.5277777777777778,0.3888888888888889,0.3888888888888889,0.027777777777777776,0.3611111111111111,0.5833333333333334,0.0,0.5,0.6336313129395426
1,0.0,0.8888888888888888,0.19444444444444445,0.5277777777777778,0.3888888888888889,0.3888888888888889,0.027777777777777776,0.3611111111111111,0.5833333333333334,0.0,0.5,0.6336313129395426,0,35.0,1,0.0,0.19444444444444445,0.5277777777777778,0.3888888888888889,0.3888888888888889,0.027777777777777776,0.3611111111111111,0.5833333333333334,0.0,0.5,0.5,0.5822076698064996
1,0.0,0.19444444444444445,0.5277777777777778,0.3888888888888889,0.3888888888888889,0.027777777777777776,0.3611111111111111,0.5833333333333334,0.0,0.5,0.5,0.5822076698064996,0,35.0,1,0.0,0.5277777777777778,0.3888888888888889,0.3888888888888889,0.027777777777777776,0.3611111111111111,0.5833333333333334,0.0,0.5,0.5,0.5,0.5572269959648256
1,0.0,0.5277777777777778,0.3888888888888889,0.3888888888888889,0.027777777777777776,0.3611111111111111,0.5833333333333334,0.0,0.5,0.5,0.5,0.5572269959648256,0,35.0,1,0.6,0.3888888888888889,0.3888888888888889,0.027777777777777776,0.3611111111111111,0.5833333333333334,0.0,0.5,0.5,0.5,0.5,0.5572269959648256
1,0.6,0.3888888888888889,0.3888888888888889,0.027777777777777776,0.3611111111111111,0.5833333333333334,0.0,0.5,0.5,0.5,0.5,0.5572269959648256,0,35.0,0,0.6,0.3888888888888889,0.027777777777777776,0.3611111111111111,0.5833333333333334,0.0,0.5,0.5,0.5,0.5,0.5,0.47759225902681507
0,0.6,0.3888888888888889,0.027777777777777776,0.3611111111111111,0.5833333333333334,0.0,0.5,0.5,0.5,0.5,0.5,0.47759225902681507,0,-1.0,0,0.5,0.027777777777777776,0.3611111111111111,0.5833333333333334,0.0,0.5,0.5,0.5,0.5,0.5,0.8611111111111112,0.3201516598663286
0,0.5,0.027777777777777776,0.3611111111111111,0.5833333333333334,0.0,0.5,0.5,0.5,0.5,0.5,0.8611111111111112,0.3201516598663286,1,35.0,1,0.5,0.3611111111111111,0.5833333333333334,0.0,0.5,0.5,0.5,0.5,0.5,0.8611111111111112,0.9722222222222222,0.5320093240163505
1,0.5,0.3611111111111111,0.5833333333333334,0.0,0.5,0.5,0.5,0.5,0.5,0.8611111111111112,0.9722222222222222,0.5320093240163505,1,35.0,1,0.5,0.5833333333333334,0.0,0.5,0.5,0.5,0.5,0.5,0.8611111111111112,0.9722222222222222,0.1111111111111111,0.5149395327088855
1,0.5,0.5833333333333334,0.0,0.5,0.5,0.5,0.5,0.5,0.8611111111111112,0.9722222222222222,0.1111111111111111,0.5149395327088855,1,35.0,0,0.5,0.0,0.5,0.5,0.5,0.5,0.5,0.8611111111111112,0.9722222222222222,0.1111111111111111,0.5555555555555556,0.48504305920327506
0,0.5,0.0,0.5,0.5,0.5,0.5,0.5,0.8611111111111112,0.9722222222222222,0.1111111111111111,0.5555555555555556,0.48504305920327506,1,-1.0,1,0.0,0.5,0.5,0.5,0.5,0.5,0.8611111111111112,0.9722222222222222,0.1111111111111111,0.5555555555555556,0.1388888888888889,0.4013789603960107
1,0.0,0.5,0.5,0.5,0.5,0.5,0.8611111111111112,0.9722222222222222,0.1111111111111111,0.5555555555555556,0.1388888888888889,0.4013789603960107,0,35.0,0,0.5,0.5,0.5,0.5,0.5,0.8611111111111112,0.9722222222222222,0.1111111111111111,0.5555555555555556,0.1388888888888889,0.027777777777777776,0.5605444605396331
0,0.5,0.5,0.5,0.5,0.5,0.8611111111111112,0.9722222222222222,0.1111111111111111,0.5555555555555556,0.1388888888888889,0.027777777777777776,0.5605444605396331,0,-1.0,1,0.5,0.5,0.5,0.5,0.8611111111111112,0.9722222222222222,0.1111111111111111,0.5555555555555556,0.1388888888888889,0.027777777777777776,0.7777777777777778,0.5005351940968553
1,0.5,0.5,0.5,0.5,0.8611111111111112,0.9722222222222222,0.1111111111111111,0.5555555555555556,0.1388888888888889,0.027777777777777776,0.7777777777777778,0.5005351940968553,1,-1.0,0,0.5,0.5,0.5,0.8611111111111112,0.9722222222222222,0.1111111111111111,0.5555555555555556,0.1388888888888889,0.027777777777777776,0.7777777777777778,0.3888888888888889,0.4933432734042653
0,0.5,0.5,0.5,0.8611111111111112,0.9722222222222222,0.1111111111111111,0.5555555555555556,0.1388888888888889,0.027777777777777776,0.7777777777777778,0.3888888888888889,0.4933432734042653,0,35.0,1,0.5,0.5,0.8611111111111112,0.9722222222222222,0.1111111111111111,0.5555555555555556,0.1388888888888889,0.027777777777777776,0.7777777777777778,0.3888888888888889,0.4444444444444444,0.523512219717668
1,0.5,0.5,0.8611111111111112,0.9722222222222222,0.1111111111111111,0.5555555555555556,0.1388888888888889,0.027777777777777776,0.7777777777777778,0.3888888888888889,0.4444444444444444,0.523512219717668,0,35.0,0,0.6,0.8611111111111112,0.9722222222222222,0.1111111111111111,0.5555555555555556,0.1388888888888889,0.027777777777777776,0.7777777777777778,0.3888888888888889,0.4444444444444444,1.0,0.48112827052147805
0,0.6,0.8611111111111112,0.9722222222222222,0.1111111111111111,0.5555555555555556,0.1388888888888889,0.027777777777777776,0.7777777777777778,0.3888888888888889,0.4444444444444444,1.0,0.48112827052147805,0,35.0,1,0.5,0.9722222222222222,0.1111111111111111,0.5555555555555556,0.1388888888888889,0.027777777777777776,0.7777777777777778,0.3888888888888889,0.4444444444444444,1.0,0.8333333333333334,0.507781494650765
1,0.5,0.9722222222222222,0.1111111111111111,0.5555555555555556,0.1388888888888889,0.027777777777777776,0.7777777777777778,0.3888888888888889,0.4444444444444444,1.0,0.8333333333333334,0.507781494650765,0,-1.0,0,0.5,0.1111111111111111,0.5555555555555556,0.1388888888888889,0.027777777777777776,0.7777777777777778,0.3888888888888889,0.4444444444444444,1.0,0.8333333333333334,0.7777777777777778,0.5084275236742771
0,0.5,0.1111111111111111,0.5555555555555556,0.1388888888888889,0.027777777777777776,0.7777777777777778,0.3888888888888889,0.4444444444444444,1.0,0.8333333333333334,0.7777777777777778,0.5084275236742771,1,-1.0,1,0.5,0.5555555555555556,0.1388888888888889,0.027777777777777776,0.7777777777777778,0.3888888888888889,0.4444444444444444,1.0,0.8333333333333334,0.7777777777777778,0.9444444444444444,0.49840003461314436
1,0.5,0.5555555555555556,0.1388888888888889,0.027777777777777776,0.7777777777777778,0.3888888888888889,0.4444444444444444,1.0,0.8333333333333334,0.7777777777777778,0.9444444444444444,0.49840003461314436,0,-1.0,0,0.5,0.1388888888888889,0.027777777777777776,0.7777777777777778,0.3888888888888889,0.4444444444444444,1.0,0.8333333333333334,0.7777777777777778,0.9444444444444444,0.2777777777777778,0.5526501030145782
0,0.5,0.1388888888888889,0.027777777777777776,0.7777777777777778,0.3888888888888889,0.4444444444444444,1.0,0.8333333333333334,0.7777777777777778,0.9444444444444444,0.2777777777777778,0.5526501030145782,1,35.0,1,0.5,0.027777777777777776,0.7777777777777778,0.3888888888888889,0.4444444444444444,1.0,0.8333333333333334,0.7777777777777778,0.9444444444444444,0.2777777777777778,0.2777777777777778,0.4973721663093562
1,0.5,0.027777777777777776,0.7777777777777778,0.3888888888888889,0.4444444444444444,1.0,0.8333333333333334,0.7777777777777778,0.9444444444444444,0.2777777777777778,0.2777777777777778,0.4973721663093562,1,35.0,1,0.9,0.7777777777777778,0.3888888888888889,0.4444444444444444,1.0,0.8333333333333334,0.7777777777777778,0.9444444444444444,0.2777777777777778,0.2777777777777778,0.2777777777777778,0.5367373523042588
1,0.9,0.7777777777777778,0.3888888888888889,0.4444444444444444,1.0,0.8333333333333334,0.7777777777777778,0.9444444444444444,0.2777777777777778,0.2777777777777778,0.2777777777777778,0.5367373523042588,1,35.0,1,0.9,0.3888888888888889,0.4444444444444444,1.0,0.8333333333333334,0.7777777777777778,0.9444444444444444,0.2777777777777778,0.2777777777777778,0.2777777777777778,0.8055555555555556,0.5632027821318235
1,0.9,0.3888888888888889,0.4444444444444444,1.0,0.8333333333333334,0.7777777777777778,0.9444444444444444,0.2777777777777778,0.2777777777777778,0.2777777777777778,0.8055555555555556,0.5632027821318235,1,35.0,0,0.8,0.4444444444444444,1.0,0.8333333333333334,0.7777777777777778,0.9444444444444444,0.2777777777777778,0.2777777777777778,0.2777777777777778,0.8055555555555556,0.8055555555555556,0.5564667713040421
0,0.8,0.4444444444444444,1.0,0.8333333333333334,0.7777777777777778,0.9444444444444444,0.2777777777777778,0.2777777777777778,0.2777777777777778,0.8055555555555556,0.8055555555555556,0.5564667713040421,1,-1.0,0,0.5,1.0,0.8333333333333334,0.7777777777777778,0.9444444444444444,0.2777777777777778,0.2777777777777778,0.2777777777777778,0.8055555555555556,0.8055555555555556,0.8333333333333334,0.5042901070709057
0,0.5,1.0,0.8333333333333334,0.7777777777777778,0.9444444444444444,0.2777777777777778,0.2777777777777778,0.2777777777777778,0.8055555555555556,0.8055555555555556,0.8333333333333334,0.5042901070709057,0,-1.0,0,0.5,0.8333333333333334,0.7777777777777778,0.9444444444444444,0.2777777777777778,0.2777777777777778,0.2777777777777778,0.8055555555555556,0.8055555555555556,0.8333333333333334,0.3055555555555556,0.48260483997000947
0,0.5,0.8333333333333334,0.7777777777777778,0.9444444444444444,0.2777777777777778,0.2777777777777778,0.2777777777777778,0.8055555555555556,0.8055555555555556,0.8333333333333334,0.3055555555555556,0.48260483997000947,1,35.0,1,0.5,0.7777777777777778,0.9444444444444444,0.2777777777777778,0.2777777777777778,0.2777777777777778,0.8055555555555556,0.8055555555555556,0.8333333333333334,0.3055555555555556,0.2222222222222222,0.6903837510613657
1,0.5,0.7777777777777778,0.9444444444444444,0.2777777777777778,0.2777777777777778,0.2777777777777778,0.8055555555555556,0.8055555555555556,0.8333333333333334,0.3055555555555556,0.2222222222222222,0.6903837510613657,1,35.0,0,0.5,0.9444444444444444,0.2777777777777778,0.2777777777777778,0.2777777777777778,0.8055555555555556,0.8055555555555556,0.8333333333333334,0.3055555555555556,0.2222222222222222,0.5555555555555556,0.5901042034703216
0,0.5,0.9444444444444444,0.2777777777777778,0.2777777777777778,0.2777777777777778,0.8055555555555556,0.8055555555555556,0.8333333333333334,0.3055555555555556,0.2222222222222222,0.5555555555555556,0.5901042034703216,1,-1.0,1,0.5,0.2777777777777778,0.2777777777777778,0.2777777777777778,0.8055555555555556,0.8055555555555556,0.8333333333333334,0.3055555555555556,0.2222222222222222,0.5555555555555556,0.3333333333333333,0.4781219826586064
1,0.5,0.2777777777777778,0.2777777777777778,0.2777777777777778,0.8055555555555556,0.8055555555555556,0.8333333333333334,0.3055555555555556,0.2222222222222222,0.5555555555555556,0.3333333333333333,0.4781219826586064,0,35.0,0,0.8,0.2777777777777778,0.2777777777777778,0.8055555555555556,0.8055555555555556,0.8333333333333334,0.3055555555555556,0.2222222222222222,0.5555555555555556,0.3333333333333333,0.19444444444444445,0.6338315517602754
0,0.8,0.2777777777777778,0.2777777777777778,0.8055555555555556,0.8055555555555556,0.8333333333333334,0.3055555555555556,0.2222222222222222,0.5555555555555556,0.3333333333333333,0.19444444444444445,0.6338315517602754,0,35.0,1,0.8,0.2777777777777778,0.8055555555555556,0.8055555555555556,0.8333333333333334,0.3055555555555556,0.2222222222222222,0.5555555555555556,0.3333333333333333,0.19444444444444445,0.027777777777777776,0.49562547112429267
1,0.8,0.2777777777777778,0.8055555555555556,0.8055555555555556,0.8333333333333334,0.3055555555555556,0.2222222222222222,0.5555555555555556,0.3333333333333333,0.19444444444444445,0.027777777777777776,0.49562547112429267,0,-1.0,0,0.8,0.8055555555555556,0.8055555555555556,0.8333333333333334,0.3055555555555556,0.2222222222222222,0.5555555555555556,0.3333333333333333,0.19444444444444445,0.027777777777777776,0.4722222222222222,0.5307986487160334
0,0.8,0.8055555555555556,0.8055555555555556,0.8333333333333334,0.3055555555555556,0.2222222222222222,0.5555555555555556,0.3333333333333333,0.19444444444444445,0.027777777777777776,0.4722222222222222,0.5307986487160334,1,-1.0,1,0.8,0.8055555555555556,0.8333333333333334,0.3055555555555556,0.2222222222222222,0.5555555555555556,0.3333333333333333,0.19444444444444445,0.027777777777777776,0.4722222222222222,1.0,0.5032384540455328
1,0.8,0.8055555555555556,0.8333333333333334,0.3055555555555556,0.2222222222222222,0.5555555555555556,0.3333333333333333,0.19444444444444445,0.027777777777777776,0.4722222222222222,1.0,0.5032384540455328,0,35.0,0,0.8,0.8333333333333334,0.3055555555555556,0.2222222222222222,0.5555555555555556,0.3333333333333333,0.19444444444444445,0.027777777777777776,0.4722222222222222,1.0,0.75,0.54239482385755
0,0.8,0.8333333333333334,0.3055555555555556,0.2222222222222222,0.5555555555555556,0.3333333333333333,0.19444444444444445,0.027777777777777776,0.4722222222222222,1.0,0.75,0.54239482385755,0,35.0,1,0.8,0.3055555555555556,0.2222222222222222,0.5555555555555556,0.3333333333333333,0.19444444444444445,0.027777777777777776,0.4722222222222222,1.0,0.75,0.3888888888888889,0.5440319739920235
1,0.8,0.3055555555555556,0.2222222222222222,0.5555555555555556,0.3333333333333333,0.19444444444444445,0.027777777777777776,0.4722222222222222,1.0,0.75,0.3888888888888889,0.5440319739920235,0,-1.0,0,0.8,0.2222222222222222,0.5555555555555556,0.3333333333333333,0.19444444444444445,0.027777777777777776,0.4722222222222222,1.0,0.75,0.3888888888888889,0.9722222222222222,0.5632572368067961
0,0.8,0.2222222222222222,0.5555555555555556,0.3333333333333333,0.19444444444444445,0.027777777777777776,0.4722222222222222,1.0,0.75,0.3888888888888889,0.9722222222222222,0.5632572368067961,1,35.0,1,0.75,0.5555555555555556,0.3333333333333333,0.19444444444444445,0.027777777777777776,0.4722222222222222,1.0,0.75,0.3888888888888889,0.9722222222222222,0.5555555555555556,0.5619958089157435
1,0.75,0.5555555555555556,0.3333333333333333,0.19444444444444445,0.027777777777777776,0.4722222222222222,1.0,0.75,0.3888888888888889,0.9722222222222222,0.5555555555555556,0.5619958089157435,1,-1.0,0,0.75,0.3333333333333333,0.19444444444444445,0.027777777777777776,0.4722222222222222,1.0,0.75,0.3888888888888889,0.9722222222222222,0.5555555555555556,0.75,0.4652545541004691
0,0.75,0.3333333333333333,0.19444444444444445,0.027777777777777776,0.4722222222222222,1.0,0.75,0.3888888888888889,0.9722222222222222,0.5555555555555556,0.75,0.4652545541004691,0,35.0,1,0.8,0.19444444444444445,0.027777777777777776,0.4722222222222222,1.0,0.75,0.3888888888888889,0.9722222222222222,0.5555555555555556,0.75,1.0,0.5078926068902877
1,0.8,0.19444444444444445,0.027777777777777776,0.4722222222222222,1.0,0.75,0.3888888888888889,0.9722222222222222,0.5555555555555556,0.75,1.0,0.5078926068902877,0,-1.0,1,0.5,0.027777777777777776,0.4722222222222222,1.0,0.75,0.3888888888888889,0.9722222222222222,0.5555555555555556,0.75,1.0,0.16666666666666666,0.4326085738919489
1,0.5,0.027777777777777776,0.4722222222222222,1.0,0.75,0.3888888888888889,0.9722222222222222,0.5555555555555556,0.75,1.0,0.16666666666666666,0.4326085738919489,1,-1.0,0,0.95,0.4722222222222222,1.0,0.75,0.3888888888888889,0.9722222222222222,0.5555555555555556,0.75,1.0,0.16666666666666666,0.8888888888888888,0.0026217479427629083
0,0.95,0.4722222222222222,1.0,0.75,0.3888888888888889,0.9722222222222222,0.5555555555555556,0.75,1.0,0.16666666666666666,0.8888888888888888,0.0026217479427629083,0,35.0,0,0.9,1.0,0.75,0.3888888888888889,0.9722222222222222,0.5555555555555556,0.75,1.0,0.16666666666666666,0.8888888888888888,0.25,0.5409846522031213
0,0.9,1.0,0.75,0.3888888888888889,0.9722222222222222,0.5555555555555556,0.75,1.0,0.16666666666666666,0.8888888888888888,0.25,0.5409846522031213,0,-1.0,0,0.5,0.75,0.3888888888888889,0.9722222222222222,0.5555555555555556,0.75,1.0,0.16666666666666666,0.8888888888888888,0.25,0.2777777777777778,0.42731019027647443
0,0.5,0.75,0.3888888888888889,0.9722222222222222,0.5555555555555556,0.75,1.0,0.16666666666666666,0.8888888888888888,0.25,0.2777777777777778,0.42731019027647443,1,35.0,1,0.75,0.3888888888888889,0.9722222222222222,0.5555555555555556,0.75,1.0,0.16666666666666666,0.8888888888888888,0.25,0.2777777777777778,0.2777777777777778,0.32651111109996495
1,0.75,0.3888888888888889,0.9722222222222222,0.5555555555555556,0.75,1.0,0.16666666666666666,0.8888888888888888,0.25,0.2777777777777778,0.2777777777777778,0.32651111109996495,1,35.0,1,0.65,0.9722222222222222,0.5555555555555556,0.75,1.0,0.16666666666666666,0.8888888888888888,0.25,0.2777777777777778,0.2777777777777778,0.7777777777777778,0.5032621417169677
1,0.65,0.9722222222222222,0.5555555555555556,0.75,1.0,0.16666666666666666,0.8888888888888888,0.25,0.2777777777777778,0.2777777777777778,0.7777777777777778,0.5032621417169677,1,35.0,0,0.7,0.5555555555555556,0.75,1.0,0.16666666666666666,0.8888888888888888,0.25,0.2777777777777778,0.2777777777777778,0.7777777777777778,0.7777777777777778,0.5842645210465707
0,0.7,0.5555555555555556,0.75,1.0,0.16666666666666666,0.8888888888888888,0.25,0.2777777777777778,0.2777777777777778,0.7777777777777778,0.7777777777777778,0.5842645210465707,1,35.0,0,0.5,0.75,1.0,0.16666666666666666,0.8888888888888888,0.25,0.2777777777777778,0.2777777777777778,0.7777777777777778,0.7777777777777778,0.3055555555555556,0.4947703611305653
0,0.5,0.75,1.0,0.16666666666666666,0.8888888888888888,0.25,0.2777777777777778,0.2777777777777778,0.7777777777777778,0.7777777777777778,0.3055555555555556,0.4947703611305653,1,35.0,1,0.5,1.0,0.16666666666666666,0.8888888888888888,0.25,0.2777777777777778,0.2777777777777778,0.7777777777777778,0.7777777777777778,0.3055555555555556,0.3055555555555556,0.5113507031489702
1,0.5,1.0,0.16666666666666666,0.8888888888888888,0.25,0.2777777777777778,0.2777777777777778,0.7777777777777778,0.7777777777777778,0.3055555555555556,0.3055555555555556,0.5113507031489702,1,-1.0,1,0.5,0.16666666666666666,0.8888888888888888,0.25,0.2777777777777778,0.2777777777777778,0.7777777777777778,0.7777777777777778,0.3055555555555556,0.3055555555555556,0.3888888888888889,0.638080866422161
1,0.5,0.16666666666666666,0.8888888888888888,0.25,0.2777777777777778,0.2777777777777778,0.7777777777777778,0.7777777777777778,0.3055555555555556,0.3055555555555556,0.3888888888888889,0.638080866422161,0,-1.0,0,0.0,0.8888888888888888,0.25,0.2777777777777778,0.2777777777777778,0.7777777777777778,0.7777777777777778,0.3055555555555556,0.3055555555555556,0.3888888888888889,0.9166666666666666,0.608656144974667
0,0.0,0.8888888888888888,0.25,0.2777777777777778,0.2777777777777778,0.7777777777777778,0.7777777777777778,0.3055555555555556,0.3055555555555556,0.3888888888888889,0.9166666666666666,0.608656144974667,1,-1.0,1,0.65,0.25,0.2777777777777778,0.2777777777777778,0.7777777777777778,0.7777777777777778,0.3055555555555556,0.3055555555555556,0.3888888888888889,0.9166666666666666,0.25,0.4049260921233141
1,0.65,0.25,0.2777777777777778,0.2777777777777778,0.7777777777777778,0.7777777777777778,0.3055555555555556,0.3055555555555556,0.3888888888888889,0.9166666666666666,0.25,0.4049260921233141,0,-1.0,0,0.65,0.2777777777777778,0.2777777777777778,0.7777777777777778,0.7777777777777778,0.3055555555555556,0.3055555555555556,0.3888888888888889,0.9166666666666666,0.25,0.16666666666666666,0.4552267240957732
0,0.65,0.2777777777777778,0.2777777777777778,0.7777777777777778,0.7777777777777778,0.3055555555555556,0.3055555555555556,0.3888888888888889,0.9166666666666666,0.25,0.16666666666666666,0.4552267240957732,1,35.0,1,0.65,0.2777777777777778,0.7777777777777778,0.7777777777777778,0.3055555555555556,0.3055555555555556,0.3888888888888889,0.9166666666666666,0.25,0.16666666666666666,0.3055555555555556,0.4574696191993797
1,0.65,0.2777777777777778,0.7777777777777778,0.7777777777777778,0.3055555555555556,0.3055555555555556,0.3888888888888889,0.9166666666666666,0.25,0.16666666666666666,0.3055555555555556,0.4574696191993797,1,-1.0,0,0.65,0.7777777777777778,0.7777777777777778,0.3055555555555556,0.3055555555555556,0.3888888888888889,0.9166666666666666,0.25,0.16666666666666666,0.3055555555555556,0.3333333333333333,0.6479103390168958
0,0.65,0.7777777777777778,0.7777777777777778,0.3055555555555556,0.3055555555555556,0.3888888888888889,0.9166666666666666,0.25,0.16666666666666666,0.3055555555555556,0.3333333333333333,0.6479103390168958,0,-1.0,1,0.65,0.7777777777777778,0.3055555555555556,0.3055555555555556,0.3888888888888889,0.9166666666666666,0.25,0.16666666666666666,0.3055555555555556,0.3333333333333333,0.2777777777777778,0.43351333847094636
1,0.65,0.7777777777777778,0.3055555555555556,0.3055555555555556,0.3888888888888889,0.9166666666666666,0.25,0.16666666666666666,0.3055555555555556,0.3333333333333333,0.2777777777777778,0.43351333847094636,1,35.0,0,0.65,0.3055555555555556,0.3055555555555556,0.3888888888888889,0.9166666666666666,0.25,0.16666666666666666,0.3055555555555556,0.3333333333333333,0.2777777777777778,0.4166666666666667,0.5634548672144226
0,0.65,0.3055555555555556,0.3055555555555556,0.3888888888888889,0.9166666666666666,0.25,0.16666666666666666,0.3055555555555556,0.3333333333333333,0.2777777777777778,0.4166666666666667,0.5634548672144226,1,35.0,0,0.65,0.3055555555555556,0.3888888888888889,0.9166666666666666,0.25,0.16666666666666666,0.3055555555555556,0.3333333333333333,0.2777777777777778,0.4166666666666667,0.7222222222222222,0.5448688751534813
0,0.65,0.3055555555555556,0.3888888888888889,0.9166666666666666,0.25,0.16666666666666666,0.3055555555555556,0.3333333333333333,0.2777777777777778,0.4166666666666667,0.7222222222222222,0.5448688751534813,1,35.0,0,0.65,0.3888888888888889,0.9166666666666666,0.25,0.16666666666666666,0.3055555555555556,0.3333333333333333,0.2777777777777778,0.4166666666666667,0.7222222222222222,0.5555555555555556,0.4522807885496677
0,0.65,0.3888888888888889,0.9166666666666666,0.25,0.16666666666666666,0.3055555555555556,0.3333333333333333,0.2777777777777778,0.4166666666666667,0.7222222222222222,0.5555555555555556,0.4522807885496677,1,35.0,1,0.65,0.9166666666666666,0.25,0.16666666666666666,0.3055555555555556,0.3333333333333333,0.2777777777777778,0.4166666666666667,0.7222222222222222,0.5555555555555556,0.4166666666666667,0.601901525026609
1,0.65,0.9166666666666666,0.25,0.16666666666666666,0.3055555555555556,0.3333333333333333,0.2777777777777778,0.4166666666666667,0.7222222222222222,0.5555555555555556,0.4166666666666667,0.601901525026609,1,-1.0,0,0.65,0.25,0.16666666666666666,0.3055555555555556,0.3333333333333333,0.2777777777777778,0.4166666666666667,0.7222222222222222,0.5555555555555556,0.4166666666666667,0.5833333333333334,0.5434919173285694
0,0.65,0.25,0.16666666666666666,0.3055555555555556,0.3333333333333333,0.2777777777777778,0.4166666666666667,0.7222222222222222,0.5555555555555556,0.4166666666666667,0.5833333333333334,0.5434919173285694,0,35.0,1,0.65,0.16666666666666666,0.3055555555555556,0.3333333333333333,0.2777777777777778,0.4166666666666667,0.7222222222222222,0.5555555555555556,0.4166666666666667,0.5833333333333334,0.027777777777777776,0.5229544098733072
1,0.65,0.16666666666666666,0.3055555555555556,0.3333333333333333,0.2777777777777778,0.4166666666666667,0.7222222222222222,0.5555555555555556,0.4166666666666667,0.5833333333333334,0.027777777777777776,0.5229544098733072,0,-1.0,0,0.65,0.3055555555555556,0.3333333333333333,0.2777777777777778,0.4166666666666667,0.7222222222222222,0.5555555555555556,0.4166666666666667,0.5833333333333334,0.027777777777777776,0.8611111111111112,0.45362361059569184
0,0.65,0.3055555555555556,0.3333333333333333,0.2777777777777778,0.4166666666666667,0.7222222222222222,0.5555555555555556,0.4166666666666667,0.5833333333333334,0.027777777777777776,0.8611111111111112,0.45362361059569184,1,-1.0,1,0.65,0.3333333333333333,0.2777777777777778,0.4166666666666667,0.7222222222222222,0.5555555555555556,0.4166666666666667,0.5833333333333334,0.027777777777777776,0.8611111111111112,0.027777777777777776,0.569151868295668
1,0.65,0.3333333333333333,0.2777777777777778,0.4166666666666667,0.7222222222222222,0.5555555555555556,0.4166666666666667,0.5833333333333334,0.027777777777777776,0.8611111111111112,0.027777777777777776,0.569151868295668,0,-1.0,0,0.65,0.2777777777777778,0.4166666666666667,0.7222222222222222,0.5555555555555556,0.4166666666666667,0.5833333333333334,0.027777777777777776,0.8611111111111112,0.027777777777777776,0.2222222222222222,0.5788556322870559
0,0.65,0.2777777777777778,0.4166666666666667,0.7222222222222222,0.5555555555555556,0.4166666666666667,0.5833333333333334,0.027777777777777776,0.8611111111111112,0.027777777777777776,0.2222222222222222,0.5788556322870559,1,35.0,1,0.65,0.4166666666666667,0.7222222222222222,0.5555555555555556,0.4166666666666667,0.5833333333333334,0.027777777777777776,0.8611111111111112,0.027777777777777776,0.2222222222222222,0.7777777777777778,0.4573906899675009
1,0.65,0.4166666666666667,0.7222222222222222,0.5555555555555556,0.4166666666666667,0.5833333333333334,0.027777777777777776,0.8611111111111112,0.027777777777777776,0.2222222222222222,0.7777777777777778,0.4573906899675009,1,-1.0,0,0.75,0.7222222222222222,0.5555555555555556,0.4166666666666667,0.5833333333333334,0.027777777777777776,0.8611111111111112,0.027777777777777776,0.2222222222222222,0.7777777777777778,0.3333333333333333,0.5537449976536701
0,0.75,0.7222222222222222,0.5555555555555556,0.4166666666666667,0.5833333333333334,0.027777777777777776,0.8611111111111112,0.027777777777777776,0.2222222222222222,0.7777777777777778,0.3333333333333333,0.5537449976536701,0,35.0,1,0.8,0.5555555555555556,0.4166666666666667,0.5833333333333334,0.027777777777777776,0.8611111111111112,0.027777777777777776,0.2222222222222222,0.7777777777777778,0.3333333333333333,0.25,0.4439190518540334
1,0.8,0.5555555555555556,0.4166666666666667,0.5833333333333334,0.027777777777777776,0.8611111111111112,0.027777777777777776,0.2222222222222222,0.7777777777777778,0.3333333333333333,0.25,0.4439190518540334,0,35.0,0,0.75,0.4166666666666667,0.5833333333333334,0.027777777777777776,0.8611111111111112,0.027777777777777776,0.2222222222222222,0.7777777777777778,0.3333333333333333,0.25,0.4444444444444444,0.5332638304754741
0,0.75,0.4166666666666667,0.5833333333333334,0.027777777777777776,0.8611111111111112,0.027777777777777776,0.2222222222222222,0.7777777777777778,0.3333333333333333,0.25,0.4444444444444444,0.5332638304754741,0,-1.0,1,0.75,0.5833333333333334,0.027777777777777776,0.8611111111111112,0.027777777777777776,0.2222222222222222,0.7777777777777778,0.3333333333333333,0.25,0.4444444444444444,0.4166666666666667,0.49204288006834246
1,0.75,0.5833333333333334,0.027777777777777776,0.8611111111111112,0.027777777777777776,0.2222222222222222,0.7777777777777778,0.3333333333333333,0.25,0.4444444444444444,0.4166666666666667,0.49204288006834246,1,35.0,0,0.75,0.027777777777777776,0.8611111111111112,0.027777777777777776,0.2222222222222222,0.7777777777777778,0.3333333333333333,0.25,0.4444444444444444,0.4166666666666667,0.4166666666666667,0.4682828097592761
0,0.75,0.027777777777777776,0.8611111111111112,0.027777777777777776,0.2222222222222222,0.7777777777777778,0.3333333333333333,0.25,0.4444444444444444,0.4166666666666667,0.4166666666666667,0.4682828097592761,1,35.0,1,0.5,0.8611111111111112,0.027777777777777776,0.2222222222222222,0.7777777777777778,0.3333333333333333,0.25,0.4444444444444444,0.4166666666666667,0.4166666666666667,0.16666666666666666,0.5074853564367601
1,0.5,0.8611111111111112,0.027777777777777776,0.2222222222222222,0.7777777777777778,0.3333333333333333,0.25,0.4444444444444444,0.4166666666666667,0.4166666666666667,0.16666666666666666,0.5074853564367601,1,35.0,0,0.5,0.027777777777777776,0.2222222222222222,0.7777777777777778,0.3333333333333333,0.25,0.4444444444444444,0.4166666666666667,0.4166666666666667,0.16666666666666666,0.2777777777777778,0.49162721832871753
0,0.5,0.027777777777777776,0.2222222222222222,0.7777777777777778,0.3333333333333333,0.25,0.4444444444444444,0.4166666666666667,0.4166666666666667,0.16666666666666666,0.2777777777777778,0.49162721832871753,1,-1.0,1,0.5,0.2222222222222222,0.7777777777777778,0.3333333333333333,0.25,0.4444444444444444,0.4166666666666667,0.4166666666666667,0.16666666666666666,0.2777777777777778,0.3333333333333333,0.5696201216448018
1,0.5,0.2222222222222222,0.7777777777777778,0.3333333333333333,0.25,0.4444444444444444,0.4166666666666667,0.4166666666666667,0.16666666666666666,0.2777777777777778,0.3333333333333333,0.5696201216448018,0,-1.0,0,0.75,0.7777777777777778,0.3333333333333333,0.25,0.4444444444444444,0.4166666666666667,0.4166666666666667,0.16666666666666666,0.2777777777777778,0.3333333333333333,0.9722222222222222,0.43982606830737114
0,0.75,0.7777777777777778,0.3333333333333333,0.25,0.4444444444444444,0.4166666666666667,0.4166666666666667,0.16666666666666666,0.2777777777777778,0.3333333333333333,0.9722222222222222,0.43982606830737114,1,-1.0,1,0.9,0.3333333333333333,0.25,0.4444444444444444,0.4166666666666667,0.4166666666666667,0.16666666666666666,0.2777777777777778,0.3333333333333333,0.9722222222222222,0.6388888888888888,0.4425164070945914
1,0.9,0.3333333333333333,0.25,0.4444444444444444,0.4166666666666667,0.4166666666666667,0.16666666666666666,0.2777777777777778,0.3333333333333333,0.9722222222222222,0.6388888888888888,0.4425164070945914,0,-1.0,0,0.5,0.25,0.4444444444444444,0.4166666666666667,0.4166666666666667,0.16666666666666666,0.2777777777777778,0.3333333333333333,0.9722222222222222,0.6388888888888888,0.16666666666666666,0.48833993470661946
0,0.5,0.25,0.4444444444444444,0.4166666666666667,0.4166666666666667,0.16666666666666666,0.2777777777777778,0.3333333333333333,0.9722222222222222,0.6388888888888888,0.16666666666666666,0.48833993470661946,1,35.0,1,0.5,0.4444444444444444,0.4166666666666667,0.4166666666666667,0.16666666666666666,0.2777777777777778,0.3333333333333333,0.9722222222222222,0.6388888888888888,0.16666666666666666,0.6666666666666666,0.5032825168570276
1,0.5,0.4444444444444444,0.4166666666666667,0.4166666666666667,0.16666666666666666,0.2777777777777778,0.3333333333333333,0.9722222222222222,0.6388888888888888,0.16666666666666666,0.6666666666666666,0.5032825168570276,1,35.0,0,0.35,0.4166666666666667,0.4166666666666667,0.16666666666666666,0.2777777777777778,0.3333333333333333,0.9722222222222222,0.6388888888888888,0.16666666666666666,0.6666666666666666,0.9722222222222222,0.6174521826568492
0,0.35,0.4166666666666667,0.4166666666666667,0.16666666666666666,0.2777777777777778,0.3333333333333333,0.9722222222222222,0.6388888888888888,0.16666666666666666,0.6666666666666666,0.9722222222222222,0.6174521826568492,1,-1.0,0,0.8,0.4166666666666667,0.16666666666666666,0.2777777777777778,0.3333333333333333,0.9722222222222222,0.6388888888888888,0.16666666666666666,0.6666666666666666,0.9722222222222222,0.8888888888888888,0.43210274191119247
0,0.8,0.4166666666666667,0.16666666666666666,0.2777777777777778,0.3333333333333333,0.9722222222222222,0.6388888888888888,0.16666666666666666,0.6666666666666666,0.9722222222222222,0.8888888888888888,0.43210274191119247,0,-1.0,0,0.8,0.16666666666666666,0.2777777777777778,0.3333333333333333,0.9722222222222222,0.6388888888888888,0.16666666666666666,0.6666666666666666,0.9722222222222222,0.8888888888888888,0.2777777777777778,0.6086230909786258
0,0.8,0.16666666666666666,0.2777777777777778,0.3333333333333333,0.9722222222222222,0.6388888888888888,0.16666666666666666,0.6666666666666666,0.9722222222222222,0.8888888888888888,0.2777777777777778,0.6086230909786258,1,-1.0,1,0.5,0.2777777777777778,0.3333333333333333,0.9722222222222222,0.6388888888888888,0.16666666666666666,0.6666666666666666,0.9722222222222222,0.8888888888888888,0.2777777777777778,0.8888888888888888,0.5261351492374536
1,0.5,0.2777777777777778,0.3333333333333333,0.9722222222222222,0.6388888888888888,0.16666666666666666,0.6666666666666666,0.9722222222222222,0.8888888888888888,0.2777777777777778,0.8888888888888888,0.5261351492374536,0,35.0,0,0.5,0.3333333333333333,0.9722222222222222,0.6388888888888888,0.16666666666666666,0.6666666666666666,0.9722222222222222,0.8888888888888888,0.2777777777777778,0.8888888888888888,0.5833333333333334,0.5436473848400825
0,0.5,0.3333333333333333,0.9722222222222222,0.6388888888888888,0.16666666666666666,0.6666666666666666,0.9722222222222222,0.8888888888888888,0.2777777777777778,0.8888888888888888,0.5833333333333334,0.5436473848400825,0,-1.0,1,0.75,0.9722222222222222,0.6388888888888888,0.16666666666666666,0.6666666666666666,0.9722222222222222,0.8888888888888888,0.2777777777777778,0.8888888888888888,0.5833333333333334,0.4722222222222222,0.5557492403726413
1,0.75,0.9722222222222222,0.6388888888888888,0.16666666666666666,0.6666666666666666,0.9722222222222222,0.8888888888888888,0.2777777777777778,0.8888888888888888,0.5833333333333334,0.4722222222222222,0.5557492403726413,1,35.0,0,0.75,0.6388888888888888,0.16666666666666666,0.6666666666666666,0.9722222222222222,0.8888888888888888,0.2777777777777778,0.8888888888888888,0.5833333333333334,0.4722222222222222,0.8611111111111112,0.46961239036052893
0,0.75,0.6388888888888888,0.16666666666666666,0.6666666666666666,0.9722222222222222,0.8888888888888888,0.2777777777777778,0.8888888888888888,0.5833333333333334,0.4722222222222222,0.8611111111111112,0.46961239036052893,1,35.0,1,0.75,0.16666666666666666,0.6666666666666666,0.9722222222222222,0.8888888888888888,0.2777777777777778,0.8888888888888888,0.5833333333333334,0.4722222222222222,0.8611111111111112,0.05555555555555555,0.5289766780680912
1,0.75,0.16666666666666666,0.6666666666666666,0.9722222222222222,0.8888888888888888,0.2777777777777778,0.8888888888888888,0.5833333333333334,0.4722222222222222,0.8611111111111112,0.05555555555555555,0.5289766780680912,1,-1.0,0,0.75,0.6666666666666666,0.9722222222222222,0.8888888888888888,0.2777777777777778,0.8888888888888888,0.5833333333333334,0.4722222222222222,0.8611111111111112,0.05555555555555555,0.0,0.5077400237326178
0,0.75,0.6666666666666666,0.9722222222222222,0.8888888888888888,0.2777777777777778,0.8888888888888888,0.5833333333333334,0.4722222222222222,0.8611111111111112,0.05555555555555555,0.0,0.5077400237326178,-1,-1.0,1,0.5,0.9722222222222222,0.8888888888888888,0.2777777777777778,0.8888888888888888,0.5833333333333334,0.4722222222222222,0.8611111111111112,0.05555555555555555,0.0,0.7777777777777778,0.47159334880801923
1,0.5,0.9722222222222222,0.8888888888888888,0.2777777777777778,0.8888888888888888,0.5833333333333334,0.4722222222222222,0.8611111111111112,0.05555555555555555,0.0,0.7777777777777778,0.47159334880801923,1,-1.0,0,0.75,0.8888888888888888,0.2777777777777778,0.8888888888888888,0.5833333333333334,0.4722222222222222,0.8611111111111112,0.05555555555555555,0.0,0.7777777777777778,0.5277777777777778,0.5745541640834022
0,0.75,0.8888888888888888,0.2777777777777778,0.8888888888888888,0.5833333333333334,0.4722222222222222,0.8611111111111112,0.05555555555555555,0.0,0.7777777777777778,0.5277777777777778,0.5745541640834022,0,35.0,1,0.5,0.2777777777777778,0.8888888888888888,0.5833333333333334,0.4722222222222222,0.8611111111111112,0.05555555555555555,0.0,0.7777777777777778,0.5277777777777778,0.1388888888888889,0.5008949726467788
1,0.5,0.2777777777777778,0.8888888888888888,0.5833333333333334,0.4722222222222222,0.8611111111111112,0.05555555555555555,0.0,0.7777777777777778,0.5277777777777778,0.1388888888888889,0.5008949726467788,0,35.0,0,0.5,0.8888888888888888,0.5833333333333334,0.4722222222222222,0.8611111111111112,0.05555555555555555,0.0,0.7777777777777778,0.5277777777777778,0.1388888888888889,0.19444444444444445,0.5365390796163647
0,0.5,0.8888888888888888,0.5833333333333334,0.4722222222222222,0.8611111111111112,0.05555555555555555,0.0,0.7777777777777778,0.5277777777777778,0.1388888888888889,0.19444444444444445,0.5365390796163647,0,35.0,1,0.65,0.5833333333333334,0.4722222222222222,0.8611111111111112,0.05555555555555555,0.0,0.7777777777777778,0.5277777777777778,0.1388888888888889,0.19444444444444445,0.4444444444444444,0.4108047734317224
1,0.65,0.5833333333333334,0.4722222222222222,0.8611111111111112,0.05555555555555555,0.0,0.7777777777777778,0.5277777777777778,0.1388888888888889,0.19444444444444445,0.4444444444444444,0.4108047734317224,0,-1.0,0,0.5,0.4722222222222222,0.8611111111111112,0.05555555555555555,0.0,0.7777777777777778,0.5277777777777778,0.1388888888888889,0.19444444444444445,0.4444444444444444,0.6111111111111112,0.6106930849439425
0,0.5,0.4722222222222222,0.8611111111111112,0.05555555555555555,0.0,0.7777777777777778,0.5277777777777778,0.1388888888888889,0.19444444444444445,0.4444444444444444,0.6111111111111112,0.6106930849439425,1,35.0,1,0.8,0.8611111111111112,0.05555555555555555,0.0,0.7777777777777778,0.5277777777777778,0.1388888888888889,0.19444444444444445,0.4444444444444444,0.6111111111111112,0.4722222222222222,0.5019043265759587
1,0.8,0.8611111111111112,0.05555555555555555,0.0,0.7777777777777778,0.5277777777777778,0.1388888888888889,0.19444444444444445,0.4444444444444444,0.6111111111111112,0.4722222222222222,0.5019043265759587,1,-1.0,0,0.8,0.05555555555555555,0.0,0.7777777777777778,0.5277777777777778,0.1388888888888889,0.19444444444444445,0.4444444444444444,0.6111111111111112,0.4722222222222222,0.027777777777777776,0.5352056027627656
0,0.8,0.05555555555555555,0.0,0.7777777777777778,0.5277777777777778,0.1388888888888889,0.19444444444444445,0.4444444444444444,0.6111111111111112,0.4722222222222222,0.027777777777777776,0.5352056027627656,0,-1.0,0,0.75,0.0,0.7777777777777778,0.5277777777777778,0.1388888888888889,0.19444444444444445,0.4444444444444444,0.6111111111111112,0.4722222222222222,0.027777777777777776,0.0,0.45723511084771523
0,0.75,0.0,0.7777777777777778,0.5277777777777778,0.1388888888888889,0.19444444444444445,0.4444444444444444,0.6111111111111112,0.4722222222222222,0.027777777777777776,0.0,0.45723511084771523,-1,-1.0,0,0.75,0.7777777777777778,0.5277777777777778,0.1388888888888889,0.19444444444444445,0.4444444444444444,0.6111111111111112,0.4722222222222222,0.027777777777777776,0.0,0.9722222222222222,0.5498452753244153
0,0.75,0.7777777777777778,0.5277777777777778,0.1388888888888889,0.19444444444444445,0.4444444444444444,0.6111111111111112,0.4722222222222222,0.027777777777777776,0.0,0.9722222222222222,0.5498452753244153,1,-1.0,1,0.8,0.5277777777777778,0.1388888888888889,0.19444444444444445,0.4444444444444444,0.6111111111111112,0.4722222222222222,0.027777777777777776,0.0,0.9722222222222222,0.25,0.3681409383061127
1,0.8,0.5277777777777778,0.1388888888888889,0.19444444444444445,0.4444444444444444,0.6111111111111112,0.4722222222222222,0.027777777777777776,0.0,0.9722222222222222,0.25,0.3681409383061127,0,-1.0,0,0.75,0.1388888888888889,0.19444444444444445,0.4444444444444444,0.6111111111111112,0.4722222222222222,0.027777777777777776,0.0,0.9722222222222222,0.25,0.2222222222222222,0.4657095947617347
0,0.75,0.1388888888888889,0.19444444444444445,0.4444444444444444,0.6111111111111112,0.4722222222222222,0.027777777777777776,0.0,0.9722222222222222,0.25,0.2222222222222222,0.4657095947617347,1,35.0,1,0.8,0.19444444444444445,0.4444444444444444,0.6111111111111112,0.4722222222222222,0.027777777777777776,0.0,0.9722222222222222,0.25,0.2222222222222222,0.2777777777777778,0.4646430159229392
1,0.8,0.19444444444444445,0.4444444444444444,0.6111111111111112,0.4722222222222222,0.027777777777777776,0.0,0.9722222222222222,0.25,0.2222222222222222,0.2777777777777778,0.4646430159229392,1,35.0,0,0.65,0.4444444444444444,0.6111111111111112,0.4722222222222222,0.027777777777777776,0.0,0.9722222222222222,0.25,0.2222222222222222,0.2777777777777778,0.4166666666666667,0.5049335075827412
0,0.65,0.4444444444444444,0.6111111111111112,0.4722222222222222,0.027777777777777776,0.0,0.9722222222222222,0.25,0.2222222222222222,0.2777777777777778,0.4166666666666667,0.5049335075827412,1,35.0,1,0.75,0.6111111111111112,0.4722222222222222,0.027777777777777776,0.0,0.9722222222222222,0.25,0.2222222222222222,0.2777777777777778,0.4166666666666667,0.16666666666666666,0.4874742590689551
1,0.75,0.6111111111111112,0.4722222222222222,0.027777777777777776,0.0,0.9722222222222222,0.25,0.2222222222222222,0.2777777777777778,0.4166666666666667,0.16666666666666666,0.4874742590689551,1,-1.0,0,0.7,0.4722222222222222,0.027777777777777776,0.0,0.9722222222222222,0.25,0.2222222222222222,0.2777777777777778,0.4166666666666667,0.16666666666666666,0.1388888888888889,0.4538100625270905
0,0.7,0.4722222222222222,0.027777777777777776,0.0,0.9722222222222222,0.25,0.2222222222222222,0.2777777777777778,0.4166666666666667,0.16666666666666666,0.1388888888888889,0.4538100625270905,0,35.0,1,0.5,0.027777777777777776,0.0,0.9722222222222222,0.25,0.2222222222222222,0.2777777777777778,0.4166666666666667,0.16666666666666666,0.1388888888888889,0.3333333333333333,0.4610696027788244
1,0.5,0.027777777777777776,0.0,0.9722222222222222,0.25,0.2222222222222222,0.2777777777777778,0.4166666666666667,0.16666666666666666,0.1388888888888889,0.3333333333333333,0.4610696027788244,0,35.0,0,0.65,0.0,0.9722222222222222,0.25,0.2222222222222222,0.2777777777777778,0.4166666666666667,0.16666666666666666,0.1388888888888889,0.3333333333333333,0.8333333333333334,0.5606817259135789
0,0.65,0.0,0.9722222222222222,0.25,0.2222222222222222,0.2777777777777778,0.4166666666666667,0.16666666666666666,0.1388888888888889,0.3333333333333333,0.8333333333333334,0.5606817259135789,0,-1.0,1,0.5,0.9722222222222222,0.25,0.2222222222222222,0.2777777777777778,0.4166666666666667,0.16666666666666666,0.1388888888888889,0.3333333333333333,0.8333333333333334,0.4166666666666667,0.5860097707071121
1,0.5,0.9722222222222222,0.25,0.2222222222222222,0.2777777777777778,0.4166666666666667,0.16666666666666666,0.1388888888888889,0.3333333333333333,0.8333333333333334,0.4166666666666667,0.5860097707071121,1,-1.0,0,0.9,0.25,0.2222222222222222,0.2777777777777778,0.4166666666666667,0.16666666666666666,0.1388888888888889,0.3333333333333333,0.8333333333333334,0.4166666666666667,0.5833333333333334,0.4686211544791924
0,0.9,0.25,0.2222222222222222,0.2777777777777778,0.4166666666666667,0.16666666666666666,0.1388888888888889,0.3333333333333333,0.8333333333333334,0.4166666666666667,0.5833333333333334,0.4686211544791924,0,-1.0,1,0.5,0.2222222222222222,0.2777777777777778,0.4166666666666667,0.16666666666666666,0.1388888888888889,0.3333333333333333,0.8333333333333334,0.4166666666666667,0.5833333333333334,0.2777777777777778,0.5179134326181355
1,0.5,0.2222222222222222,0.2777777777777778,0.4166666666666667,0.16666666666666666,0.1388888888888889,0.3333333333333333,0.8333333333333334,0.4166666666666667,0.5833333333333334,0.2777777777777778,0.5179134326181355,1,35.0,0,0.8,0.2777777777777778,0.4166666666666667,0.16666666666666666,0.1388888888888889,0.3333333333333333,0.8333333333333334,0.4166666666666667,0.5833333333333334,0.2777777777777778,0.2777777777777778,0.5318201011864091
0,0.8,0.2777777777777778,0.4166666666666667,0.16666666666666666,0.1388888888888889,0.3333333333333333,0.8333333333333334,0.4166666666666667,0.5833333333333334,0.2777777777777778,0.2777777777777778,0.5318201011864091,1,35.0,1,0.5,0.4166666666666667,0.16666666666666666,0.1388888888888889,0.3333333333333333,0.8333333333333334,0.4166666666666667,0.5833333333333334,0.2777777777777778,0.2777777777777778,0.7777777777777778,0.4557546195139027
1,0.5,0.4166666666666667,0.16666666666666666,0.1388888888888889,0.3333333333333333,0.8333333333333334,0.4166666666666667,0.5833333333333334,0.2777777777777778,0.2777777777777778,0.7777777777777778,0.4557546195139027,1,-1.0,0,0.5,0.16666666666666666,0.1388888888888889,0.3333333333333333,0.8333333333333334,0.4166666666666667,0.5833333333333334,0.2777777777777778,0.2777777777777778,0.7777777777777778,0.9444444444444444,0.5545827553037821
0,0.5,0.16666666666666666,0.1388888888888889,0.3333333333333333,0.8333333333333334,0.4166666666666667,0.5833333333333334,0.2777777777777778,0.2777777777777778,0.7777777777777778,0.9444444444444444,0.5545827553037821,0,35.0,1,0.5,0.1388888888888889,0.3333333333333333,0.8333333333333334,0.4166666666666667,0.5833333333333334,0.2777777777777778,0.2777777777777778,0.7777777777777778,0.9444444444444444,0.6388888888888888,0.4928749012426952
1,0.5,0.1388888888888889,0.3333333333333333,0.8333333333333334,0.4166666666666667,0.5833333333333334,0.2777777777777778,0.2777777777777778,0.7777777777777778,0.9444444444444444,0.6388888888888888,0.4928749012426952,0,35.0,0,0.8,0.3333333333333333,0.8333333333333334,0.4166666666666667,0.5833333333333334,0.2777777777777778,0.2777777777777778,0.7777777777777778,0.9444444444444444,0.6388888888888888,0.19444444444444445,0.46970232920911525
0,0.8,0.3333333333333333,0.8333333333333334,0.4166666666666667,0.5833333333333334,0.2777777777777778,0.2777777777777778,0.7777777777777778,0.9444444444444444,0.6388888888888888,0.19444444444444445,0.46970232920911525,0,35.0,1,0.8,0.8333333333333334,0.4166666666666667,0.5833333333333334,0.2777777777777778,0.2777777777777778,0.7777777777777778,0.9444444444444444,0.6388888888888888,0.19444444444444445,0.3333333333333333,0.5443477691256016
1,0.8,0.8333333333333334,0.4166666666666667,0.5833333333333334,0.2777777777777778,0.2777777777777778,0.7777777777777778,0.9444444444444444,0.6388888888888888,0.19444444444444445,0.3333333333333333,0.5443477691256016,0,35.0,0,0.9,0.4166666666666667,0.5833333333333334,0.2777777777777778,0.2777777777777778,0.7777777777777778,0.9444444444444444,0.6388888888888888,0.19444444444444445,0.3333333333333333,0.6388888888888888,0.5573254924183109
0,0.9,0.4166666666666667,0.5833333333333334,0.2777777777777778,0.2777777777777778,0.7777777777777778,0.9444444444444444,0.6388888888888888,0.19444444444444445,0.3333333333333333,0.6388888888888888,0.5573254924183109,0,-1.0,1,0.5,0.5833333333333334,0.2777777777777778,0.2777777777777778,0.7777777777777778,0.9444444444444444,0.6388888888888888,0.19444444444444445,0.3333333333333333,0.6388888888888888,0.7777777777777778,0.3733307775413779
1,0.5,0.5833333333333334,0.2777777777777778,0.2777777777777778,0.7777777777777778,0.9444444444444444,0.6388888888888888,0.19444444444444445,0.3333333333333333,0.6388888888888888,0.7777777777777778,0.3733307775413779,1,-1.0,0,0.5,0.2777777777777778,0.2777777777777778,0.7777777777777778,0.9444444444444444,0.6388888888888888,0.19444444444444445,0.3333333333333333,0.6388888888888888,0.7777777777777778,0.0,0.4515257140874152
0,0.5,0.2777777777777778,0.2777777777777778,0.7777777777777778,0.9444444444444444,0.6388888888888888,0.19444444444444445,0.3333333333333333,0.6388888888888888,0.7777777777777778,0.0,0.4515257140874152,-1,-1.0,1,0.95,0.2777777777777778,0.7777777777777778,0.9444444444444444,0.6388888888888888,0.19444444444444445,0.3333333333333333,0.6388888888888888,0.7777777777777778,0.0,0.4722222222222222,0.5058729951366362
1,0.95,0.2777777777777778,0.7777777777777778,0.9444444444444444,0.6388888888888888,0.19444444444444445,0.3333333333333333,0.6388888888888888,0.7777777777777778,0.0,0.4722222222222222,0.5058729951366362,1,35.0,0,0.9,0.7777777777777778,0.9444444444444444,0.6388888888888888,0.19444444444444445,0.3333333333333333,0.6388888888888888,0.7777777777777778,0.0,0.4722222222222222,0.9166666666666666,0.3740193697423823
0,0.9,0.7777777777777778,0.9444444444444444,0.6388888888888888,0.19444444444444445,0.3333333333333333,0.6388888888888888,0.7777777777777778,0.0,0.4722222222222222,0.9166666666666666,0.3740193697423823,1,35.0,1,0.9,0.9444444444444444,0.6388888888888888,0.19444444444444445,0.3333333333333333,0.6388888888888888,0.7777777777777778,0.0,0.4722222222222222,0.9166666666666666,0.8611111111111112,0.5668121037947423
1,0.9,0.9444444444444444,0.6388888888888888,0.19444444444444445,0.3333333333333333,0.6388888888888888,0.7777777777777778,0.0,0.4722222222222222,0.9166666666666666,0.8611111111111112,0.5668121037947423,1,-1.0,0,0.9,0.6388888888888888,0.19444444444444445,0.3333333333333333,0.6388888888888888,0.7777777777777778,0.0,0.4722222222222222,0.9166666666666666,0.8611111111111112,0.6388888888888888,0.6567709498175719
0,0.9,0.6388888888888888,0.19444444444444445,0.3333333333333333,0.6388888888888888,0.7777777777777778,0.0,0.4722222222222222,0.9166666666666666,0.8611111111111112,0.6388888888888888,0.6567709498175719,0,-1.0,1,0.5,0.19444444444444445,0.3333333333333333,0.6388888888888888,0.7777777777777778,0.0,0.4722222222222222,0.9166666666666666,0.8611111111111112,0.6388888888888888,0.9722222222222222,0.5207592156848576
1,0.5,0.19444444444444445,0.3333333333333333,0.6388888888888888,0.7777777777777778,0.0,0.4722222222222222,0.9166666666666666,0.8611111111111112,0.6388888888888888,0.9722222222222222,0.5207592156848576,1,-1.0,0,0.8,0.3333333333333333,0.6388888888888888,0.7777777777777778,0.0,0.4722222222222222,0.9166666666666666,0.8611111111111112,0.6388888888888888,0.9722222222222222,0.5,0.3762917044147462
0,0.8,0.3333333333333333,0.6388888888888888,0.7777777777777778,0.0,0.4722222222222222,0.9166666666666666,0.8611111111111112,0.6388888888888888,0.9722222222222222,0.5,0.3762917044147462,0,35.0,1,0.5,0.6388888888888888,0.7777777777777778,0.0,0.4722222222222222,0.9166666666666666,0.8611111111111112,0.6388888888888888,0.9722222222222222,0.5,0.25,0.4856099778999572
1,0.5,0.6388888888888888,0.7777777777777778,0.0,0.4722222222222222,0.9166666666666666,0.8611111111111112,0.6388888888888888,0.9722222222222222,0.5,0.25,0.4856099778999572,0,-1.0,0,0.5,0.7777777777777778,0.0,0.4722222222222222,0.9166666666666666,0.8611111111111112,0.6388888888888888,0.9722222222222222,0.5,0.25,0.5555555555555556,0.449206825367803
0,0.5,0.7777777777777778,0.0,0.4722222222222222,0.9166666666666666,0.8611111111111112,0.6388888888888888,0.9722222222222222,0.5,0.25,0.5555555555555556,0.449206825367803,1,-1.0,1,0.5,0.0,0.4722222222222222,0.9166666666666666,0.8611111111111112,0.6388888888888888,0.9722222222222222,0.5,0.25,0.5555555555555556,0.3333333333333333,0.4722131983842111
1,0.5,0.0,0.4722222222222222,0.9166666666666666,0.8611111111111112,0.6388888888888888,0.9722222222222222,0.5,0.25,0.5555555555555556,0.3333333333333333,0.4722131983842111,0,-1.0,0,0.5,0.4722222222222222,0.9166666666666666,0.8611111111111112,0.6388888888888888,0.9722222222222222,0.5,0.25,0.5555555555555556,0.3333333333333333,0.3055555555555556,0.5183514496411324
0,0.5,0.4722222222222222,0.9166666666666666,0.8611111111111112,0.6388888888888888,0.9722222222222222,0.5,0.25,0.5555555555555556,0.3333333333333333,0.3055555555555556,0.5183514496411324,1,-1.0,1,0.5,0.9166666666666666,0.8611111111111112,0.6388888888888888,0.9722222222222222,0.5,0.25,0.5555555555555556,0.3333333333333333,0.3055555555555556,0.5833333333333334,0.46996724658375605
1,0.5,0.9166666666666666,0.8611111111111112,0.6388888888888888,0.9722222222222222,0.5,0.25,0.5555555555555556,0.3333333333333333,0.3055555555555556,0.5833333333333334,0.46996724658375605,0,35.0,0,0.8,0.8611111111111112,0.6388888888888888,0.9722222222222222,0.5,0.25,0.5555555555555556,0.3333333333333333,0.3055555555555556,0.5833333333333334,0.5833333333333334,0.5331369299750707
0,0.8,0.8611111111111112,0.6388888888888888,0.9722222222222222,0.5,0.25,0.5555555555555556,0.3333333333333333,0.3055555555555556,0.5833333333333334,0.5833333333333334,0.5331369299750707,0,-1.0,1,0.8,0.6388888888888888,0.9722222222222222,0.5,0.25,0.5555555555555556,0.3333333333333333,0.3055555555555556,0.5833333333333334,0.5833333333333334,0.4166666666666667,0.5718073847043261
1,0.8,0.6388888888888888,0.9722222222222222,0.5,0.25,0.5555555555555556,0.3333333333333333,0.3055555555555556,0.5833333333333334,0.5833333333333334,0.4166666666666667,0.5718073847043261,1,-1.0,0,0.0,0.9722222222222222,0.5,0.25,0.5555555555555556,0.3333333333333333,0.3055555555555556,0.5833333333333334,0.5833333333333334,0.4166666666666667,0.08333333333333333,0.4743451615096783
0,0.0,0.9722222222222222,0.5,0.25,0.5555555555555556,0.3333333333333333,0.3055555555555556,0.5833333333333334,0.5833333333333334,0.4166666666666667,0.08333333333333333,0.4743451615096783,0,-1.0,1,0.8,0.5,0.25,0.5555555555555556,0.3333333333333333,0.3055555555555556,0.5833333333333334,0.5833333333333334,0.4166666666666667,0.08333333333333333,0.2222222222222222,0.40015643812072615
1,0.8,0.5,0.25,0.5555555555555556,0.3333333333333333,0.3055555555555556,0.5833333333333334,0.5833333333333334,0.4166666666666667,0.08333333333333333,0.2222222222222222,0.40015643812072615,1,-1.0,0,0.95,0.25,0.5555555555555556,0.3333333333333333,0.3055555555555556,0.5833333333333334,0.5833333333333334,0.4166666666666667,0.08333333333333333,0.2222222222222222,0.6944444444444444,0.4560635211156332
0,0.95,0.25,0.5555555555555556,0.3333333333333333,0.3055555555555556,0.5833333333333334,0.5833333333333334,0.4166666666666667,0.08333333333333333,0.2222222222222222,0.6944444444444444,0.4560635211156332,0,35.0,0,0.65,0.5555555555555556,0.3333333333333333,0.3055555555555556,0.5833333333333334,0.5833333333333334,0.4166666666666667,0.08333333333333333,0.2222222222222222,0.6944444444444444,0.3333333333333333,0.46296855225814704
0,0.65,0.5555555555555556,0.3333333333333333,0.3055555555555556,0.5833333333333334,0.5833333333333334,0.4166666666666667,0.08333333333333333,0.2222222222222222,0.6944444444444444,0.3333333333333333,0.46296855225814704,0,35.0,1,0.65,0.3333333333333333,0.3055555555555556,0.5833333333333334,0.5833333333333334,0.4166666666666667,0.08333333333333333,0.2222222222222222,0.6944444444444444,0.3333333333333333,0.9444444444444444,0.5128993863599398
1,0.65,0.3333333333333333,0.3055555555555556,0.5833333333333334,0.5833333333333334,0.4166666666666667,0.08333333333333333,0.2222222222222222,0.6944444444444444,0.3333333333333333,0.9444444444444444,0.5128993863599398,0,-1.0,0,0.5,0.3055555555555556,0.5833333333333334,0.5833333333333334,0.4166666666666667,0.08333333333333333,0.2222222222222222,0.6944444444444444,0.3333333333333333,0.9444444444444444,0.4166666666666667,0.4061697178833674
0,0.5,0.3055555555555556,0.5833333333333334,0.5833333333333334,0.4166666666666667,0.08333333333333333,0.2222222222222222,0.6944444444444444,0.3333333333333333,0.9444444444444444,0.4166666666666667,0.4061697178833674,1,35.0,1,0.65,0.5833333333333334,0.5833333333333334,0.4166666666666667,0.08333333333333333,0.2222222222222222,0.6944444444444444,0.3333333333333333,0.9444444444444444,0.4166666666666667,0.8055555555555556,0.5279927080387246
1,0.65,0.5833333333333334,0.5833333333333334,0.4166666666666667,0.08333333333333333,0.2222222222222222,0.6944444444444444,0.3333333333333333,0.9444444444444444,0.4166666666666667,0.8055555555555556,0.5279927080387246,1,35.0,0,0.5,0.5833333333333334,0.4166666666666667,0.08333333333333333,0.2222222222222222,0.6944444444444444,0.3333333333333333,0.9444444444444444,0.4166666666666667,0.8055555555555556,0.3055555555555556,0.42455448214287606
0,0.5,0.5833333333333334,0.4166666666666667,0.08333333333333333,0.2222222222222222,0.6944444444444444,0.3333333333333333,0.9444444444444444,0.4166666666666667,0.8055555555555556,0.3055555555555556,0.42455448214287606,1,35.0,1,0.5,0.4166666666666667,0.08333333333333333,0.2222222222222222,0.6944444444444444,0.3333333333333333,0.9444444444444444,0.4166666666666667,0.8055555555555556,0.3055555555555556,0.3055555555555556,0.4049605971936701
1,0.5,0.4166666666666667,0.08333333333333333,0.2222222222222222,0.6944444444444444,0.3333333333333333,0.9444444444444444,0.4166666666666667,0.8055555555555556,0.3055555555555556,0.3055555555555556,0.4049605971936701,1,-1.0,0,0.75,0.08333333333333333,0.2222222222222222,0.6944444444444444,0.3333333333333333,0.9444444444444444,0.4166666666666667,0.8055555555555556,0.3055555555555556,0.3055555555555556,0.5277777777777778,0.463364145627903
0,0.75,0.08333333333333333,0.2222222222222222,0.6944444444444444,0.3333333333333333,0.9444444444444444,0.4166666666666667,0.8055555555555556,0.3055555555555556,0.3055555555555556,0.5277777777777778,0.463364145627903,0,-1.0,1,0.8,0.2222222222222222,0.6944444444444444,0.3333333333333333,0.9444444444444444,0.4166666666666667,0.8055555555555556,0.3055555555555556,0.3055555555555556,0.5277777777777778,0.6111111111111112,0.5402050359069637
1,0.8,0.2222222222222222,0.6944444444444444,0.3333333333333333,0.9444444444444444,0.4166666666666667,0.8055555555555556,0.3055555555555556,0.3055555555555556,0.5277777777777778,0.6111111111111112,0.5402050359069637,1,35.0,0,0.9,0.6944444444444444,0.3333333333333333,0.9444444444444444,0.4166666666666667,0.8055555555555556,0.3055555555555556,0.3055555555555556,0.5277777777777778,0.6111111111111112,0.5555555555555556,0.6176533980566156
0,0.9,0.6944444444444444,0.3333333333333333,0.9444444444444444,0.4166666666666667,0.8055555555555556,0.3055555555555556,0.3055555555555556,0.5277777777777778,0.6111111111111112,0.5555555555555556,0.6176533980566156,1,35.0,1,0.9,0.3333333333333333,0.9444444444444444,0.4166666666666667,0.8055555555555556,0.3055555555555556,0.3055555555555556,0.5277777777777778,0.6111111111111112,0.5555555555555556,0.2777777777777778,0.5696291070252822
1,0.9,0.3333333333333333,0.9444444444444444,0.4166666666666667,0.8055555555555556,0.3055555555555556,0.3055555555555556,0.5277777777777778,0.6111111111111112,0.5555555555555556,0.2777777777777778,0.5696291070252822,1,-1.0,0,0.5,0.9444444444444444,0.4166666666666667,0.8055555555555556,0.3055555555555556,0.3055555555555556,0.5277777777777778,0.6111111111111112,0.5555555555555556,0.2777777777777778,0.4444444444444444,0.5318761882728993
0,0.5,0.9444444444444444,0.4166666666666667,0.8055555555555556,0.3055555555555556,0.3055555555555556,0.5277777777777778,0.6111111111111112,0.5555555555555556,0.2777777777777778,0.4444444444444444,0.5318761882728993,0,35.0,1,0.8,0.4166666666666667,0.8055555555555556,0.3055555555555556,0.3055555555555556,0.5277777777777778,0.6111111111111112,0.5555555555555556,0.2777777777777778,0.4444444444444444,0.6944444444444444,0.5336398387467217
1,0.8,0.4166666666666667,0.8055555555555556,0.3055555555555556,0.3055555555555556,0.5277777777777778,0.6111111111111112,0.5555555555555556,0.2777777777777778,0.4444444444444444,0.6944444444444444,0.5336398387467217,0,-1.0,0,0.5,0.8055555555555556,0.3055555555555556,0.3055555555555556,0.5277777777777778,0.6111111111111112,0.5555555555555556,0.2777777777777778,0.4444444444444444,0.6944444444444444,0.2222222222222222,0.5840068942780866
0,0.5,0.8055555555555556,0.3055555555555556,0.3055555555555556,0.5277777777777778,0.6111111111111112,0.5555555555555556,0.2777777777777778,0.4444444444444444,0.6944444444444444,0.2222222222222222,0.5840068942780866,1,-1.0,1,0.5,0.3055555555555556,0.3055555555555556,0.5277777777777778,0.6111111111111112,0.5555555555555556,0.2777777777777778,0.4444444444444444,0.6944444444444444,0.2222222222222222,0.027777777777777776,0.5395217615302824
1,0.5,0.3055555555555556,0.3055555555555556,0.5277777777777778,0.6111111111111112,0.5555555555555556,0.2777777777777778,0.4444444444444444,0.6944444444444444,0.2222222222222222,0.027777777777777776,0.5395217615302824,0,35.0,1,0.75,0.3055555555555556,0.5277777777777778,0.6111111111111112,0.5555555555555556,0.2777777777777778,0.4444444444444444,0.6944444444444444,0.2222222222222222,0.027777777777777776,0.5833333333333334,0.437058455438596
1,0.75,0.3055555555555556,0.5277777777777778,0.6111111111111112,0.5555555555555556,0.2777777777777778,0.4444444444444444,0.6944444444444444,0.2222222222222222,0.027777777777777776,0.5833333333333334,0.437058455438596,0,-1.0,0,0.95,0.5277777777777778,0.6111111111111112,0.5555555555555556,0.2777777777777778,0.4444444444444444,0.6944444444444444,0.2222222222222222,0.027777777777777776,0.5833333333333334,0.5555555555555556,0.4299168366148624
0,0.95,0.5277777777777778,0.6111111111111112,0.5555555555555556,0.2777777777777778,0.4444444444444444,0.6944444444444444,0.2222222222222222,0.027777777777777776,0.5833333333333334,0.5555555555555556,0.4299168366148624,1,35.0,1,0.5,0.6111111111111112,0.5555555555555556,0.2777777777777778,0.4444444444444444,0.6944444444444444,0.2222222222222222,0.027777777777777776,0.5833333333333334,0.5555555555555556,0.8055555555555556,0.5065716065491199
1,0.5,0.6111111111111112,0.5555555555555556,0.2777777777777778,0.4444444444444444,0.6944444444444444,0.2222222222222222,0.027777777777777776,0.5833333333333334,0.5555555555555556,0.8055555555555556,0.5065716065491199,1,35.0,0,0.95,0.5555555555555556,0.2777777777777778,0.4444444444444444,0.6944444444444444,0.2222222222222222,0.027777777777777776,0.5833333333333334,0.5555555555555556,0.8055555555555556,0.2777777777777778,0.6097104458353175
0,0.95,0.5555555555555556,0.2777777777777778,0.4444444444444444,0.6944444444444444,0.2222222222222222,0.027777777777777776,0.5833333333333334,0.5555555555555556,0.8055555555555556,0.2777777777777778,0.6097104458353175,1,35.0,0,0.95,0.2777777777777778,0.4444444444444444,0.6944444444444444,0.2222222222222222,0.027777777777777776,0.5833333333333334,0.5555555555555556,0.8055555555555556,0.2777777777777778,0.7222222222222222,0.344282165843063
0,0.95,0.2777777777777778,0.4444444444444444,0.6944444444444444,0.2222222222222222,0.027777777777777776,0.5833333333333334,0.5555555555555556,0.8055555555555556,0.2777777777777778,0.7222222222222222,0.344282165843063,1,35.0,0,0.5,0.4444444444444444,0.6944444444444444,0.2222222222222222,0.027777777777777776,0.5833333333333334,0.5555555555555556,0.8055555555555556,0.2777777777777778,0.7222222222222222,0.3611111111111111,0.48783306463733744
0,0.5,0.4444444444444444,0.6944444444444444,0.2222222222222222,0.027777777777777776,0.5833333333333334,0.5555555555555556,0.8055555555555556,0.2777777777777778,0.7222222222222222,0.3611111111111111,0.48783306463733744,1,-1.0,0,0.5,0.6944444444444444,0.2222222222222222,0.027777777777777776,0.5833333333333334,0.5555555555555556,0.8055555555555556,0.2777777777777778,0.7222222222222222,0.3611111111111111,0.8888888888888888,0.49030373654549547
0,0.5,0.6944444444444444,0.2222222222222222,0.027777777777777776,0.5833333333333334,0.5555555555555556,0.8055555555555556,0.2777777777777778,0.7222222222222222,0.3611111111111111,0.8888888888888888,0.49030373654549547,0,-1.0,0,0.5,0.2222222222222222,0.027777777777777776,0.5833333333333334,0.5555555555555556,0.8055555555555556,0.2777777777777778,0.7222222222222222,0.3611111111111111,0.8888888888888888,0.7222222222222222,0.518759861588737
0,0.5,0.2222222222222222,0.027777777777777776,0.5833333333333334,0.5555555555555556,0.8055555555555556,0.2777777777777778,0.7222222222222222,0.3611111111111111,0.8888888888888888,0.7222222222222222,0.518759861588737,1,35.0,1,0.5,0.027777777777777776,0.5833333333333334,0.5555555555555556,0.8055555555555556,0.2777777777777778,0.7222222222222222,0.3611111111111111,0.8888888888888888,0.7222222222222222,0.1111111111111111,0.4774408650526144
1,0.5,0.027777777777777776,0.5833333333333334,0.5555555555555556,0.8055555555555556,0.2777777777777778,0.7222222222222222,0.3611111111111111,0.8888888888888888,0.7222222222222222,0.1111111111111111,0.4774408650526144,1,-1.0,0,0.5,0.5833333333333334,0.5555555555555556,0.8055555555555556,0.2777777777777778,0.7222222222222222,0.3611111111111111,0.8888888888888888,0.7222222222222222,0.1111111111111111,0.027777777777777776,0.4099285544572259
0,0.5,0.5833333333333334,0.5555555555555556,0.8055555555555556,0.2777777777777778,0.7222222222222222,0.3611111111111111,0.8888888888888888,0.7222222222222222,0.1111111111111111,0.027777777777777776,0.4099285544572259,0,-1.0,1,0.75,0.5555555555555556,0.8055555555555556,0.2777777777777778,0.7222222222222222,0.3611111111111111,0.8888888888888888,0.7222222222222222,0.1111111111111111,0.027777777777777776,0.0,0.4322027041390946
1,0.75,0.5555555555555556,0.8055555555555556,0.2777777777777778,0.7222222222222222,0.3611111111111111,0.8888888888888888,0.7222222222222222,0.1111111111111111,0.027777777777777776,0.0,0.4322027041390946,-1,-1.0,0,0.5,0.8055555555555556,0.2777777777777778,0.7222222222222222,0.3611111111111111,0.8888888888888888,0.7222222222222222,0.1111111111111111,0.027777777777777776,0.0,0.16666666666666666,0.5912427434431734
0,0.5,0.8055555555555556,0.2777777777777778,0.7222222222222222,0.3611111111111111,0.8888888888888888,0.7222222222222222,0.1111111111111111,0.027777777777777776,0.0,0.16666666666666666,0.5912427434431734,1,-1.0,1,0.8,0.2777777777777778,0.7222222222222222,0.3611111111111111,0.8888888888888888,0.7222222222222222,0.1111111111111111,0.027777777777777776,0.0,0.16666666666666666,0.027777777777777776,0.5769035089234233
1,0.8,0.2777777777777778,0.7222222222222222,0.3611111111111111,0.8888888888888888,0.7222222222222222,0.1111111111111111,0.027777777777777776,0.0,0.16666666666666666,0.027777777777777776,0.5769035089234233,0,35.0,0,0.5,0.7222222222222222,0.3611111111111111,0.8888888888888888,0.7222222222222222,0.1111111111111111,0.027777777777777776,0.0,0.16666666666666666,0.027777777777777776,0.6388888888888888,0.644555379305206
0,0.5,0.7222222222222222,0.3611111111111111,0.8888888888888888,0.7222222222222222,0.1111111111111111,0.027777777777777776,0.0,0.16666666666666666,0.027777777777777776,0.6388888888888888,0.644555379305206,0,35.0,1,0.8,0.3611111111111111,0.8888888888888888,0.7222222222222222,0.1111111111111111,0.027777777777777776,0.0,0.16666666666666666,0.027777777777777776,0.6388888888888888,0.8333333333333334,0.4349380717019153
1,0.8,0.3611111111111111,0.8888888888888888,0.7222222222222222,0.1111111111111111,0.027777777777777776,0.0,0.16666666666666666,0.027777777777777776,0.6388888888888888,0.8333333333333334,0.4349380717019153,0,-1.0,0,0.5,0.8888888888888888,0.7222222222222222,0.1111111111111111,0.027777777777777776,0.0,0.16666666666666666,0.027777777777777776,0.6388888888888888,0.8333333333333334,0.8611111111111112,0.4168863553448473
0,0.5,0.8888888888888888,0.7222222222222222,0.1111111111111111,0.027777777777777776,0.0,0.16666666666666666,0.027777777777777776,0.6388888888888888,0.8333333333333334,0.8611111111111112,0.4168863553448473,1,35.0,1,0.5,0.7222222222222222,0.1111111111111111,0.027777777777777776,0.0,0.16666666666666666,0.027777777777777776,0.6388888888888888,0.8333333333333334,0.8611111111111112,0.6666666666666666,0.4122317027451522
1,0.5,0.7222222222222222,0.1111111111111111,0.027777777777777776,0.0,0.16666666666666666,0.027777777777777776,0.6388888888888888,0.8333333333333334,0.8611111111111112,0.6666666666666666,0.4122317027451522,1,35.0,0,0.9,0.1111111111111111,0.027777777777777776,0.0,0.16666666666666666,0.027777777777777776,0.6388888888888888,0.8333333333333334,0.8611111111111112,0.6666666666666666,0.8055555555555556,0.615400974141387
0,0.9,0.1111111111111111,0.027777777777777776,0.0,0.16666666666666666,0.027777777777777776,0.6388888888888888,0.8333333333333334,0.8611111111111112,0.6666666666666666,0.8055555555555556,0.615400974141387,1,35.0,1,0.9,0.027777777777777776,0.0,0.16666666666666666,0.027777777777777776,0.6388888888888888,0.8333333333333334,0.8611111111111112,0.6666666666666666,0.8055555555555556,0.4722222222222222,0.4110997938366791
1,0.9,0.027777777777777776,0.0,0.16666666666666666,0.027777777777777776,0.6388888888888888,0.8333333333333334,0.8611111111111112,0.6666666666666666,0.8055555555555556,0.4722222222222222,0.4110997938366791,1,-1.0,0,0.9,0.0,0.16666666666666666,0.027777777777777776,0.6388888888888888,0.8333333333333334,0.8611111111111112,0.6666666666666666,0.8055555555555556,0.4722222222222222,0.8888888888888888,0.4221945251522287
0,0.9,0.0,0.16666666666666666,0.027777777777777776,0.6388888888888888,0.8333333333333334,0.8611111111111112,0.6666666666666666,0.8055555555555556,0.4722222222222222,0.8888888888888888,0.4221945251522287,0,-1.0,1,0.5,0.16666666666666666,0.027777777777777776,0.6388888888888888,0.8333333333333334,0.8611111111111112,0.6666666666666666,0.8055555555555556,0.4722222222222222,0.8888888888888888,0.9166666666666666,0.3867575463548548
1,0.5,0.16666666666666666,0.027777777777777776,0.6388888888888888,0.8333333333333334,0.8611111111111112,0.6666666666666666,0.8055555555555556,0.4722222222222222,0.8888888888888888,0.9166666666666666,0.3867575463548548,1,35.0,0,0.5,0.027777777777777776,0.6388888888888888,0.8333333333333334,0.8611111111111112,0.6666666666666666,0.8055555555555556,0.4722222222222222,0.8888888888888888,0.9166666666666666,0.05555555555555555,0.4745603020219827
0,0.5,0.027777777777777776,0.6388888888888888,0.8333333333333334,0.8611111111111112,0.6666666666666666,0.8055555555555556,0.4722222222222222,0.8888888888888888,0.9166666666666666,0.05555555555555555,0.4745603020219827,1,-1.0,1,0.9,0.6388888888888888,0.8333333333333334,0.8611111111111112,0.6666666666666666,0.8055555555555556,0.4722222222222222,0.8888888888888888,0.9166666666666666,0.05555555555555555,0.19444444444444445,0.5003249404572258
1,0.9,0.6388888888888888,0.8333333333333334,0.8611111111111112,0.6666666666666666,0.8055555555555556,0.4722222222222222,0.8888888888888888,0.9166666666666666,0.05555555555555555,0.19444444444444445,0.5003249404572258,0,35.0,0,0.9,0.8333333333333334,0.8611111111111112,0.6666666666666666,0.8055555555555556,0.4722222222222222,0.8888888888888888,0.9166666666666666,0.05555555555555555,0.19444444444444445,0.19444444444444445,0.5688430425616874
0,0.9,0.8333333333333334,0.8611111111111112,0.6666666666666666,0.8055555555555556,0.4722222222222222,0.8888888888888888,0.9166666666666666,0.05555555555555555,0.19444444444444445,0.19444444444444445,0.5688430425616874,0,-1.0,1,0.35,0.8611111111111112,0.6666666666666666,0.8055555555555556,0.4722222222222222,0.8888888888888888,0.9166666666666666,0.05555555555555555,0.19444444444444445,0.19444444444444445,0.4722222222222222,0.539343822004992
1,0.35,0.8611111111111112,0.6666666666666666,0.8055555555555556,0.4722222222222222,0.8888888888888888,0.9166666666666666,0.05555555555555555,0.19444444444444445,0.19444444444444445,0.4722222222222222,0.539343822004992,1,-1.0,0,0.9,0.6666666666666666,0.8055555555555556,0.4722222222222222,0.8888888888888888,0.9166666666666666,0.05555555555555555,0.19444444444444445,0.19444444444444445,0.4722222222222222,1.0,0.5181824522371222
0,0.9,0.6666666666666666,0.8055555555555556,0.4722222222222222,0.8888888888888888,0.9166666666666666,0.05555555555555555,0.19444444444444445,0.19444444444444445,0.4722222222222222,1.0,0.5181824522371222,0,-1.0,0,0.65,0.8055555555555556,0.4722222222222222,0.8888888888888888,0.9166666666666666,0.05555555555555555,0.19444444444444445,0.19444444444444445,0.4722222222222222,1.0,0.3055555555555556,0.5962101914374053
0,0.65,0.8055555555555556,0.4722222222222222,0.8888888888888888,0.9166666666666666,0.05555555555555555,0.19444444444444445,0.19444444444444445,0.4722222222222222,1.0,0.3055555555555556,0.5962101914374053,1,-1.0,1,0.65,0.4722222222222222,0.8888888888888888,0.9166666666666666,0.05555555555555555,0.19444444444444445,0.19444444444444445,0.4722222222222222,1.0,0.3055555555555556,0.3888888888888889,0.48033981795512337
1,0.65,0.4722222222222222,0.8888888888888888,0.9166666666666666,0.05555555555555555,0.19444444444444445,0.19444444444444445,0.4722222222222222,1.0,0.3055555555555556,0.3888888888888889,0.48033981795512337,0,35.0,0,0.65,0.8888888888888888,0.9166666666666666,0.05555555555555555,0.19444444444444445,0.19444444444444445,0.4722222222222222,1.0,0.3055555555555556,0.3888888888888889,0.3888888888888889,0.4411736450270283
0,0.65,0.8888888888888888,0.9166666666666666,0.05555555555555555,0.19444444444444445,0.19444444444444445,0.4722222222222222,1.0,0.3055555555555556,0.3888888888888889,0.3888888888888889,0.4411736450270283,0,-1.0,1,0.65,0.9166666666666666,0.05555555555555555,0.19444444444444445,0.19444444444444445,0.4722222222222222,1.0,0.3055555555555556,0.3888888888888889,0.3888888888888889,0.7777777777777778,0.47472731748312014
1,0.65,0.9166666666666666,0.05555555555555555,0.19444444444444445,0.19444444444444445,0.4722222222222222,1.0,0.3055555555555556,0.3888888888888889,0.3888888888888889,0.7777777777777778,0.47472731748312014,1,-1.0,0,0.8,0.05555555555555555,0.19444444444444445,0.19444444444444445,0.4722222222222222,1.0,0.3055555555555556,0.3888888888888889,0.3888888888888889,0.7777777777777778,0.8333333333333334,0.5445470039682647
0,0.8,0.05555555555555555,0.19444444444444445,0.19444444444444445,0.4722222222222222,1.0,0.3055555555555556,0.3888888888888889,0.3888888888888889,0.7777777777777778,0.8333333333333334,0.5445470039682647,0,35.0,0,0.5,0.19444444444444445,0.19444444444444445,0.4722222222222222,1.0,0.3055555555555556,0.3888888888888889,0.3888888888888889,0.7777777777777778,0.8333333333333334,0.5277777777777778,0.6161101707793388
0,0.5,0.19444444444444445,0.19444444444444445,0.4722222222222222,1.0,0.3055555555555556,0.3888888888888889,0.3888888888888889,0.7777777777777778,0.8333333333333334,0.5277777777777778,0.6161101707793388,0,-1.0,1,0.5,0.19444444444444445,0.4722222222222222,1.0,0.3055555555555556,0.3888888888888889,0.3888888888888889,0.7777777777777778,0.8333333333333334,0.5277777777777778,0.8611111111111112,0.47728359467485537
1,0.5,0.19444444444444445,0.4722222222222222,1.0,0.3055555555555556,0.3888888888888889,0.3888888888888889,0.7777777777777778,0.8333333333333334,0.5277777777777778,0.8611111111111112,0.47728359467485537,1,35.0,0,0.5,0.4722222222222222,1.0,0.3055555555555556,0.3888888888888889,0.3888888888888889,0.7777777777777778,0.8333333333333334,0.5277777777777778,0.8611111111111112,0.1111111111111111,0.5472465273107485
0,0.5,0.4722222222222222,1.0,0.3055555555555556,0.3888888888888889,0.3888888888888889,0.7777777777777778,0.8333333333333334,0.5277777777777778,0.8611111111111112,0.1111111111111111,0.5472465273107485,1,35.0,1,0.5,1.0,0.3055555555555556,0.3888888888888889,0.3888888888888889,0.7777777777777778,0.8333333333333334,0.5277777777777778,0.8611111111111112,0.1111111111111111,0.2222222222222222,0.5198049922863877
1,0.5,1.0,0.3055555555555556,0.3888888888888889,0.3888888888888889,0.7777777777777778,0.8333333333333334,0.5277777777777778,0.8611111111111112,0.1111111111111111,0.2222222222222222,0.5198049922863877,1,35.0,0,0.05,0.3055555555555556,0.3888888888888889,0.3888888888888889,0.7777777777777778,0.8333333333333334,0.5277777777777778,0.8611111111111112,0.1111111111111111,0.2222222222222222,0.05555555555555555,0.504374651271017
0,0.05,0.3055555555555556,0.3888888888888889,0.3888888888888889,0.7777777777777778,0.8333333333333334,0.5277777777777778,0.8611111111111112,0.1111111111111111,0.2222222222222222,0.05555555555555555,0.504374651271017,1,35.0,1,0.5,0.3888888888888889,0.3888888888888889,0.7777777777777778,0.8333333333333334,0.5277777777777778,0.8611111111111112,0.1111111111111111,0.2222222222222222,0.05555555555555555,0.4722222222222222,0.5418648264701177
1,0.5,0.3888888888888889,0.3888888888888889,0.7777777777777778,0.8333333333333334,0.5277777777777778,0.8611111111111112,0.1111111111111111,0.2222222222222222,0.05555555555555555,0.4722222222222222,0.5418648264701177,1,35.0,0,0.75,0.3888888888888889,0.7777777777777778,0.8333333333333334,0.5277777777777778,0.8611111111111112,0.1111111111111111,0.2222222222222222,0.05555555555555555,0.4722222222222222,0.4722222222222222,0.5052498446573782
0,0.75,0.3888888888888889,0.7777777777777778,0.8333333333333334,0.5277777777777778,0.8611111111111112,0.1111111111111111,0.2222222222222222,0.05555555555555555,0.4722222222222222,0.4722222222222222,0.5052498446573782,1,-1.0,1,0.75,0.7777777777777778,0.8333333333333334,0.5277777777777778,0.8611111111111112,0.1111111111111111,0.2222222222222222,0.05555555555555555,0.4722222222222222,0.4722222222222222,0.8888888888888888,0.5938180419013883
1,0.75,0.7777777777777778,0.8333333333333334,0.5277777777777778,0.8611111111111112,0.1111111111111111,0.2222222222222222,0.05555555555555555,0.4722222222222222,0.4722222222222222,0.8888888888888888,0.5938180419013883,0,35.0,1,0.5,0.8333333333333334,0.5277777777777778,0.8611111111111112,0.1111111111111111,0.2222222222222222,0.05555555555555555,0.4722222222222222,0.4722222222222222,0.8888888888888888,0.5277777777777778,0.5136468055449237
1,0.5,0.8333333333333334,0.5277777777777778,0.8611111111111112,0.1111111111111111,0.2222222222222222,0.05555555555555555,0.4722222222222222,0.4722222222222222,0.8888888888888888,0.5277777777777778,0.5136468055449237,0,35.0,0,0.5,0.5277777777777778,0.8611111111111112,0.1111111111111111,0.2222222222222222,0.05555555555555555,0.4722222222222222,0.4722222222222222,0.8888888888888888,0.5277777777777778,0.8888888888888888,0.5341393545383484
0,0.5,0.5277777777777778,0.8611111111111112,0.1111111111111111,0.2222222222222222,0.05555555555555555,0.4722222222222222,0.4722222222222222,0.8888888888888888,0.5277777777777778,0.8888888888888888,0.5341393545383484,0,-1.0,1,0.5,0.8611111111111112,0.1111111111111111,0.2222222222222222,0.05555555555555555,0.4722222222222222,0.4722222222222222,0.8888888888888888,0.5277777777777778,0.8888888888888888,0.1111111111111111,0.4819652815133304
1,0.5,0.8611111111111112,0.1111111111111111,0.2222222222222222,0.05555555555555555,0.4722222222222222,0.4722222222222222,0.8888888888888888,0.5277777777777778,0.8888888888888888,0.1111111111111111,0.4819652815133304,1,-1.0,0,0.5,0.1111111111111111,0.2222222222222222,0.05555555555555555,0.4722222222222222,0.4722222222222222,0.8888888888888888,0.5277777777777778,0.8888888888888888,0.1111111111111111,0.5,0.4899238159771964
0,0.5,0.1111111111111111,0.2222222222222222,0.05555555555555555,0.4722222222222222,0.4722222222222222,0.8888888888888888,0.5277777777777778,0.8888888888888888,0.1111111111111111,0.5,0.4899238159771964,0,35.0,1,0.5,0.2222222222222222,0.05555555555555555,0.4722222222222222,0.4722222222222222,0.8888888888888888,0.5277777777777778,0.8888888888888888,0.1111111111111111,0.5,0.6388888888888888,0.521457215823878
1,0.5,0.2222222222222222,0.05555555555555555,0.4722222222222222,0.4722222222222222,0.8888888888888888,0.5277777777777778,0.8888888888888888,0.1111111111111111,0.5,0.6388888888888888,0.521457215823878,0,35.0,0,0.5,0.05555555555555555,0.4722222222222222,0.4722222222222222,0.8888888888888888,0.5277777777777778,0.8888888888888888,0.1111111111111111,0.5,0.6388888888888888,0.9444444444444444,0.5267334905851925
0,0.5,0.05555555555555555,0.4722222222222222,0.4722222222222222,0.8888888888888888,0.5277777777777778,0.8888888888888888,0.1111111111111111,0.5,0.6388888888888888,0.9444444444444444,0.5267334905851925,0,35.0,1,0.5,0.4722222222222222,0.4722222222222222,0.8888888888888888,0.5277777777777778,0.8888888888888888,0.1111111111111111,0.5,0.6388888888888888,0.9444444444444444,0.08333333333333333,0.6273758143801169
1,0.5,0.4722222222222222,0.4722222222222222,0.8888888888888888,0.5277777777777778,0.8888888888888888,0.1111111111111111,0.5,0.6388888888888888,0.9444444444444444,0.08333333333333333,0.6273758143801169,0,35.0,0,0.5,0.4722222222222222,0.8888888888888888,0.5277777777777778,0.8888888888888888,0.1111111111111111,0.5,0.6388888888888888,0.9444444444444444,0.08333333333333333,0.19444444444444445,0.610785809751913
0,0.5,0.4722222222222222,0.8888888888888888,0.5277777777777778,0.8888888888888888,0.1111111111111111,0.5,0.6388888888888888,0.9444444444444444,0.08333333333333333,0.19444444444444445,0.610785809751913,0,-1.0,1,0.5,0.8888888888888888,0.5277777777777778,0.8888888888888888,0.1111111111111111,0.5,0.6388888888888888,0.9444444444444444,0.08333333333333333,0.19444444444444445,0.05555555555555555,0.5263334122729233
1,0.5,0.8888888888888888,0.5277777777777778,0.8888888888888888,0.1111111111111111,0.5,0.6388888888888888,0.9444444444444444,0.08333333333333333,0.19444444444444445,0.05555555555555555,0.5263334122729233,1,-1.0,0,0.5,0.5277777777777778,0.8888888888888888,0.1111111111111111,0.5,0.6388888888888888,0.9444444444444444,0.08333333333333333,0.19444444444444445,0.05555555555555555,0.5,0.6206453294200164
0,0.5,0.5277777777777778,0.8888888888888888,0.1111111111111111,0.5,0.6388888888888888,0.9444444444444444,0.08333333333333333,0.19444444444444445,0.05555555555555555,0.5,0.6206453294200164,0,35.0,1,0.5,0.8888888888888888,0.1111111111111111,0.5,0.6388888888888888,0.9444444444444444,0.08333333333333333,0.19444444444444445,0.05555555555555555,0.5,0.3888888888888889,0.5227837148149197
1,0.5,0.8888888888888888,0.1111111111111111,0.5,0.6388888888888888,0.9444444444444444,0.08333333333333333,0.19444444444444445,0.05555555555555555,0.5,0.3888888888888889,0.5227837148149197,0,-1.0,0,0.5,0.1111111111111111,0.5,0.6388888888888888,0.9444444444444444,0.08333333333333333,0.19444444444444445,0.05555555555555555,0.5,0.3888888888888889,0.8055555555555556,0.4572916408224224
0,0.5,0.1111111111111111,0.5,0.6388888888888888,0.9444444444444444,0.08333333333333333,0.19444444444444445,0.05555555555555555,0.5,0.3888888888888889,0.8055555555555556,0.4572916408224224,1,-1.0,1,0.5,0.5,0.6388888888888888,0.9444444444444444,0.08333333333333333,0.19444444444444445,0.05555555555555555,0.5,0.3888888888888889,0.8055555555555556,0.4444444444444444,0.4583670472863053
1,0.5,0.5,0.6388888888888888,0.9444444444444444,0.08333333333333333,0.19444444444444445,0.05555555555555555,0.5,0.3888888888888889,0.8055555555555556,0.4444444444444444,0.4583670472863053,0,35.0,0,0.5,0.6388888888888888,0.9444444444444444,0.08333333333333333,0.19444444444444445,0.05555555555555555,0.5,0.3888888888888889,0.8055555555555556,0.4444444444444444,1.0,0.46681702828497135
0,0.5,0.6388888888888888,0.9444444444444444,0.08333333333333333,0.19444444444444445,0.05555555555555555,0.5,0.3888888888888889,0.8055555555555556,0.4444444444444444,1.0,0.46681702828497135,0,35.0,1,0.5,0.9444444444444444,0.08333333333333333,0.19444444444444445,0.05555555555555555,0.5,0.3888888888888889,0.8055555555555556,0.4444444444444444,1.0,0.08333333333333333,0.47424072129840555
1,0.5,0.9444444444444444,0.08333333333333333,0.19444444444444445,0.05555555555555555,0.5,0.3888888888888889,0.8055555555555556,0.4444444444444444,1.0,0.08333333333333333,0.47424072129840555,0,35.0,0,0.5,0.08333333333333333,0.19444444444444445,0.05555555555555555,0.5,0.3888888888888889,0.8055555555555556,0.4444444444444444,1.0,0.08333333333333333,0.8333333333333334,0.4354254726435288
0,0.5,0.08333333333333333,0.19444444444444445,0.05555555555555555,0.5,0.3888888888888889,0.8055555555555556,0.4444444444444444,1.0,0.08333333333333333,0.8333333333333334,0.4354254726435288,0,-1.0,1,0.5,0.19444444444444445,0.05555555555555555,0.5,0.3888888888888889,0.8055555555555556,0.4444444444444444,1.0,0.08333333333333333,0.8333333333333334,0.6666666666666666,0.5167380105958952
1,0.5,0.19444444444444445,0.05555555555555555,0.5,0.3888888888888889,0.8055555555555556,0.4444444444444444,1.0,0.08333333333333333,0.8333333333333334,0.6666666666666666,0.5167380105958952,1,-1.0,0,0.5,0.05555555555555555,0.5,0.3888888888888889,0.8055555555555556,0.4444444444444444,1.0,0.08333333333333333,0.8333333333333334,0.6666666666666666,0.4444444444444444,0.46463571616133126
0,0.5,0.05555555555555555,0.5,0.3888888888888889,0.8055555555555556,0.4444444444444444,1.0,0.08333333333333333,0.8333333333333334,0.6666666666666666,0.4444444444444444,0.46463571616133126,0,-1.0,1,0.5,0.5,0.3888888888888889,0.8055555555555556,0.4444444444444444,1.0,0.08333333333333333,0.8333333333333334,0.6666666666666666,0.4444444444444444,0.7777777777777778,0.4369584587413312
1,0.5,0.5,0.3888888888888889,0.8055555555555556,0.4444444444444444,1.0,0.08333333333333333,0.8333333333333334,0.6666666666666666,0.4444444444444444,0.7777777777777778,0.4369584587413312,1,-1.0,0,0.5,0.3888888888888889,0.8055555555555556,0.4444444444444444,1.0,0.08333333333333333,0.8333333333333334,0.6666666666666666,0.4444444444444444,0.7777777777777778,0.027777777777777776,0.5862973440812191
0,0.5,0.3888888888888889,0.8055555555555556,0.4444444444444444,1.0,0.08333333333333333,0.8333333333333334,0.6666666666666666,0.4444444444444444,0.7777777777777778,0.027777777777777776,0.5862973440812191,0,-1.0,1,0.5,0.8055555555555556,0.4444444444444444,1.0,0.08333333333333333,0.8333333333333334,0.6666666666666666,0.4444444444444444,0.7777777777777778,0.027777777777777776,0.4722222222222222,0.5885034856786325
1,0.5,0.8055555555555556,0.4444444444444444,1.0,0.08333333333333333,0.8333333333333334,0.6666666666666666,0.4444444444444444,0.7777777777777778,0.027777777777777776,0.4722222222222222,0.5885034856786325,1,-1.0,0,0.5,0.4444444444444444,1.0,0.08333333333333333,0.8333333333333334,0.6666666666666666,0.4444444444444444,0.7777777777777778,0.027777777777777776,0.4722222222222222,0.25,0.485286524619567
0,0.5,0.4444444444444444,1.0,0.08333333333333333,0.8333333333333334,0.6666666666666666,0.4444444444444444,0.7777777777777778,0.027777777777777776,0.4722222222222222,0.25,0.485286524619567,0,-1.0,1,0.5,1.0,0.08333333333333333,0.8333333333333334,0.6666666666666666,0.4444444444444444,0.7777777777777778,0.027777777777777776,0.4722222222222222,0.25,0.6111111111111112,0.4624292571119486
1,0.5,1.0,0.08333333333333333,0.8333333333333334,0.6666666666666666,0.4444444444444444,0.7777777777777778,0.027777777777777776,0.4722222222222222,0.25,0.6111111111111112,0.4624292571119486,1,-1.0,0,0.5,0.08333333333333333,0.8333333333333334,0.6666666666666666,0.4444444444444444,0.7777777777777778,0.027777777777777776,0.4722222222222222,0.25,0.6111111111111112,0.6388888888888888,0.39490735836198027
0,0.5,0.08333333333333333,0.8333333333333334,0.6666666666666666,0.4444444444444444,0.7777777777777778,0.027777777777777776,0.4722222222222222,0.25,0.6111111111111112,0.6388888888888888,0.39490735836198027,0,-1.0,1,0.5,0.8333333333333334,0.6666666666666666,0.4444444444444444,0.7777777777777778,0.027777777777777776,0.4722222222222222,0.25,0.6111111111111112,0.6388888888888888,0.9722222222222222,0.5724191685051866
1,0.5,0.8333333333333334,0.6666666666666666,0.4444444444444444,0.7777777777777778,0.027777777777777776,0.4722222222222222,0.25,0.6111111111111112,0.6388888888888888,0.9722222222222222,0.5724191685051866,1,35.0,0,0.5,0.6666666666666666,0.4444444444444444,0.7777777777777778,0.027777777777777776,0.4722222222222222,0.25,0.6111111111111112,0.6388888888888888,0.9722222222222222,0.2777777777777778,0.5764305891469133
0,0.5,0.6666666666666666,0.4444444444444444,0.7777777777777778,0.027777777777777776,0.4722222222222222,0.25,0.6111111111111112,0.6388888888888888,0.9722222222222222,0.2777777777777778,0.5764305891469133,1,35.0,1,0.5,0.4444444444444444,0.7777777777777778,0.027777777777777776,0.4722222222222222,0.25,0.6111111111111112,0.6388888888888888,0.9722222222222222,0.2777777777777778,0.4166666666666667,0.36247243783165056
1,0.5,0.4444444444444444,0.7777777777777778,0.027777777777777776,0.4722222222222222,0.25,0.6111111111111112,0.6388888888888888,0.9722222222222222,0.2777777777777778,0.4166666666666667,0.36247243783165056,1,-1.0,0,0.5,0.7777777777777778,0.027777777777777776,0.4722222222222222,0.25,0.6111111111111112,0.6388888888888888,0.9722222222222222,0.2777777777777778,0.4166666666666667,0.25,0.49832844412279514
0,0.5,0.7777777777777778,0.027777777777777776,0.4722222222222222,0.25,0.6111111111111112,0.6388888888888888,0.9722222222222222,0.2777777777777778,0.4166666666666667,0.25,0.49832844412279514,0,-1.0,1,0.5,0.027777777777777776,0.4722222222222222,0.25,0.6111111111111112,0.6388888888888888,0.9722222222222222,0.2777777777777778,0.4166666666666667,0.25,0.16666666666666666,0.49772227494946575
1,0.5,0.027777777777777776,0.4722222222222222,0.25,0.6111111111111112,0.6388888888888888,0.9722222222222222,0.2777777777777778,0.4166666666666667,0.25,0.16666666666666666,0.49772227494946575,1,35.0,0,0.5,0.4722222222222222,0.25,0.6111111111111112,0.6388888888888888,0.9722222222222222,0.2777777777777778,0.4166666666666667,0.25,0.16666666666666666,0.5555555555555556,0.5246400236477058
0,0.5,0.4722222222222222,0.25,0.6111111111111112,0.6388888888888888,0.9722222222222222,0.2777777777777778,0.4166666666666667,0.25,0.16666666666666666,0.5555555555555556,0.5246400236477058,1,35.0,1,0.5,0.25,0.6111111111111112,0.6388888888888888,0.9722222222222222,0.2777777777777778,0.4166666666666667,0.25,0.16666666666666666,0.5555555555555556,0.8611111111111112,0.5803776897870033
1,0.5,0.25,0.6111111111111112,0.6388888888888888,0.9722222222222222,0.2777777777777778,0.4166666666666667,0.25,0.16666666666666666,0.5555555555555556,0.8611111111111112,0.5803776897870033,1,-1.0,0,0.5,0.6111111111111112,0.6388888888888888,0.9722222222222222,0.2777777777777778,0.4166666666666667,0.25,0.16666666666666666,0.5555555555555556,0.8611111111111112,0.0,0.47841205246257057
0,0.5,0.6111111111111112,0.6388888888888888,0.9722222222222222,0.2777777777777778,0.4166666666666667,0.25,0.16666666666666666,0.5555555555555556,0.8611111111111112,0.0,0.47841205246257057,-1,-1.0,1,0.5,0.6388888888888888,0.9722222222222222,0.2777777777777778,0.4166666666666667,0.25,0.16666666666666666,0.5555555555555556,0.8611111111111112,0.0,0.5555555555555556,0.36960666132759606
1,0.5,0.6388888888888888,0.9722222222222222,0.2777777777777778,0.4166666666666667,0.25,0.16666666666666666,0.5555555555555556,0.8611111111111112,0.0,0.5555555555555556,0.36960666132759606,1,-1.0,0,0.5,0.9722222222222222,0.2777777777777778,0.4166666666666667,0.25,0.16666666666666666,0.5555555555555556,0.8611111111111112,0.0,0.5555555555555556,0.1388888888888889,0.4467591159361684
0,0.5,0.9722222222222222,0.2777777777777778,0.4166666666666667,0.25,0.16666666666666666,0.5555555555555556,0.8611111111111112,0.0,0.5555555555555556,0.1388888888888889,0.4467591159361684,0,-1.0,1,0.5,0.2777777777777778,0.4166666666666667,0.25,0.16666666666666666,0.5555555555555556,0.8611111111111112,0.0,0.5555555555555556,0.1388888888888889,0.4166666666666667,0.5955638564728466
1,0.5,0.2777777777777778,0.4166666666666667,0.25,0.16666666666666666,0.5555555555555556,0.8611111111111112,0.0,0.5555555555555556,0.1388888888888889,0.4166666666666667,0.5955638564728466,1,35.0,0,0.5,0.4166666666666667,0.25,0.16666666666666666,0.5555555555555556,0.8611111111111112,0.0,0.5555555555555556,0.1388888888888889,0.4166666666666667,0.3611111111111111,0.4945188110161572
0,0.5,0.4166666666666667,0.25,0.16666666666666666,0.5555555555555556,0.8611111111111112,0.0,0.5555555555555556,0.1388888888888889,0.4166666666666667,0.3611111111111111,0.4945188110161572,1,35.0,0,0.5,0.25,0.16666666666666666,0.5555555555555556,0.8611111111111112,0.0,0.5555555555555556,0.1388888888888889,0.4166666666666667,0.3611111111111111,0.16666666666666666,0.5810041235992677
0,0.5,0.25,0.16666666666666666,0.5555555555555556,0.8611111111111112,0.0,0.5555555555555556,0.1388888888888889,0.4166666666666667,0.3611111111111111,0.16666666666666666,0.5810041235992677,1,-1.0,1,0.5,0.16666666666666666,0.5555555555555556,0.8611111111111112,0.0,0.5555555555555556,0.1388888888888889,0.4166666666666667,0.3611111111111111,0.16666666666666666,0.5833333333333334,0.5067199804456793
1,0.5,0.16666666666666666,0.5555555555555556,0.8611111111111112,0.0,0.5555555555555556,0.1388888888888889,0.4166666666666667,0.3611111111111111,0.16666666666666666,0.5833333333333334,0.5067199804456793,0,-1.0,1,0.5,0.5555555555555556,0.8611111111111112,0.0,0.5555555555555556,0.1388888888888889,0.4166666666666667,0.3611111111111111,0.16666666666666666,0.5833333333333334,0.7222222222222222,0.4440668988605343
1,0.5,0.5555555555555556,0.8611111111111112,0.0,0.5555555555555556,0.1388888888888889,0.4166666666666667,0.3611111111111111,0.16666666666666666,0.5833333333333334,0.7222222222222222,0.4440668988605343,1,-1.0,1,0.5,0.8611111111111112,0.0,0.5555555555555556,0.1388888888888889,0.4166666666666667,0.3611111111111111,0.16666666666666666,0.5833333333333334,0.7222222222222222,0.75,0.5169396557548374
1,0.5,0.8611111111111112,0.0,0.5555555555555556,0.1388888888888889,0.4166666666666667,0.3611111111111111,0.16666666666666666,0.5833333333333334,0.7222222222222222,0.75,0.5169396557548374,0,35.0,0,0.0,0.0,0.5555555555555556,0.1388888888888889,0.4166666666666667,0.3611111111111111,0.16666666666666666,0.5833333333333334,0.7222222222222222,0.75,0.19444444444444445,0.5339513150560716
0,0.0,0.0,0.5555555555555556,0.1388888888888889,0.4166666666666667,0.3611111111111111,0.16666666666666666,0.5833333333333334,0.7222222222222222,0.75,0.19444444444444445,0.5339513150560716,0,-1.0,0,0.0,0.5555555555555556,0.1388888888888889,0.4166666666666667,0.3611111111111111,0.16666666666666666,0.5833333333333334,0.7222222222222222,0.75,0.19444444444444445,0.0,0.38064937407292027
0,0.0,0.5555555555555556,0.1388888888888889,0.4166666666666667,0.3611111111111111,0.16666666666666666,0.5833333333333334,0.7222222222222222,0.75,0.19444444444444445,0.0,0.38064937407292027,-1,-1.0,1,0.0,0.1388888888888889,0.4166666666666667,0.3611111111111111,0.16666666666666666,0.5833333333333334,0.7222222222222222,0.75,0.19444444444444445,0.0,0.3611111111111111,0.501007284898381
1,0.0,0.1388888888888889,0.4166666666666667,0.3611111111111111,0.16666666666666666,0.5833333333333334,0.7222222222222222,0.75,0.19444444444444445,0.0,0.3611111111111111,0.501007284898381,1,-1.0,0,0.5,0.4166666666666667,0.3611111111111111,0.16666666666666666,0.5833333333333334,0.7222222222222222,0.75,0.19444444444444445,0.0,0.3611111111111111,0.25,0.535649444656728
0,0.5,0.4166666666666667,0.3611111111111111,0.16666666666666666,0.5833333333333334,0.7222222222222222,0.75,0.19444444444444445,0.0,0.3611111111111111,0.25,0.535649444656728,0,-1.0,1,0.5,0.3611111111111111,0.16666666666666666,0.5833333333333334,0.7222222222222222,0.75,0.19444444444444445,0.0,0.3611111111111111,0.25,0.1111111111111111,0.5248983725439736
1,0.5,0.3611111111111111,0.16666666666666666,0.5833333333333334,0.7222222222222222,0.75,0.19444444444444445,0.0,0.3611111111111111,0.25,0.1111111111111111,0.5248983725439736,1,-1.0,0,0.0,0.16666666666666666,0.5833333333333334,0.7222222222222222,0.75,0.19444444444444445,0.0,0.3611111111111111,0.25,0.1111111111111111,0.19444444444444445,0.5117381636856821
0,0.0,0.16666666666666666,0.5833333333333334,0.7222222222222222,0.75,0.19444444444444445,0.0,0.3611111111111111,0.25,0.1111111111111111,0.19444444444444445,0.5117381636856821,0,-1.0,1,0.5,0.5833333333333334,0.7222222222222222,0.75,0.19444444444444445,0.0,0.3611111111111111,0.25,0.1111111111111111,0.19444444444444445,0.2222222222222222,0.3347824918781604
1,0.5,0.5833333333333334,0.7222222222222222,0.75,0.19444444444444445,0.0,0.3611111111111111,0.25,0.1111111111111111,0.19444444444444445,0.2222222222222222,0.3347824918781604,1,35.0,1,0.5,0.7222222222222222,0.75,0.19444444444444445,0.0,0.3611111111111111,0.25,0.1111111111111111,0.19444444444444445,0.2222222222222222,0.6111111111111112,0.49757146845192485
1,0.5,0.7222222222222222,0.75,0.19444444444444445,0.0,0.3611111111111111,0.25,0.1111111111111111,0.19444444444444445,0.2222222222222222,0.6111111111111112,0.49757146845192485,1,35.0,0,0.5,0.75,0.19444444444444445,0.0,0.3611111111111111,0.25,0.1111111111111111,0.19444444444444445,0.2222222222222222,0.6111111111111112,0.8055555555555556,0.5903780636893046
0,0.5,0.75,0.19444444444444445,0.0,0.3611111111111111,0.25,0.1111111111111111,0.19444444444444445,0.2222222222222222,0.6111111111111112,0.8055555555555556,0.5903780636893046,1,-1.0,1,0.5,0.19444444444444445,0.0,0.3611111111111111,0.25,0.1111111111111111,0.19444444444444445,0.2222222222222222,0.6111111111111112,0.8055555555555556,0.1388888888888889,0.46788367434606004
1,0.5,0.19444444444444445,0.0,0.3611111111111111,0.25,0.1111111111111111,0.19444444444444445,0.2222222222222222,0.6111111111111112,0.8055555555555556,0.1388888888888889,0.46788367434606004,0,35.0,0,0.5,0.0,0.3611111111111111,0.25,0.1111111111111111,0.19444444444444445,0.2222222222222222,0.6111111111111112,0.8055555555555556,0.1388888888888889,0.8333333333333334,0.4961212909206186
0,0.5,0.0,0.3611111111111111,0.25,0.1111111111111111,0.19444444444444445,0.2222222222222222,0.6111111111111112,0.8055555555555556,0.1388888888888889,0.8333333333333334,0.4961212909206186,0,-1.0,1,0.5,0.3611111111111111,0.25,0.1111111111111111,0.19444444444444445,0.2222222222222222,0.6111111111111112,0.8055555555555556,0.1388888888888889,0.8333333333333334,0.4166666666666667,0.5219498474178159
1,0.5,0.3611111111111111,0.25,0.1111111111111111,0.19444444444444445,0.2222222222222222,0.6111111111111112,0.8055555555555556,0.1388888888888889,0.8333333333333334,0.4166666666666667,0.5219498474178159,1,-1.0,0,0.5,0.25,0.1111111111111111,0.19444444444444445,0.2222222222222222,0.6111111111111112,0.8055555555555556,0.1388888888888889,0.8333333333333334,0.4166666666666667,0.5833333333333334,0.44684531441678765
0,0.5,0.25,0.1111111111111111,0.19444444444444445,0.2222222222222222,0.6111111111111112,0.8055555555555556,0.1388888888888889,0.8333333333333334,0.4166666666666667,0.5833333333333334,0.44684531441678765,0,35.0,1,0.3,0.1111111111111111,0.19444444444444445,0.2222222222222222,0.6111111111111112,0.8055555555555556,0.1388888888888889,0.8333333333333334,0.4166666666666667,0.5833333333333334,0.6944444444444444,0.389289387502569
1,0.3,0.1111111111111111,0.19444444444444445,0.2222222222222222,0.6111111111111112,0.8055555555555556,0.1388888888888889,0.8333333333333334,0.4166666666666667,0.5833333333333334,0.6944444444444444,0.389289387502569,0,-1.0,0,0.3,0.19444444444444445,0.2222222222222222,0.6111111111111112,0.8055555555555556,0.1388888888888889,0.8333333333333334,0.4166666666666667,0.5833333333333334,0.6944444444444444,0.6666666666666666,0.6456363419676814
0,0.3,0.19444444444444445,0.2222222222222222,0.6111111111111112,0.8055555555555556,0.1388888888888889,0.8333333333333334,0.4166666666666667,0.5833333333333334,0.6944444444444444,0.6666666666666666,0.6456363419676814,1,35.0,1,0.35,0.2222222222222222,0.6111111111111112,0.8055555555555556,0.1388888888888889,0.8333333333333334,0.4166666666666667,0.5833333333333334,0.6944444444444444,0.6666666666666666,0.4722222222222222,0.607775522406917
1,0.35,0.2222222222222222,0.6111111111111112,0.8055555555555556,0.1388888888888889,0.8333333333333334,0.4166666666666667,0.5833333333333334,0.6944444444444444,0.6666666666666666,0.4722222222222222,0.607775522406917,1,35.0,0,0.3,0.6111111111111112,0.8055555555555556,0.1388888888888889,0.8333333333333334,0.4166666666666667,0.5833333333333334,0.6944444444444444,0.6666666666666666,0.4722222222222222,0.05555555555555555,0.5034290304344169
0,0.3,0.6111111111111112,0.8055555555555556,0.1388888888888889,0.8333333333333334,0.4166666666666667,0.5833333333333334,0.6944444444444444,0.6666666666666666,0.4722222222222222,0.05555555555555555,0.5034290304344169,1,35.0,0,0.35,0.8055555555555556,0.1388888888888889,0.8333333333333334,0.4166666666666667,0.5833333333333334,0.6944444444444444,0.6666666666666666,0.4722222222222222,0.05555555555555555,0.05555555555555555,0.5342004965267249
0,0.35,0.8055555555555556,0.1388888888888889,0.8333333333333334,0.4166666666666667,0.5833333333333334,0.6944444444444444,0.6666666666666666,0.4722222222222222,0.05555555555555555,0.05555555555555555,0.5342004965267249,1,-1.0,1,0.35,0.1388888888888889,0.8333333333333334,0.4166666666666667,0.5833333333333334,0.6944444444444444,0.6666666666666666,0.4722222222222222,0.05555555555555555,0.05555555555555555,0.6944444444444444,0.4624145904903149
1,0.35,0.1388888888888889,0.8333333333333334,0.4166666666666667,0.5833333333333334,0.6944444444444444,0.6666666666666666,0.4722222222222222,0.05555555555555555,0.05555555555555555,0.6944444444444444,0.4624145904903149,0,35.0,0,0.4,0.8333333333333334,0.4166666666666667,0.5833333333333334,0.6944444444444444,0.6666666666666666,0.4722222222222222,0.05555555555555555,0.05555555555555555,0.6944444444444444,0.9444444444444444,0.4392484804633297
0,0.4,0.8333333333333334,0.4166666666666667,0.5833333333333334,0.6944444444444444,0.6666666666666666,0.4722222222222222,0.05555555555555555,0.05555555555555555,0.6944444444444444,0.9444444444444444,0.4392484804633297,0,-1.0,1,0.7,0.4166666666666667,0.5833333333333334,0.6944444444444444,0.6666666666666666,0.4722222222222222,0.05555555555555555,0.05555555555555555,0.6944444444444444,0.9444444444444444,0.6111111111111112,0.5364184145906399
1,0.7,0.4166666666666667,0.5833333333333334,0.6944444444444444,0.6666666666666666,0.4722222222222222,0.05555555555555555,0.05555555555555555,0.6944444444444444,0.9444444444444444,0.6111111111111112,0.5364184145906399,1,35.0,0,0.6,0.5833333333333334,0.6944444444444444,0.6666666666666666,0.4722222222222222,0.05555555555555555,0.05555555555555555,0.6944444444444444,0.9444444444444444,0.6111111111111112,0.8611111111111112,0.6723030645386455
0,0.6,0.5833333333333334,0.6944444444444444,0.6666666666666666,0.4722222222222222,0.05555555555555555,0.05555555555555555,0.6944444444444444,0.9444444444444444,0.6111111111111112,0.8611111111111112,0.6723030645386455,1,-1.0,1,0.05,0.6944444444444444,0.6666666666666666,0.4722222222222222,0.05555555555555555,0.05555555555555555,0.6944444444444444,0.9444444444444444,0.6111111111111112,0.8611111111111112,0.19444444444444445,0.5116827924857621
1,0.05,0.6944444444444444,0.6666666666666666,0.4722222222222222,0.05555555555555555,0.05555555555555555,0.6944444444444444,0.9444444444444444,0.6111111111111112,0.8611111111111112,0.19444444444444445,0.5116827924857621,0,-1.0,0,0.05,0.6666666666666666,0.4722222222222222,0.05555555555555555,0.05555555555555555,0.6944444444444444,0.9444444444444444,0.6111111111111112,0.8611111111111112,0.19444444444444445,0.16666666666666666,0.6042080505179508
0,0.05,0.6666666666666666,0.4722222222222222,0.05555555555555555,0.05555555555555555,0.6944444444444444,0.9444444444444444,0.6111111111111112,0.8611111111111112,0.19444444444444445,0.16666666666666666,0.6042080505179508,1,35.0,1,0.05,0.4722222222222222,0.05555555555555555,0.05555555555555555,0.6944444444444444,0.9444444444444444,0.6111111111111112,0.8611111111111112,0.19444444444444445,0.16666666666666666,0.9166666666666666,0.40313539841167767
1,0.05,0.4722222222222222,0.05555555555555555,0.05555555555555555,0.6944444444444444,0.9444444444444444,0.6111111111111112,0.8611111111111112,0.19444444444444445,0.16666666666666666,0.9166666666666666,0.40313539841167767,1,35.0,0,0.65,0.05555555555555555,0.05555555555555555,0.6944444444444444,0.9444444444444444,0.6111111111111112,0.8611111111111112,0.19444444444444445,0.16666666666666666,0.9166666666666666,0.9166666666666666,0.6083395817893197
0,0.65,0.05555555555555555,0.05555555555555555,0.6944444444444444,0.9444444444444444,0.6111111111111112,0.8611111111111112,0.19444444444444445,0.16666666666666666,0.9166666666666666,0.9166666666666666,0.6083395817893197,1,-1.0,1,0.6,0.05555555555555555,0.6944444444444444,0.9444444444444444,0.6111111111111112,0.8611111111111112,0.19444444444444445,0.16666666666666666,0.9166666666666666,0.9166666666666666,0.5833333333333334,0.6030737138589833
1,0.6,0.05555555555555555,0.6944444444444444,0.9444444444444444,0.6111111111111112,0.8611111111111112,0.19444444444444445,0.16666666666666666,0.9166666666666666,0.9166666666666666,0.5833333333333334,0.6030737138589833,0,35.0,0,0.7,0.6944444444444444,0.9444444444444444,0.6111111111111112,0.8611111111111112,0.19444444444444445,0.16666666666666666,0.9166666666666666,0.9166666666666666,0.5833333333333334,0.3333333333333333,0.6190319384070149
0,0.7,0.6944444444444444,0.9444444444444444,0.6111111111111112,0.8611111111111112,0.19444444444444445,0.16666666666666666,0.9166666666666666,0.9166666666666666,0.5833333333333334,0.3333333333333333,0.6190319384070149,0,-1.0,1,0.65,0.9444444444444444,0.6111111111111112,0.8611111111111112,0.19444444444444445,0.16666666666666666,0.9166666666666666,0.9166666666666666,0.5833333333333334,0.3333333333333333,0.5555555555555556,0.7445851011846052
1,0.65,0.9444444444444444,0.6111111111111112,0.8611111111111112,0.19444444444444445,0.16666666666666666,0.9166666666666666,0.9166666666666666,0.5833333333333334,0.3333333333333333,0.5555555555555556,0.7445851011846052,1,35.0,0,0.75,0.6111111111111112,0.8611111111111112,0.19444444444444445,0.16666666666666666,0.9166666666666666,0.9166666666666666,0.5833333333333334,0.3333333333333333,0.5555555555555556,0.3611111111111111,0.4528400569999232
0,0.75,0.6111111111111112,0.8611111111111112,0.19444444444444445,0.16666666666666666,0.9166666666666666,0.9166666666666666,0.5833333333333334,0.3333333333333333,0.5555555555555556,0.3611111111111111,0.4528400569999232,1,35.0,1,0.6,0.8611111111111112,0.19444444444444445,0.16666666666666666,0.9166666666666666,0.9166666666666666,0.5833333333333334,0.3333333333333333,0.5555555555555556,0.3611111111111111,0.2222222222222222,0.4569333011261771
1,0.6,0.8611111111111112,0.19444444444444445,0.16666666666666666,0.9166666666666666,0.9166666666666666,0.5833333333333334,0.3333333333333333,0.5555555555555556,0.3611111111111111,0.2222222222222222,0.4569333011261771,1,-1.0,0,0.05,0.19444444444444445,0.16666666666666666,0.9166666666666666,0.9166666666666666,0.5833333333333334,0.3333333333333333,0.5555555555555556,0.3611111111111111,0.2222222222222222,0.08333333333333333,0.5635608510541407
0,0.05,0.19444444444444445,0.16666666666666666,0.9166666666666666,0.9166666666666666,0.5833333333333334,0.3333333333333333,0.5555555555555556,0.3611111111111111,0.2222222222222222,0.08333333333333333,0.5635608510541407,0,35.0,0,0.4,0.16666666666666666,0.9166666666666666,0.9166666666666666,0.5833333333333334,0.3333333333333333,0.5555555555555556,0.3611111111111111,0.2222222222222222,0.08333333333333333,0.19444444444444445,0.501805252786641
0,0.4,0.16666666666666666,0.9166666666666666,0.9166666666666666,0.5833333333333334,0.3333333333333333,0.5555555555555556,0.3611111111111111,0.2222222222222222,0.08333333333333333,0.19444444444444445,0.501805252786641,0,35.0,0,0.45,0.9166666666666666,0.9166666666666666,0.5833333333333334,0.3333333333333333,0.5555555555555556,0.3611111111111111,0.2222222222222222,0.08333333333333333,0.19444444444444445,0.9444444444444444,0.6061119060219312
0,0.45,0.9166666666666666,0.9166666666666666,0.5833333333333334,0.3333333333333333,0.5555555555555556,0.3611111111111111,0.2222222222222222,0.08333333333333333,0.19444444444444445,0.9444444444444444,0.6061119060219312,0,35.0,1,0.05,0.9166666666666666,0.5833333333333334,0.3333333333333333,0.5555555555555556,0.3611111111111111,0.2222222222222222,0.08333333333333333,0.19444444444444445,0.9444444444444444,0.027777777777777776,0.482623856144229
1,0.05,0.9166666666666666,0.5833333333333334,0.3333333333333333,0.5555555555555556,0.3611111111111111,0.2222222222222222,0.08333333333333333,0.19444444444444445,0.9444444444444444,0.027777777777777776,0.482623856144229,0,-1.0,1,0.6,0.5833333333333334,0.3333333333333333,0.5555555555555556,0.3611111111111111,0.2222222222222222,0.08333333333333333,0.19444444444444445,0.9444444444444444,0.027777777777777776,0.3055555555555556,0.46828954628640107
1,0.6,0.5833333333333334,0.3333333333333333,0.5555555555555556,0.3611111111111111,0.2222222222222222,0.08333333333333333,0.19444444444444445,0.9444444444444444,0.027777777777777776,0.3055555555555556,0.46828954628640107,1,35.0,0,0.65,0.3333333333333333,0.5555555555555556,0.3611111111111111,0.2222222222222222,0.08333333333333333,0.19444444444444445,0.9444444444444444,0.027777777777777776,0.3055555555555556,0.2777777777777778,0.5374900815723804
0,0.65,0.3333333333333333,0.5555555555555556,0.3611111111111111,0.2222222222222222,0.08333333333333333,0.19444444444444445,0.9444444444444444,0.027777777777777776,0.3055555555555556,0.2777777777777778,0.5374900815723804,1,-1.0,1,0.65,0.5555555555555556,0.3611111111111111,0.2222222222222222,0.08333333333333333,0.19444444444444445,0.9444444444444444,0.027777777777777776,0.3055555555555556,0.2777777777777778,0.027777777777777776,0.47128520916827166
1,0.65,0.5555555555555556,0.3611111111111111,0.2222222222222222,0.08333333333333333,0.19444444444444445,0.9444444444444444,0.027777777777777776,0.3055555555555556,0.2777777777777778,0.027777777777777776,0.47128520916827166,0,35.0,0,0.7,0.3611111111111111,0.2222222222222222,0.08333333333333333,0.19444444444444445,0.9444444444444444,0.027777777777777776,0.3055555555555556,0.2777777777777778,0.027777777777777776,1.0,0.5362564656531782
0,0.7,0.3611111111111111,0.2222222222222222,0.08333333333333333,0.19444444444444445,0.9444444444444444,0.027777777777777776,0.3055555555555556,0.2777777777777778,0.027777777777777776,1.0,0.5362564656531782,0,-1.0,0,0.7,0.2222222222222222,0.08333333333333333,0.19444444444444445,0.9444444444444444,0.027777777777777776,0.3055555555555556,0.2777777777777778,0.027777777777777776,1.0,0.0,0.5078768793045373
0,0.7,0.2222222222222222,0.08333333333333333,0.19444444444444445,0.9444444444444444,0.027777777777777776,0.3055555555555556,0.2777777777777778,0.027777777777777776,1.0,0.0,0.5078768793045373,-1,-1.0,0,0.5,0.08333333333333333,0.19444444444444445,0.9444444444444444,0.027777777777777776,0.3055555555555556,0.2777777777777778,0.027777777777777776,1.0,0.0,0.9722222222222222,0.5265186055492621
0,0.5,0.08333333333333333,0.19444444444444445,0.9444444444444444,0.027777777777777776,0.3055555555555556,0.2777777777777778,0.027777777777777776,1.0,0.0,0.9722222222222222,0.5265186055492621,1,35.0,1,0.05,0.19444444444444445,0.9444444444444444,0.027777777777777776,0.3055555555555556,0.2777777777777778,0.027777777777777776,1.0,0.0,0.9722222222222222,0.8055555555555556,0.5494163995574349
1,0.05,0.19444444444444445,0.9444444444444444,0.027777777777777776,0.3055555555555556,0.2777777777777778,0.027777777777777776,1.0,0.0,0.9722222222222222,0.8055555555555556,0.5494163995574349,1,-1.0,0,0.45,0.9444444444444444,0.027777777777777776,0.3055555555555556,0.2777777777777778,0.027777777777777776,1.0,0.0,0.9722222222222222,0.8055555555555556,0.5277777777777778,0.5157030158368724
0,0.45,0.9444444444444444,0.027777777777777776,0.3055555555555556,0.2777777777777778,0.027777777777777776,1.0,0.0,0.9722222222222222,0.8055555555555556,0.5277777777777778,0.5157030158368724,0,-1.0,0,0.3,0.027777777777777776,0.3055555555555556,0.2777777777777778,0.027777777777777776,1.0,0.0,0.9722222222222222,0.8055555555555556,0.5277777777777778,0.9166666666666666,0.6671752409789172
0,0.3,0.027777777777777776,0.3055555555555556,0.2777777777777778,0.027777777777777776,1.0,0.0,0.9722222222222222,0.8055555555555556,0.5277777777777778,0.9166666666666666,0.6671752409789172,1,-1.0,1,0.3,0.3055555555555556,0.2777777777777778,0.027777777777777776,1.0,0.0,0.9722222222222222,0.8055555555555556,0.5277777777777778,0.9166666666666666,0.5,0.4603260366939218
1,0.3,0.3055555555555556,0.2777777777777778,0.027777777777777776,1.0,0.0,0.9722222222222222,0.8055555555555556,0.5277777777777778,0.9166666666666666,0.5,0.4603260366939218,0,-1.0,0,0.5,0.2777777777777778,0.027777777777777776,1.0,0.0,0.9722222222222222,0.8055555555555556,0.5277777777777778,0.9166666666666666,0.5,0.6666666666666666,0.5457287080074904
0,0.5,0.2777777777777778,0.027777777777777776,1.0,0.0,0.9722222222222222,0.8055555555555556,0.5277777777777778,0.9166666666666666,0.5,0.6666666666666666,0.5457287080074904,1,-1.0,1,0.05,0.027777777777777776,1.0,0.0,0.9722222222222222,0.8055555555555556,0.5277777777777778,0.9166666666666666,0.5,0.6666666666666666,0.3888888888888889,0.7089246546369625
1,0.05,0.027777777777777776,1.0,0.0,0.9722222222222222,0.8055555555555556,0.5277777777777778,0.9166666666666666,0.5,0.6666666666666666,0.3888888888888889,0.7089246546369625,0,35.0,0,0.65,1.0,0.0,0.9722222222222222,0.8055555555555556,0.5277777777777778,0.9166666666666666,0.5,0.6666666666666666,0.3888888888888889,0.8888888888888888,0.7852959740236192
0,0.65,1.0,0.0,0.9722222222222222,0.8055555555555556,0.5277777777777778,0.9166666666666666,0.5,0.6666666666666666,0.3888888888888889,0.8888888888888888,0.7852959740236192,0,35.0,1,0.65,0.0,0.9722222222222222,0.8055555555555556,0.5277777777777778,0.9166666666666666,0.5,0.6666666666666666,0.3888888888888889,0.8888888888888888,0.5,0.4968921196314593
1,0.65,0.0,0.9722222222222222,0.8055555555555556,0.5277777777777778,0.9166666666666666,0.5,0.6666666666666666,0.3888888888888889,0.8888888888888888,0.5,0.4968921196314593,0,35.0,0,0.5,0.9722222222222222,0.8055555555555556,0.5277777777777778,0.9166666666666666,0.5,0.6666666666666666,0.3888888888888889,0.8888888888888888,0.5,0.8888888888888888,0.5353645369708875
0,0.5,0.9722222222222222,0.8055555555555556,0.5277777777777778,0.9166666666666666,0.5,0.6666666666666666,0.3888888888888889,0.8888888888888888,0.5,0.8888888888888888,0.5353645369708875,0,-1.0,1,0.6,0.8055555555555556,0.5277777777777778,0.9166666666666666,0.5,0.6666666666666666,0.3888888888888889,0.8888888888888888,0.5,0.8888888888888888,0.8055555555555556,0.5699427681564464
1,0.6,0.8055555555555556,0.5277777777777778,0.9166666666666666,0.5,0.6666666666666666,0.3888888888888889,0.8888888888888888,0.5,0.8888888888888888,0.8055555555555556,0.5699427681564464,1,-1.0,1,0.7,0.5277777777777778,0.9166666666666666,0.5,0.6666666666666666,0.3888888888888889,0.8888888888888888,0.5,0.8888888888888888,0.8055555555555556,0.75,0.4980938084525405
1,0.7,0.5277777777777778,0.9166666666666666,0.5,0.6666666666666666,0.3888888888888889,0.8888888888888888,0.5,0.8888888888888888,0.8055555555555556,0.75,0.4980938084525405,0,-1.0,0,0.35,0.9166666666666666,0.5,0.6666666666666666,0.3888888888888889,0.8888888888888888,0.5,0.8888888888888888,0.8055555555555556,0.75,0.7222222222222222,0.5037175094361188
0,0.35,0.9166666666666666,0.5,0.6666666666666666,0.3888888888888889,0.8888888888888888,0.5,0.8888888888888888,0.8055555555555556,0.75,0.7222222222222222,0.5037175094361188,1,-1.0,1,0.0,0.5,0.6666666666666666,0.3888888888888889,0.8888888888888888,0.5,0.8888888888888888,0.8055555555555556,0.75,0.7222222222222222,0.3333333333333333,0.6984448555734863
1,0.0,0.5,0.6666666666666666,0.3888888888888889,0.8888888888888888,0.5,0.8888888888888888,0.8055555555555556,0.75,0.7222222222222222,0.3333333333333333,0.6984448555734863,0,35.0,0,0.35,0.6666666666666666,0.3888888888888889,0.8888888888888888,0.5,0.8888888888888888,0.8055555555555556,0.75,0.7222222222222222,0.3333333333333333,0.3333333333333333,0.7463354313806343
0,0.35,0.6666666666666666,0.3888888888888889,0.8888888888888888,0.5,0.8888888888888888,0.8055555555555556,0.75,0.7222222222222222,0.3333333333333333,0.3333333333333333,0.7463354313806343,0,35.0,0,0.8,0.3888888888888889,0.8888888888888888,0.5,0.8888888888888888,0.8055555555555556,0.75,0.7222222222222222,0.3333333333333333,0.3333333333333333,0.1388888888888889,0.4447865786122441
0,0.8,0.3888888888888889,0.8888888888888888,0.5,0.8888888888888888,0.8055555555555556,0.75,0.7222222222222222,0.3333333333333333,0.3333333333333333,0.1388888888888889,0.4447865786122441,0,-1.0,1,0.9,0.8888888888888888,0.5,0.8888888888888888,0.8055555555555556,0.75,0.7222222222222222,0.3333333333333333,0.3333333333333333,0.1388888888888889,0.8611111111111112,0.7499292619733248
1,0.9,0.8888888888888888,0.5,0.8888888888888888,0.8055555555555556,0.75,0.7222222222222222,0.3333333333333333,0.3333333333333333,0.1388888888888889,0.8611111111111112,0.7499292619733248,1,35.0,0,0.9,0.5,0.8888888888888888,0.8055555555555556,0.75,0.7222222222222222,0.3333333333333333,0.3333333333333333,0.1388888888888889,0.8611111111111112,0.7777777777777778,0.6712028621516072
0,0.9,0.5,0.8888888888888888,0.8055555555555556,0.75,0.7222222222222222,0.3333333333333333,0.3333333333333333,0.1388888888888889,0.8611111111111112,0.7777777777777778,0.6712028621516072,1,-1.0,0,1.0,0.8888888888888888,0.8055555555555556,0.75,0.7222222222222222,0.3333333333333333,0.3333333333333333,0.1388888888888889,0.8611111111111112,0.7777777777777778,0.3888888888888889,0.3977995163083115
0,1.0,0.8888888888888888,0.8055555555555556,0.75,0.7222222222222222,0.3333333333333333,0.3333333333333333,0.1388888888888889,0.8611111111111112,0.7777777777777778,0.3888888888888889,0.3977995163083115,0,35.0,1,0.95,0.8055555555555556,0.75,0.7222222222222222,0.3333333333333333,0.3333333333333333,0.1388888888888889,0.8611111111111112,0.7777777777777778,0.3888888888888889,0.9444444444444444,0.5323477373555268
1,0.95,0.8055555555555556,0.75,0.7222222222222222,0.3333333333333333,0.3333333333333333,0.1388888888888889,0.8611111111111112,0.7777777777777778,0.3888888888888889,0.9444444444444444,0.5323477373555268,0,-1.0,0,1.05,0.75,0.7222222222222222,0.3333333333333333,0.3333333333333333,0.1388888888888889,0.8611111111111112,0.7777777777777778,0.3888888888888889,0.9444444444444444,0.5555555555555556,0.4531659873829908
0,1.05,0.75,0.7222222222222222,0.3333333333333333,0.3333333333333333,0.1388888888888889,0.8611111111111112,0.7777777777777778,0.3888888888888889,0.9444444444444444,0.5555555555555556,0.4531659873829908,1,35.0,1,0.35,0.7222222222222222,0.3333333333333333,0.3333333333333333,0.1388888888888889,0.8611111111111112,0.7777777777777778,0.3888888888888889,0.9444444444444444,0.5555555555555556,0.8611111111111112,0.6245076832021643
1,0.35,0.7222222222222222,0.3333333333333333,0.3333333333333333,0.1388888888888889,0.8611111111111112,0.7777777777777778,0.3888888888888889,0.9444444444444444,0.5555555555555556,0.8611111111111112,0.6245076832021643,1,35.0,0,0.8,0.3333333333333333,0.3333333333333333,0.1388888888888889,0.8611111111111112,0.7777777777777778,0.3888888888888889,0.9444444444444444,0.5555555555555556,0.8611111111111112,0.16666666666666666,0.5610009292206539
0,0.8,0.3333333333333333,0.3333333333333333,0.1388888888888889,0.8611111111111112,0.7777777777777778,0.3888888888888889,0.9444444444444444,0.5555555555555556,0.8611111111111112,0.16666666666666666,0.5610009292206539,1,35.0,1,0.9,0.3333333333333333,0.1388888888888889,0.8611111111111112,0.7777777777777778,0.3888888888888889,0.9444444444444444,0.5555555555555556,0.8611111111111112,0.16666666666666666,0.3055555555555556,0.587198655177049
1,0.9,0.3333333333333333,0.1388888888888889,0.8611111111111112,0.7777777777777778,0.3888888888888889,0.9444444444444444,0.5555555555555556,0.8611111111111112,0.16666666666666666,0.3055555555555556,0.587198655177049,1,-1.0,1,0.35,0.1388888888888889,0.8611111111111112,0.7777777777777778,0.3888888888888889,0.9444444444444444,0.5555555555555556,0.8611111111111112,0.16666666666666666,0.3055555555555556,0.6388888888888888,0.4376941520036835
1,0.35,0.1388888888888889,0.8611111111111112,0.7777777777777778,0.3888888888888889,0.9444444444444444,0.5555555555555556,0.8611111111111112,0.16666666666666666,0.3055555555555556,0.6388888888888888,0.4376941520036835,0,35.0,0,0.8,0.8611111111111112,0.7777777777777778,0.3888888888888889,0.9444444444444444,0.5555555555555556,0.8611111111111112,0.16666666666666666,0.3055555555555556,0.6388888888888888,1.0,0.4855905022460428
0,0.8,0.8611111111111112,0.7777777777777778,0.3888888888888889,0.9444444444444444,0.5555555555555556,0.8611111111111112,0.16666666666666666,0.3055555555555556,0.6388888888888888,1.0,0.4855905022460428,0,35.0,1,0.75,0.7777777777777778,0.3888888888888889,0.9444444444444444,0.5555555555555556,0.8611111111111112,0.16666666666666666,0.3055555555555556,0.6388888888888888,1.0,0.19444444444444445,0.4741764528710401
1,0.75,0.7777777777777778,0.3888888888888889,0.9444444444444444,0.5555555555555556,0.8611111111111112,0.16666666666666666,0.3055555555555556,0.6388888888888888,1.0,0.19444444444444445,0.4741764528710401,0,35.0,0,0.75,0.3888888888888889,0.9444444444444444,0.5555555555555556,0.8611111111111112,0.16666666666666666,0.3055555555555556,0.6388888888888888,1.0,0.19444444444444445,0.8333333333333334,0.4793693521035534
0,0.75,0.3888888888888889,0.9444444444444444,0.5555555555555556,0.8611111111111112,0.16666666666666666,0.3055555555555556,0.6388888888888888,1.0,0.19444444444444445,0.8333333333333334,0.4793693521035534,0,-1.0,1,0.8,0.9444444444444444,0.5555555555555556,0.8611111111111112,0.16666666666666666,0.3055555555555556,0.6388888888888888,1.0,0.19444444444444445,0.8333333333333334,0.16666666666666666,0.46112396236095604
1,0.8,0.9444444444444444,0.5555555555555556,0.8611111111111112,0.16666666666666666,0.3055555555555556,0.6388888888888888,1.0,0.19444444444444445,0.8333333333333334,0.16666666666666666,0.46112396236095604,1,35.0,0,0.8,0.5555555555555556,0.8611111111111112,0.16666666666666666,0.3055555555555556,0.6388888888888888,1.0,0.19444444444444445,0.8333333333333334,0.16666666666666666,0.3611111111111111,0.545551331776588
0,0.8,0.5555555555555556,0.8611111111111112,0.16666666666666666,0.3055555555555556,0.6388888888888888,1.0,0.19444444444444445,0.8333333333333334,0.16666666666666666,0.3611111111111111,0.545551331776588,1,-1.0,1,0.75,0.8611111111111112,0.16666666666666666,0.3055555555555556,0.6388888888888888,1.0,0.19444444444444445,0.8333333333333334,0.16666666666666666,0.3611111111111111,0.5277777777777778,0.44147609659082127
1,0.75,0.8611111111111112,0.16666666666666666,0.3055555555555556,0.6388888888888888,1.0,0.19444444444444445,0.8333333333333334,0.16666666666666666,0.3611111111111111,0.5277777777777778,0.44147609659082127,0,35.0,1,0.7,0.16666666666666666,0.3055555555555556,0.6388888888888888,1.0,0.19444444444444445,0.8333333333333334,0.16666666666666666,0.3611111111111111,0.5277777777777778,0.6944444444444444,0.5740121832328249
1,0.7,0.16666666666666666,0.3055555555555556,0.6388888888888888,1.0,0.19444444444444445,0.8333333333333334,0.16666666666666666,0.3611111111111111,0.5277777777777778,0.6944444444444444,0.5740121832328249,0,-1.0,0,0.35,0.3055555555555556,0.6388888888888888,1.0,0.19444444444444445,0.8333333333333334,0.16666666666666666,0.3611111111111111,0.5277777777777778,0.6944444444444444,0.4166666666666667,0.49699695843879566
0,0.35,0.3055555555555556,0.6388888888888888,1.0,0.19444444444444445,0.8333333333333334,0.16666666666666666,0.3611111111111111,0.5277777777777778,0.6944444444444444,0.4166666666666667,0.49699695843879566,1,35.0,1,0.5,0.6388888888888888,1.0,0.19444444444444445,0.8333333333333334,0.16666666666666666,0.3611111111111111,0.5277777777777778,0.6944444444444444,0.4166666666666667,0.3611111111111111,0.4222873628147926
1,0.5,0.6388888888888888,1.0,0.19444444444444445,0.8333333333333334,0.16666666666666666,0.3611111111111111,0.5277777777777778,0.6944444444444444,0.4166666666666667,0.3611111111111111,0.4222873628147926,1,-1.0,0,0.7,1.0,0.19444444444444445,0.8333333333333334,0.16666666666666666,0.3611111111111111,0.5277777777777778,0.6944444444444444,0.4166666666666667,0.3611111111111111,0.08333333333333333,0.5988032391609858
0,0.7,1.0,0.19444444444444445,0.8333333333333334,0.16666666666666666,0.3611111111111111,0.5277777777777778,0.6944444444444444,0.4166666666666667,0.3611111111111111,0.08333333333333333,0.5988032391609858,0,-1.0,1,0.9,0.19444444444444445,0.8333333333333334,0.16666666666666666,0.3611111111111111,0.5277777777777778,0.6944444444444444,0.4166666666666667,0.3611111111111111,0.08333333333333333,0.4722222222222222,0.5043380520331492
1,0.9,0.19444444444444445,0.8333333333333334,0.16666666666666666,0.3611111111111111,0.5277777777777778,0.6944444444444444,0.4166666666666667,0.3611111111111111,0.08333333333333333,0.4722222222222222,0.5043380520331492,1,-1.0,0,1.15,0.8333333333333334,0.16666666666666666,0.3611111111111111,0.5277777777777778,0.6944444444444444,0.4166666666666667,0.3611111111111111,0.08333333333333333,0.4722222222222222,0.027777777777777776,0.5837770797174607
0,1.15,0.8333333333333334,0.16666666666666666,0.3611111111111111,0.5277777777777778,0.6944444444444444,0.4166666666666667,0.3611111111111111,0.08333333333333333,0.4722222222222222,0.027777777777777776,0.5837770797174607,0,-1.0,0,1.15,0.16666666666666666,0.3611111111111111,0.5277777777777778,0.6944444444444444,0.4166666666666667,0.3611111111111111,0.08333333333333333,0.4722222222222222,0.027777777777777776,0.7222222222222222,0.5278099099969594
0,1.15,0.16666666666666666,0.3611111111111111,0.5277777777777778,0.6944444444444444,0.4166666666666667,0.3611111111111111,0.08333333333333333,0.4722222222222222,0.027777777777777776,0.7222222222222222,0.5278099099969594,1,35.0,1,1.1,0.3611111111111111,0.5277777777777778,0.6944444444444444,0.4166666666666667,0.3611111111111111,0.08333333333333333,0.4722222222222222,0.027777777777777776,0.7222222222222222,0.16666666666666666,0.6745776439297586
1,1.1,0.3611111111111111,0.5277777777777778,0.6944444444444444,0.4166666666666667,0.3611111111111111,0.08333333333333333,0.4722222222222222,0.027777777777777776,0.7222222222222222,0.16666666666666666,0.6745776439297586,1,35.0,0,1.1,0.5277777777777778,0.6944444444444444,0.4166666666666667,0.3611111111111111,0.08333333333333333,0.4722222222222222,0.027777777777777776,0.7222222222222222,0.16666666666666666,0.16666666666666666,0.41336106075270046
0,1.1,0.5277777777777778,0.6944444444444444,0.4166666666666667,0.3611111111111111,0.08333333333333333,0.4722222222222222,0.027777777777777776,0.7222222222222222,0.16666666666666666,0.16666666666666666,0.41336106075270046,1,35.0,1,1.0,0.6944444444444444,0.4166666666666667,0.3611111111111111,0.08333333333333333,0.4722222222222222,0.027777777777777776,0.7222222222222222,0.16666666666666666,0.16666666666666666,0.2777777777777778,0.4905148197976492
1,1.0,0.6944444444444444,0.4166666666666667,0.3611111111111111,0.08333333333333333,0.4722222222222222,0.027777777777777776,0.7222222222222222,0.16666666666666666,0.16666666666666666,0.2777777777777778,0.4905148197976492,1,35.0,0,1.1,0.4166666666666667,0.3611111111111111,0.08333333333333333,0.4722222222222222,0.027777777777777776,0.7222222222222222,0.16666666666666666,0.16666666666666666,0.2777777777777778,0.2777777777777778,0.5280077403706538
0,1.1,0.4166666666666667,0.3611111111111111,0.08333333333333333,0.4722222222222222,0.027777777777777776,0.7222222222222222,0.16666666666666666,0.16666666666666666,0.2777777777777778,0.2777777777777778,0.5280077403706538,1,35.0,1,1.1,0.3611111111111111,0.08333333333333333,0.4722222222222222,0.027777777777777776,0.7222222222222222,0.16666666666666666,0.16666666666666666,0.2777777777777778,0.2777777777777778,0.05555555555555555,0.5078267437786559
1,1.1,0.3611111111111111,0.08333333333333333,0.4722222222222222,0.027777777777777776,0.7222222222222222,0.16666666666666666,0.16666666666666666,0.2777777777777778,0.2777777777777778,0.05555555555555555,0.5078267437786559,1,35.0,0,1.2,0.08333333333333333,0.4722222222222222,0.027777777777777776,0.7222222222222222,0.16666666666666666,0.16666666666666666,0.2777777777777778,0.2777777777777778,0.05555555555555555,0.9166666666666666,0.5430358728451842
0,1.2,0.08333333333333333,0.4722222222222222,0.027777777777777776,0.7222222222222222,0.16666666666666666,0.16666666666666666,0.2777777777777778,0.2777777777777778,0.05555555555555555,0.9166666666666666,0.5430358728451842,1,-1.0,1,1.1,0.4722222222222222,0.027777777777777776,0.7222222222222222,0.16666666666666666,0.16666666666666666,0.2777777777777778,0.2777777777777778,0.05555555555555555,0.9166666666666666,0.5833333333333334,0.4314425789886412
1,1.1,0.4722222222222222,0.027777777777777776,0.7222222222222222,0.16666666666666666,0.16666666666666666,0.2777777777777778,0.2777777777777778,0.05555555555555555,0.9166666666666666,0.5833333333333334,0.4314425789886412,0,-1.0,0,0.9,0.027777777777777776,0.7222222222222222,0.16666666666666666,0.16666666666666666,0.2777777777777778,0.2777777777777778,0.05555555555555555,0.9166666666666666,0.5833333333333334,0.9722222222222222,0.49894538372635033
0,0.9,0.027777777777777776,0.7222222222222222,0.16666666666666666,0.16666666666666666,0.2777777777777778,0.2777777777777778,0.05555555555555555,0.9166666666666666,0.5833333333333334,0.9722222222222222,0.49894538372635033,1,-1.0,0,1.0,0.7222222222222222,0.16666666666666666,0.16666666666666666,0.2777777777777778,0.2777777777777778,0.05555555555555555,0.9166666666666666,0.5833333333333334,0.9722222222222222,0.19444444444444445,0.5224156565805265
0,1.0,0.7222222222222222,0.16666666666666666,0.16666666666666666,0.2777777777777778,0.2777777777777778,0.05555555555555555,0.9166666666666666,0.5833333333333334,0.9722222222222222,0.19444444444444445,0.5224156565805265,0,35.0,0,0.9,0.16666666666666666,0.16666666666666666,0.2777777777777778,0.2777777777777778,0.05555555555555555,0.9166666666666666,0.5833333333333334,0.9722222222222222,0.19444444444444445,0.3888888888888889,0.6048964744158333
0,0.9,0.16666666666666666,0.16666666666666666,0.2777777777777778,0.2777777777777778,0.05555555555555555,0.9166666666666666,0.5833333333333334,0.9722222222222222,0.19444444444444445,0.3888888888888889,0.6048964744158333,0,35.0,1,0.95,0.16666666666666666,0.2777777777777778,0.2777777777777778,0.05555555555555555,0.9166666666666666,0.5833333333333334,0.9722222222222222,0.19444444444444445,0.3888888888888889,1.0,0.5293822609831389
1,0.95,0.16666666666666666,0.2777777777777778,0.2777777777777778,0.05555555555555555,0.9166666666666666,0.5833333333333334,0.9722222222222222,0.19444444444444445,0.3888888888888889,1.0,0.5293822609831389,0,35.0,0,0.9,0.2777777777777778,0.2777777777777778,0.05555555555555555,0.9166666666666666,0.5833333333333334,0.9722222222222222,0.19444444444444445,0.3888888888888889,1.0,0.1388888888888889,0.5109797632283614
0,0.9,0.2777777777777778,0.2777777777777778,0.05555555555555555,0.9166666666666666,0.5833333333333334,0.9722222222222222,0.19444444444444445,0.3888888888888889,1.0,0.1388888888888889,0.5109797632283614,0,-1.0,1,0.35,0.2777777777777778,0.05555555555555555,0.9166666666666666,0.5833333333333334,0.9722222222222222,0.19444444444444445,0.3888888888888889,1.0,0.1388888888888889,0.7222222222222222,0.49370061800136
1,0.35,0.2777777777777778,0.05555555555555555,0.9166666666666666,0.5833333333333334,0.9722222222222222,0.19444444444444445,0.3888888888888889,1.0,0.1388888888888889,0.7222222222222222,0.49370061800136,1,35.0,0,1.15,0.05555555555555555,0.9166666666666666,0.5833333333333334,0.9722222222222222,0.19444444444444445,0.3888888888888889,1.0,0.1388888888888889,0.7222222222222222,0.2777777777777778,0.538952625738317
0,1.15,0.05555555555555555,0.9166666666666666,0.5833333333333334,0.9722222222222222,0.19444444444444445,0.3888888888888889,1.0,0.1388888888888889,0.7222222222222222,0.2777777777777778,0.538952625738317,1,-1.0,1,1.05,0.9166666666666666,0.5833333333333334,0.9722222222222222,0.19444444444444445,0.3888888888888889,1.0,0.1388888888888889,0.7222222222222222,0.2777777777777778,0.3333333333333333,0.48935549108155024
1,1.05,0.9166666666666666,0.5833333333333334,0.9722222222222222,0.19444444444444445,0.3888888888888889,1.0,0.1388888888888889,0.7222222222222222,0.2777777777777778,0.3333333333333333,0.48935549108155024,0,35.0,0,0.8,0.5833333333333334,0.9722222222222222,0.19444444444444445,0.3888888888888889,1.0,0.1388888888888889,0.7222222222222222,0.2777777777777778,0.3333333333333333,0.6388888888888888,0.4981849091178181
0,0.8,0.5833333333333334,0.9722222222222222,0.19444444444444445,0.3888888888888889,1.0,0.1388888888888889,0.7222222222222222,0.2777777777777778,0.3333333333333333,0.6388888888888888,0.4981849091178181,0,-1.0,0,0.75,0.9722222222222222,0.19444444444444445,0.3888888888888889,1.0,0.1388888888888889,0.7222222222222222,0.2777777777777778,0.3333333333333333,0.6388888888888888,0.9166666666666666,0.4615095199737812
0,0.75,0.9722222222222222,0.19444444444444445,0.3888888888888889,1.0,0.1388888888888889,0.7222222222222222,0.2777777777777778,0.3333333333333333,0.6388888888888888,0.9166666666666666,0.4615095199737812,1,35.0,1,0.8,0.19444444444444445,0.3888888888888889,1.0,0.1388888888888889,0.7222222222222222,0.2777777777777778,0.3333333333333333,0.6388888888888888,0.9166666666666666,0.1111111111111111,0.47956893920654403
1,0.8,0.19444444444444445,0.3888888888888889,1.0,0.1388888888888889,0.7222222222222222,0.2777777777777778,0.3333333333333333,0.6388888888888888,0.9166666666666666,0.1111111111111111,0.47956893920654403,1,35.0,0,0.9,0.3888888888888889,1.0,0.1388888888888889,0.7222222222222222,0.2777777777777778,0.3333333333333333,0.6388888888888888,0.9166666666666666,0.1111111111111111,0.6666666666666666,0.41759802384477673
0,0.9,0.3888888888888889,1.0,0.1388888888888889,0.7222222222222222,0.2777777777777778,0.3333333333333333,0.6388888888888888,0.9166666666666666,0.1111111111111111,0.6666666666666666,0.41759802384477673,1,-1.0,1,0.8,1.0,0.1388888888888889,0.7222222222222222,0.2777777777777778,0.3333333333333333,0.6388888888888888,0.9166666666666666,0.1111111111111111,0.6666666666666666,0.75,0.529585097548956
1,0.8,1.0,0.1388888888888889,0.7222222222222222,0.2777777777777778,0.3333333333333333,0.6388888888888888,0.9166666666666666,0.1111111111111111,0.6666666666666666,0.75,0.529585097548956,0,-1.0,0,0.8,0.1388888888888889,0.7222222222222222,0.2777777777777778,0.3333333333333333,0.6388888888888888,0.9166666666666666,0.1111111111111111,0.6666666666666666,0.75,0.0,0.6404560810018255
0,0.8,0.1388888888888889,0.7222222222222222,0.2777777777777778,0.3333333333333333,0.6388888888888888,0.9166666666666666,0.1111111111111111,0.6666666666666666,0.75,0.0,0.6404560810018255,-1,-1.0,1,0.8,0.7222222222222222,0.2777777777777778,0.3333333333333333,0.6388888888888888,0.9166666666666666,0.1111111111111111,0.6666666666666666,0.75,0.0,0.8055555555555556,0.47670556265623204
1,0.8,0.7222222222222222,0.2777777777777778,0.3333333333333333,0.6388888888888888,0.9166666666666666,0.1111111111111111,0.6666666666666666,0.75,0.0,0.8055555555555556,0.47670556265623204,1,-1.0,0,0.65,0.2777777777777778,0.3333333333333333,0.6388888888888888,0.9166666666666666,0.1111111111111111,0.6666666666666666,0.75,0.0,0.8055555555555556,0.25,0.5267365190017886
0,0.65,0.2777777777777778,0.3333333333333333,0.6388888888888888,0.9166666666666666,0.1111111111111111,0.6666666666666666,0.75,0.0,0.8055555555555556,0.25,0.5267365190017886,0,35.0,1,0.7,0.3333333333333333,0.6388888888888888,0.9166666666666666,0.1111111111111111,0.6666666666666666,0.75,0.0,0.8055555555555556,0.25,0.08333333333333333,0.4982292452660605
1,0.7,0.3333333333333333,0.6388888888888888,0.9166666666666666,0.1111111111111111,0.6666666666666666,0.75,0.0,0.8055555555555556,0.25,0.08333333333333333,0.4982292452660605,0,35.0,0,0.5,0.6388888888888888,0.9166666666666666,0.1111111111111111,0.6666666666666666,0.75,0.0,0.8055555555555556,0.25,0.08333333333333333,0.19444444444444445,0.4699801861817029
0,0.5,0.6388888888888888,0.9166666666666666,0.1111111111111111,0.6666666666666666,0.75,0.0,0.8055555555555556,0.25,0.08333333333333333,0.19444444444444445,0.4699801861817029,0,-1.0,1,0.05,0.9166666666666666,0.1111111111111111,0.6666666666666666,0.75,0.0,0.8055555555555556,0.25,0.08333333333333333,0.19444444444444445,0.05555555555555555,0.44952626587097
1,0.05,0.9166666666666666,0.1111111111111111,0.6666666666666666,0.75,0.0,0.8055555555555556,0.25,0.08333333333333333,0.19444444444444445,0.05555555555555555,0.44952626587097,1,35.0,0,0.05,0.1111111111111111,0.6666666666666666,0.75,0.0,0.8055555555555556,0.25,0.08333333333333333,0.19444444444444445,0.05555555555555555,0.2777777777777778,0.5603935716234922
0,0.05,0.1111111111111111,0.6666666666666666,0.75,0.0,0.8055555555555556,0.25,0.08333333333333333,0.19444444444444445,0.05555555555555555,0.2777777777777778,0.5603935716234922,1,-1.0,0,0.6,0.6666666666666666,0.75,0.0,0.8055555555555556,0.25,0.08333333333333333,0.19444444444444445,0.05555555555555555,0.2777777777777778,0.6388888888888888,0.4760703908255368
0,0.6,0.6666666666666666,0.75,0.0,0.8055555555555556,0.25,0.08333333333333333,0.19444444444444445,0.05555555555555555,0.2777777777777778,0.6388888888888888,0.4760703908255368,0,35.0,1,0.7,0.75,0.0,0.8055555555555556,0.25,0.08333333333333333,0.19444444444444445,0.05555555555555555,0.2777777777777778,0.6388888888888888,0.5833333333333334,0.5175922631692891
1,0.7,0.75,0.0,0.8055555555555556,0.25,0.08333333333333333,0.19444444444444445,0.05555555555555555,0.2777777777777778,0.6388888888888888,0.5833333333333334,0.5175922631692891,0,35.0,0,0.7,0.0,0.8055555555555556,0.25,0.08333333333333333,0.19444444444444445,0.05555555555555555,0.2777777777777778,0.6388888888888888,0.5833333333333334,0.6388888888888888,0.4931581700815144
0,0.7,0.0,0.8055555555555556,0.25,0.08333333333333333,0.19444444444444445,0.05555555555555555,0.2777777777777778,0.6388888888888888,0.5833333333333334,0.6388888888888888,0.4931581700815144,0,-1.0,0,0.8,0.8055555555555556,0.25,0.08333333333333333,0.19444444444444445,0.05555555555555555,0.2777777777777778,0.6388888888888888,0.5833333333333334,0.6388888888888888,0.9166666666666666,0.5361526423109232
0,0.8,0.8055555555555556,0.25,0.08333333333333333,0.19444444444444445,0.05555555555555555,0.2777777777777778,0.6388888888888888,0.5833333333333334,0.6388888888888888,0.9166666666666666,0.5361526423109232,1,35.0,0,0.75,0.25,0.08333333333333333,0.19444444444444445,0.05555555555555555,0.2777777777777778,0.6388888888888888,0.5833333333333334,0.6388888888888888,0.9166666666666666,0.3055555555555556,0.4248275942996544
0,0.75,0.25,0.08333333333333333,0.19444444444444445,0.05555555555555555,0.2777777777777778,0.6388888888888888,0.5833333333333334,0.6388888888888888,0.9166666666666666,0.3055555555555556,0.4248275942996544,1,35.0,0,1.0,0.08333333333333333,0.19444444444444445,0.05555555555555555,0.2777777777777778,0.6388888888888888,0.5833333333333334,0.6388888888888888,0.9166666666666666,0.3055555555555556,0.05555555555555555,0.4363732116806381
0,1.0,0.08333333333333333,0.19444444444444445,0.05555555555555555,0.2777777777777778,0.6388888888888888,0.5833333333333334,0.6388888888888888,0.9166666666666666,0.3055555555555556,0.05555555555555555,0.4363732116806381,1,-1.0,0,0.75,0.19444444444444445,0.05555555555555555,0.2777777777777778,0.6388888888888888,0.5833333333333334,0.6388888888888888,0.9166666666666666,0.3055555555555556,0.05555555555555555,0.19444444444444445,0.534754363887629
0,0.75,0.19444444444444445,0.05555555555555555,0.2777777777777778,0.6388888888888888,0.5833333333333334,0.6388888888888888,0.9166666666666666,0.3055555555555556,0.05555555555555555,0.19444444444444445,0.534754363887629,0,-1.0,0,0.7,0.05555555555555555,0.2777777777777778,0.6388888888888888,0.5833333333333334,0.6388888888888888,0.9166666666666666,0.3055555555555556,0.05555555555555555,0.19444444444444445,0.8055555555555556,0.4358902328413996
0,0.7,0.05555555555555555,0.2777777777777778,0.6388888888888888,0.5833333333333334,0.6388888888888888,0.9166666666666666,0.3055555555555556,0.05555555555555555,0.19444444444444445,0.8055555555555556,0.4358902328413996,1,-1.0,1,0.7,0.2777777777777778,0.6388888888888888,0.5833333333333334,0.6388888888888888,0.9166666666666666,0.3055555555555556,0.05555555555555555,0.19444444444444445,0.8055555555555556,0.25,0.4232004614584767
1,0.7,0.2777777777777778,0.6388888888888888,0.5833333333333334,0.6388888888888888,0.9166666666666666,0.3055555555555556,0.05555555555555555,0.19444444444444445,0.8055555555555556,0.25,0.4232004614584767,0,-1.0,0,0.5,0.6388888888888888,0.5833333333333334,0.6388888888888888,0.9166666666666666,0.3055555555555556,0.05555555555555555,0.19444444444444445,0.8055555555555556,0.25,0.3055555555555556,0.5078396838026795
0,0.5,0.6388888888888888,0.5833333333333334,0.6388888888888888,0.9166666666666666,0.3055555555555556,0.05555555555555555,0.19444444444444445,0.8055555555555556,0.25,0.3055555555555556,0.5078396838026795,1,35.0,1,0.5,0.5833333333333334,0.6388888888888888,0.9166666666666666,0.3055555555555556,0.05555555555555555,0.19444444444444445,0.8055555555555556,0.25,0.3055555555555556,0.6666666666666666,0.554870488615044
1,0.5,0.5833333333333334,0.6388888888888888,0.9166666666666666,0.3055555555555556,0.05555555555555555,0.19444444444444445,0.8055555555555556,0.25,0.3055555555555556,0.6666666666666666,0.554870488615044,1,-1.0,0,0.6,0.6388888888888888,0.9166666666666666,0.3055555555555556,0.05555555555555555,0.19444444444444445,0.8055555555555556,0.25,0.3055555555555556,0.6666666666666666,0.1388888888888889,0.6550022886166977
0,0.6,0.6388888888888888,0.9166666666666666,0.3055555555555556,0.05555555555555555,0.19444444444444445,0.8055555555555556,0.25,0.3055555555555556,0.6666666666666666,0.1388888888888889,0.6550022886166977,0,35.0,0,0.45,0.9166666666666666,0.3055555555555556,0.05555555555555555,0.19444444444444445,0.8055555555555556,0.25,0.3055555555555556,0.6666666666666666,0.1388888888888889,0.19444444444444445,0.6400989209191816
0,0.45,0.9166666666666666,0.3055555555555556,0.05555555555555555,0.19444444444444445,0.8055555555555556,0.25,0.3055555555555556,0.6666666666666666,0.1388888888888889,0.19444444444444445,0.6400989209191816,0,35.0,0,0.7,0.3055555555555556,0.05555555555555555,0.19444444444444445,0.8055555555555556,0.25,0.3055555555555556,0.6666666666666666,0.1388888888888889,0.19444444444444445,0.8333333333333334,0.4991558064017181
0,0.7,0.3055555555555556,0.05555555555555555,0.19444444444444445,0.8055555555555556,0.25,0.3055555555555556,0.6666666666666666,0.1388888888888889,0.19444444444444445,0.8333333333333334,0.4991558064017181,0,35.0,0,0.05,0.05555555555555555,0.19444444444444445,0.8055555555555556,0.25,0.3055555555555556,0.6666666666666666,0.1388888888888889,0.19444444444444445,0.8333333333333334,0.6388888888888888,0.6134300821869182
0,0.05,0.05555555555555555,0.19444444444444445,0.8055555555555556,0.25,0.3055555555555556,0.6666666666666666,0.1388888888888889,0.19444444444444445,0.8333333333333334,0.6388888888888888,0.6134300821869182,0,-1.0,1,0.65,0.19444444444444445,0.8055555555555556,0.25,0.3055555555555556,0.6666666666666666,0.1388888888888889,0.19444444444444445,0.8333333333333334,0.6388888888888888,0.05555555555555555,0.546110885739321
1,0.65,0.19444444444444445,0.8055555555555556,0.25,0.3055555555555556,0.6666666666666666,0.1388888888888889,0.19444444444444445,0.8333333333333334,0.6388888888888888,0.05555555555555555,0.546110885739321,1,35.0,0,0.5,0.8055555555555556,0.25,0.3055555555555556,0.6666666666666666,0.1388888888888889,0.19444444444444445,0.8333333333333334,0.6388888888888888,0.05555555555555555,0.9166666666666666,0.4808770013710577
0,0.5,0.8055555555555556,0.25,0.3055555555555556,0.6666666666666666,0.1388888888888889,0.19444444444444445,0.8333333333333334,0.6388888888888888,0.05555555555555555,0.9166666666666666,0.4808770013710577,1,35.0,1,0.45,0.25,0.3055555555555556,0.6666666666666666,0.1388888888888889,0.19444444444444445,0.8333333333333334,0.6388888888888888,0.05555555555555555,0.9166666666666666,0.2777777777777778,0.4636036432370563
1,0.45,0.25,0.3055555555555556,0.6666666666666666,0.1388888888888889,0.19444444444444445,0.8333333333333334,0.6388888888888888,0.05555555555555555,0.9166666666666666,0.2777777777777778,0.4636036432370563,1,35.0,0,0.45,0.3055555555555556,0.6666666666666666,0.1388888888888889,0.19444444444444445,0.8333333333333334,0.6388888888888888,0.05555555555555555,0.9166666666666666,0.2777777777777778,0.6666666666666666,0.6192921481397374
0,0.45,0.3055555555555556,0.6666666666666666,0.1388888888888889,0.19444444444444445,0.8333333333333334,0.6388888888888888,0.05555555555555555,0.9166666666666666,0.2777777777777778,0.6666666666666666,0.6192921481397374,1,-1.0,1,0.45,0.6666666666666666,0.1388888888888889,0.19444444444444445,0.8333333333333334,0.6388888888888888,0.05555555555555555,0.9166666666666666,0.2777777777777778,0.6666666666666666,0.5277777777777778,0.4994250754888643
1,0.45,0.6666666666666666,0.1388888888888889,0.19444444444444445,0.8333333333333334,0.6388888888888888,0.05555555555555555,0.9166666666666666,0.2777777777777778,0.6666666666666666,0.5277777777777778,0.4994250754888643,0,-1.0,0,0.4,0.1388888888888889,0.19444444444444445,0.8333333333333334,0.6388888888888888,0.05555555555555555,0.9166666666666666,0.2777777777777778,0.6666666666666666,0.5277777777777778,0.3611111111111111,0.4896578123212014
0,0.4,0.1388888888888889,0.19444444444444445,0.8333333333333334,0.6388888888888888,0.05555555555555555,0.9166666666666666,0.2777777777777778,0.6666666666666666,0.5277777777777778,0.3611111111111111,0.4896578123212014,1,35.0,1,0.45,0.19444444444444445,0.8333333333333334,0.6388888888888888,0.05555555555555555,0.9166666666666666,0.2777777777777778,0.6666666666666666,0.5277777777777778,0.3611111111111111,0.8611111111111112,0.4745006005658656
1,0.45,0.19444444444444445,0.8333333333333334,0.6388888888888888,0.05555555555555555,0.9166666666666666,0.2777777777777778,0.6666666666666666,0.5277777777777778,0.3611111111111111,0.8611111111111112,0.4745006005658656,1,-1.0,0,0.5,0.8333333333333334,0.6388888888888888,0.05555555555555555,0.9166666666666666,0.2777777777777778,0.6666666666666666,0.5277777777777778,0.3611111111111111,0.8611111111111112,0.6388888888888888,0.4199598395560875
0,0.5,0.8333333333333334,0.6388888888888888,0.05555555555555555,0.9166666666666666,0.2777777777777778,0.6666666666666666,0.5277777777777778,0.3611111111111111,0.8611111111111112,0.6388888888888888,0.4199598395560875,0,-1.0,0,0.5,0.6388888888888888,0.05555555555555555,0.9166666666666666,0.2777777777777778,0.6666666666666666,0.5277777777777778,0.3611111111111111,0.8611111111111112,0.6388888888888888,0.7777777777777778,0.5146927203451606
0,0.5,0.6388888888888888,0.05555555555555555,0.9166666666666666,0.2777777777777778,0.6666666666666666,0.5277777777777778,0.3611111111111111,0.8611111111111112,0.6388888888888888,0.7777777777777778,0.5146927203451606,1,35.0,1,0.5,0.05555555555555555,0.9166666666666666,0.2777777777777778,0.6666666666666666,0.5277777777777778,0.3611111111111111,0.8611111111111112,0.6388888888888888,0.7777777777777778,0.1111111111111111,0.5181268395064053
1,0.5,0.05555555555555555,0.9166666666666666,0.2777777777777778,0.6666666666666666,0.5277777777777778,0.3611111111111111,0.8611111111111112,0.6388888888888888,0.7777777777777778,0.1111111111111111,0.5181268395064053,1,-1.0,0,0.35,0.9166666666666666,0.2777777777777778,0.6666666666666666,0.5277777777777778,0.3611111111111111,0.8611111111111112,0.6388888888888888,0.7777777777777778,0.1111111111111111,0.6388888888888888,0.46803569521593497
0,0.35,0.9166666666666666,0.2777777777777778,0.6666666666666666,0.5277777777777778,0.3611111111111111,0.8611111111111112,0.6388888888888888,0.7777777777777778,0.1111111111111111,0.6388888888888888,0.46803569521593497,0,-1.0,1,0.4,0.2777777777777778,0.6666666666666666,0.5277777777777778,0.3611111111111111,0.8611111111111112,0.6388888888888888,0.7777777777777778,0.1111111111111111,0.6388888888888888,0.6111111111111112,0.46668466031071887
1,0.4,0.2777777777777778,0.6666666666666666,0.5277777777777778,0.3611111111111111,0.8611111111111112,0.6388888888888888,0.7777777777777778,0.1111111111111111,0.6388888888888888,0.6111111111111112,0.46668466031071887,1,-1.0,0,0.4,0.6666666666666666,0.5277777777777778,0.3611111111111111,0.8611111111111112,0.6388888888888888,0.7777777777777778,0.1111111111111111,0.6388888888888888,0.6111111111111112,0.027777777777777776,0.6603027818232132
0,0.4,0.6666666666666666,0.5277777777777778,0.3611111111111111,0.8611111111111112,0.6388888888888888,0.7777777777777778,0.1111111111111111,0.6388888888888888,0.6111111111111112,0.027777777777777776,0.6603027818232132,0,-1.0,1,0.45,0.5277777777777778,0.3611111111111111,0.8611111111111112,0.6388888888888888,0.7777777777777778,0.1111111111111111,0.6388888888888888,0.6111111111111112,0.027777777777777776,0.3055555555555556,0.49787589962258977
1,0.45,0.5277777777777778,0.3611111111111111,0.8611111111111112,0.6388888888888888,0.7777777777777778,0.1111111111111111,0.6388888888888888,0.6111111111111112,0.027777777777777776,0.3055555555555556,0.49787589962258977,1,-1.0,0,0.35,0.3611111111111111,0.8611111111111112,0.6388888888888888,0.7777777777777778,0.1111111111111111,0.6388888888888888,0.6111111111111112,0.027777777777777776,0.3055555555555556,0.027777777777777776,0.47619012006156874
0,0.35,0.3611111111111111,0.8611111111111112,0.6388888888888888,0.7777777777777778,0.1111111111111111,0.6388888888888888,0.6111111111111112,0.027777777777777776,0.3055555555555556,0.027777777777777776,0.47619012006156874,0,-1.0,1,0.35,0.8611111111111112,0.6388888888888888,0.7777777777777778,0.1111111111111111,0.6388888888888888,0.6111111111111112,0.027777777777777776,0.3055555555555556,0.027777777777777776,0.2222222222222222,0.6320724452935266
1,0.35,0.8611111111111112,0.6388888888888888,0.7777777777777778,0.1111111111111111,0.6388888888888888,0.6111111111111112,0.027777777777777776,0.3055555555555556,0.027777777777777776,0.2222222222222222,0.6320724452935266,1,35.0,0,0.4,0.6388888888888888,0.7777777777777778,0.1111111111111111,0.6388888888888888,0.6111111111111112,0.027777777777777776,0.3055555555555556,0.027777777777777776,0.2222222222222222,0.1111111111111111,0.5003951786529958
0,0.4,0.6388888888888888,0.7777777777777778,0.1111111111111111,0.6388888888888888,0.6111111111111112,0.027777777777777776,0.3055555555555556,0.027777777777777776,0.2222222222222222,0.1111111111111111,0.5003951786529958,1,35.0,1,0.4,0.7777777777777778,0.1111111111111111,0.6388888888888888,0.6111111111111112,0.027777777777777776,0.3055555555555556,0.027777777777777776,0.2222222222222222,0.1111111111111111,0.5555555555555556,0.4412112072545705
1,0.4,0.7777777777777778,0.1111111111111111,0.6388888888888888,0.6111111111111112,0.027777777777777776,0.3055555555555556,0.027777777777777776,0.2222222222222222,0.1111111111111111,0.5555555555555556,0.4412112072545705,1,-1.0,0,0.4,0.1111111111111111,0.6388888888888888,0.6111111111111112,0.027777777777777776,0.3055555555555556,0.027777777777777776,0.2222222222222222,0.1111111111111111,0.5555555555555556,0.6388888888888888,0.5036720657639921
0,0.4,0.1111111111111111,0.6388888888888888,0.6111111111111112,0.027777777777777776,0.3055555555555556,0.027777777777777776,0.2222222222222222,0.1111111111111111,0.5555555555555556,0.6388888888888888,0.5036720657639921,0,35.0,1,0.5,0.6388888888888888,0.6111111111111112,0.027777777777777776,0.3055555555555556,0.027777777777777776,0.2222222222222222,0.1111111111111111,0.5555555555555556,0.6388888888888888,0.5833333333333334,0.5197458998333777
1,0.5,0.6388888888888888,0.6111111111111112,0.027777777777777776,0.3055555555555556,0.027777777777777776,0.2222222222222222,0.1111111111111111,0.5555555555555556,0.6388888888888888,0.5833333333333334,0.5197458998333777,0,35.0,0,0.5,0.6111111111111112,0.027777777777777776,0.3055555555555556,0.027777777777777776,0.2222222222222222,0.1111111111111111,0.5555555555555556,0.6388888888888888,0.5833333333333334,0.6388888888888888,0.4261677464103107
0,0.5,0.6111111111111112,0.027777777777777776,0.3055555555555556,0.027777777777777776,0.2222222222222222,0.1111111111111111,0.5555555555555556,0.6388888888888888,0.5833333333333334,0.6388888888888888,0.4261677464103107,0,-1.0,1,0.5,0.027777777777777776,0.3055555555555556,0.027777777777777776,0.2222222222222222,0.1111111111111111,0.5555555555555556,0.6388888888888888,0.5833333333333334,0.6388888888888888,0.9166666666666666,0.40324637395779567
1,0.5,0.027777777777777776,0.3055555555555556,0.027777777777777776,0.2222222222222222,0.1111111111111111,0.5555555555555556,0.6388888888888888,0.5833333333333334,0.6388888888888888,0.9166666666666666,0.40324637395779567,1,35.0,0,0.45,0.3055555555555556,0.027777777777777776,0.2222222222222222,0.1111111111111111,0.5555555555555556,0.6388888888888888,0.5833333333333334,0.6388888888888888,0.9166666666666666,0.3611111111111111,0.5442360495758234
0,0.45,0.3055555555555556,0.027777777777777776,0.2222222222222222,0.1111111111111111,0.5555555555555556,0.6388888888888888,0.5833333333333334,0.6388888888888888,0.9166666666666666,0.3611111111111111,0.5442360495758234,1,-1.0,1,0.35,0.027777777777777776,0.2222222222222222,0.1111111111111111,0.5555555555555556,0.6388888888888888,0.5833333333333334,0.6388888888888888,0.9166666666666666,0.3611111111111111,0.0,0.4731858281767603
1,0.35,0.027777777777777776,0.2222222222222222,0.1111111111111111,0.5555555555555556,0.6388888888888888,0.5833333333333334,0.6388888888888888,0.9166666666666666,0.3611111111111111,0.0,0.4731858281767603,-1,35.0,0,0.35,0.2222222222222222,0.1111111111111111,0.5555555555555556,0.6388888888888888,0.5833333333333334,0.6388888888888888,0.9166666666666666,0.3611111111111111,0.0,0.0,0.6276641017664661
0,0.35,0.2222222222222222,0.1111111111111111,0.5555555555555556,0.6388888888888888,0.5833333333333334,0.6388888888888888,0.9166666666666666,0.3611111111111111,0.0,0.0,0.6276641017664661,-1,-1.0,1,0.5,0.1111111111111111,0.5555555555555556,0.6388888888888888,0.5833333333333334,0.6388888888888888,0.9166666666666666,0.3611111111111111,0.0,0.0,0.75,0.4384381982906578
1,0.5,0.1111111111111111,0.5555555555555556,0.6388888888888888,0.5833333333333334,0.6388888888888888,0.9166666666666666,0.3611111111111111,0.0,0.0,0.75,0.4384381982906578,0,35.0,0,0.05,0.5555555555555556,0.6388888888888888,0.5833333333333334,0.6388888888888888,0.9166666666666666,0.3611111111111111,0.0,0.0,0.75,0.5277777777777778,0.49050366844054094
0,0.05,0.5555555555555556,0.6388888888888888,0.5833333333333334,0.6388888888888888,0.9166666666666666,0.3611111111111111,0.0,0.0,0.75,0.5277777777777778,0.49050366844054094,0,35.0,1,0.05,0.6388888888888888,0.5833333333333334,0.6388888888888888,0.9166666666666666,0.3611111111111111,0.0,0.0,0.75,0.5277777777777778,0.4444444444444444,0.411274281132917
1,0.05,0.6388888888888888,0.5833333333333334,0.6388888888888888,0.9166666666666666,0.3611111111111111,0.0,0.0,0.75,0.5277777777777778,0.4444444444444444,0.411274281132917,0,35.0,0,0.05,0.5833333333333334,0.6388888888888888,0.9166666666666666,0.3611111111111111,0.0,0.0,0.75,0.5277777777777778,0.4444444444444444,0.4444444444444444,0.4944006097499463
0,0.05,0.5833333333333334,0.6388888888888888,0.9166666666666666,0.3611111111111111,0.0,0.0,0.75,0.5277777777777778,0.4444444444444444,0.4444444444444444,0.4944006097499463,0,-1.0,1,0.6,0.6388888888888888,0.9166666666666666,0.3611111111111111,0.0,0.0,0.75,0.5277777777777778,0.4444444444444444,0.4444444444444444,0.3611111111111111,0.4594823002179204
1,0.6,0.6388888888888888,0.9166666666666666,0.3611111111111111,0.0,0.0,0.75,0.5277777777777778,0.4444444444444444,0.4444444444444444,0.3611111111111111,0.4594823002179204,1,35.0,0,0.5,0.9166666666666666,0.3611111111111111,0.0,0.0,0.75,0.5277777777777778,0.4444444444444444,0.4444444444444444,0.3611111111111111,0.8055555555555556,0.48861521611000697
0,0.5,0.9166666666666666,0.3611111111111111,0.0,0.0,0.75,0.5277777777777778,0.4444444444444444,0.4444444444444444,0.3611111111111111,0.8055555555555556,0.48861521611000697,1,35.0,1,0.5,0.3611111111111111,0.0,0.0,0.75,0.5277777777777778,0.4444444444444444,0.4444444444444444,0.3611111111111111,0.8055555555555556,0.2777777777777778,0.4912948555318998
1,0.5,0.3611111111111111,0.0,0.0,0.75,0.5277777777777778,0.4444444444444444,0.4444444444444444,0.3611111111111111,0.8055555555555556,0.2777777777777778,0.4912948555318998,1,-1.0,0,0.5,0.0,0.0,0.75,0.5277777777777778,0.4444444444444444,0.4444444444444444,0.3611111111111111,0.8055555555555556,0.2777777777777778,0.4444444444444444,0.4806353239676554
0,0.5,0.0,0.0,0.75,0.5277777777777778,0.4444444444444444,0.4444444444444444,0.3611111111111111,0.8055555555555556,0.2777777777777778,0.4444444444444444,0.4806353239676554,0,35.0,1,0.5,0.0,0.75,0.5277777777777778,0.4444444444444444,0.4444444444444444,0.3611111111111111,0.8055555555555556,0.2777777777777778,0.4444444444444444,0.5277777777777778,0.47363462467845474
1,0.5,0.0,0.75,0.5277777777777778,0.4444444444444444,0.4444444444444444,0.3611111111111111,0.8055555555555556,0.2777777777777778,0.4444444444444444,0.5277777777777778,0.47363462467845474,0,35.0,0,0.05,0.75,0.5277777777777778,0.4444444444444444,0.4444444444444444,0.3611111111111111,0.8055555555555556,0.2777777777777778,0.4444444444444444,0.5277777777777778,0.3333333333333333,0.4731858281767603
0,0.05,0.75,0.5277777777777778,0.4444444444444444,0.4444444444444444,0.3611111111111111,0.8055555555555556,0.2777777777777778,0.4444444444444444,0.5277777777777778,0.3333333333333333,0.4731858281767603,0,-1.0,1,0.05,0.5277777777777778,0.4444444444444444,0.4444444444444444,0.3611111111111111,0.8055555555555556,0.2777777777777778,0.4444444444444444,0.5277777777777778,0.3333333333333333,0.16666666666666666,0.5270003430975484
1,0.05,0.5277777777777778,0.4444444444444444,0.4444444444444444,0.3611111111111111,0.8055555555555556,0.2777777777777778,0.4444444444444444,0.5277777777777778,0.3333333333333333,0.16666666666666666,0.5270003430975484,1,-1.0,0,0.45,0.4444444444444444,0.4444444444444444,0.3611111111111111,0.8055555555555556,0.2777777777777778,0.4444444444444444,0.5277777777777778,0.3333333333333333,0.16666666666666666,0.5,0.4655094631726783
0,0.45,0.4444444444444444,0.4444444444444444,0.3611111111111111,0.8055555555555556,0.2777777777777778,0.4444444444444444,0.5277777777777778,0.3333333333333333,0.16666666666666666,0.5,0.4655094631726783,0,35.0,1,0.4,0.4444444444444444,0.3611111111111111,0.8055555555555556,0.2777777777777778,0.4444444444444444,0.5277777777777778,0.3333333333333333,0.16666666666666666,0.5,0.8888888888888888,0.3996677522755759
1,0.4,0.4444444444444444,0.3611111111111111,0.8055555555555556,0.2777777777777778,0.4444444444444444,0.5277777777777778,0.3333333333333333,0.16666666666666666,0.5,0.8888888888888888,0.3996677522755759,0,35.0,0,0.4,0.3611111111111111,0.8055555555555556,0.2777777777777778,0.4444444444444444,0.5277777777777778,0.3333333333333333,0.16666666666666666,0.5,0.8888888888888888,0.9444444444444444,0.5187885308844973
0,0.4,0.3611111111111111,0.8055555555555556,0.2777777777777778,0.4444444444444444,0.5277777777777778,0.3333333333333333,0.16666666666666666,0.5,0.8888888888888888,0.9444444444444444,0.5187885308844973,0,-1.0,1,0.45,0.8055555555555556,0.2777777777777778,0.4444444444444444,0.5277777777777778,0.3333333333333333,0.16666666666666666,0.5,0.8888888888888888,0.9444444444444444,0.4166666666666667,0.48783447732221014
1,0.45,0.8055555555555556,0.2777777777777778,0.4444444444444444,0.5277777777777778,0.3333333333333333,0.16666666666666666,0.5,0.8888888888888888,0.9444444444444444,0.4166666666666667,0.48783447732221014,1,35.0,0,0.4,0.2777777777777778,0.4444444444444444,0.5277777777777778,0.3333333333333333,0.16666666666666666,0.5,0.8888888888888888,0.9444444444444444,0.4166666666666667,0.3611111111111111,0.48118006677463576
0,0.4,0.2777777777777778,0.4444444444444444,0.5277777777777778,0.3333333333333333,0.16666666666666666,0.5,0.8888888888888888,0.9444444444444444,0.4166666666666667,0.3611111111111111,0.48118006677463576,1,35.0,1,0.35,0.4444444444444444,0.5277777777777778,0.3333333333333333,0.16666666666666666,0.5,0.8888888888888888,0.9444444444444444,0.4166666666666667,0.3611111111111111,0.05555555555555555,0.47072026307046655
1,0.35,0.4444444444444444,0.5277777777777778,0.3333333333333333,0.16666666666666666,0.5,0.8888888888888888,0.9444444444444444,0.4166666666666667,0.3611111111111111,0.05555555555555555,0.47072026307046655,1,-1.0,0,0.3,0.5277777777777778,0.3333333333333333,0.16666666666666666,0.5,0.8888888888888888,0.9444444444444444,0.4166666666666667,0.3611111111111111,0.05555555555555555,0.9444444444444444,0.44135641864212416
0,0.3,0.5277777777777778,0.3333333333333333,0.16666666666666666,0.5,0.8888888888888888,0.9444444444444444,0.4166666666666667,0.3611111111111111,0.05555555555555555,0.9444444444444444,0.44135641864212416,0,35.0,1,0.3,0.3333333333333333,0.16666666666666666,0.5,0.8888888888888888,0.9444444444444444,0.4166666666666667,0.3611111111111111,0.05555555555555555,0.9444444444444444,0.5,0.4630633597055153
1,0.3,0.3333333333333333,0.16666666666666666,0.5,0.8888888888888888,0.9444444444444444,0.4166666666666667,0.3611111111111111,0.05555555555555555,0.9444444444444444,0.5,0.4630633597055153,0,35.0,0,0.35,0.16666666666666666,0.5,0.8888888888888888,0.9444444444444444,0.4166666666666667,0.3611111111111111,0.05555555555555555,0.9444444444444444,0.5,0.6388888888888888,0.4597901304228033
0,0.35,0.16666666666666666,0.5,0.8888888888888888,0.9444444444444444,0.4166666666666667,0.3611111111111111,0.05555555555555555,0.9444444444444444,0.5,0.6388888888888888,0.4597901304228033,0,-1.0,1,0.4,0.5,0.8888888888888888,0.9444444444444444,0.4166666666666667,0.3611111111111111,0.05555555555555555,0.9444444444444444,0.5,0.6388888888888888,0.7222222222222222,0.4508610131616165
1,0.4,0.5,0.8888888888888888,0.9444444444444444,0.4166666666666667,0.3611111111111111,0.05555555555555555,0.9444444444444444,0.5,0.6388888888888888,0.7222222222222222,0.4508610131616165,1,-1.0,0,0.45,0.8888888888888888,0.9444444444444444,0.4166666666666667,0.3611111111111111,0.05555555555555555,0.9444444444444444,0.5,0.6388888888888888,0.7222222222222222,0.75,0.4341749503256074
0,0.45,0.8888888888888888,0.9444444444444444,0.4166666666666667,0.3611111111111111,0.05555555555555555,0.9444444444444444,0.5,0.6388888888888888,0.7222222222222222,0.75,0.4341749503256074,0,-1.0,1,0.45,0.9444444444444444,0.4166666666666667,0.3611111111111111,0.05555555555555555,0.9444444444444444,0.5,0.6388888888888888,0.7222222222222222,0.75,0.2777777777777778,0.4543640850893951
1,0.45,0.9444444444444444,0.4166666666666667,0.3611111111111111,0.05555555555555555,0.9444444444444444,0.5,0.6388888888888888,0.7222222222222222,0.75,0.2777777777777778,0.4543640850893951,1,35.0,0,0.45,0.4166666666666667,0.3611111111111111,0.05555555555555555,0.9444444444444444,0.5,0.6388888888888888,0.7222222222222222,0.75,0.2777777777777778,0.16666666666666666,0.7516923109328979
0,0.45,0.4166666666666667,0.3611111111111111,0.05555555555555555,0.9444444444444444,0.5,0.6388888888888888,0.7222222222222222,0.75,0.2777777777777778,0.16666666666666666,0.7516923109328979,1,-1.0,1,0.4,0.3611111111111111,0.05555555555555555,0.9444444444444444,0.5,0.6388888888888888,0.7222222222222222,0.75,0.2777777777777778,0.16666666666666666,0.8888888888888888,0.4945075122054995
1,0.4,0.3611111111111111,0.05555555555555555,0.9444444444444444,0.5,0.6388888888888888,0.7222222222222222,0.75,0.2777777777777778,0.16666666666666666,0.8888888888888888,0.4945075122054995,0,-1.0,1,0.35,0.05555555555555555,0.9444444444444444,0.5,0.6388888888888888,0.7222222222222222,0.75,0.2777777777777778,0.16666666666666666,0.8888888888888888,0.4722222222222222,0.5066240478314761
1,0.35,0.05555555555555555,0.9444444444444444,0.5,0.6388888888888888,0.7222222222222222,0.75,0.2777777777777778,0.16666666666666666,0.8888888888888888,0.4722222222222222,0.5066240478314761,1,-1.0,0,0.4,0.9444444444444444,0.5,0.6388888888888888,0.7222222222222222,0.75,0.2777777777777778,0.16666666666666666,0.8888888888888888,0.4722222222222222,0.25,0.6307650158535045
0,0.4,0.9444444444444444,0.5,0.6388888888888888,0.7222222222222222,0.75,0.2777777777777778,0.16666666666666666,0.8888888888888888,0.4722222222222222,0.25,0.6307650158535045,0,35.0,1,0.35,0.5,0.6388888888888888,0.7222222222222222,0.75,0.2777777777777778,0.16666666666666666,0.8888888888888888,0.4722222222222222,0.25,0.027777777777777776,0.6947747017171761
1,0.35,0.5,0.6388888888888888,0.7222222222222222,0.75,0.2777777777777778,0.16666666666666666,0.8888888888888888,0.4722222222222222,0.25,0.027777777777777776,0.6947747017171761,0,35.0,0,0.4,0.6388888888888888,0.7222222222222222,0.75,0.2777777777777778,0.16666666666666666,0.8888888888888888,0.4722222222222222,0.25,0.027777777777777776,0.5833333333333334,0.46183362074909257
0,0.4,0.6388888888888888,0.7222222222222222,0.75,0.2777777777777778,0.16666666666666666,0.8888888888888888,0.4722222222222222,0.25,0.027777777777777776,0.5833333333333334,0.46183362074909257,0,-1.0,1,0.35,0.7222222222222222,0.75,0.2777777777777778,0.16666666666666666,0.8888888888888888,0.4722222222222222,0.25,0.027777777777777776,0.5833333333333334,0.7777777777777778,0.5344153784553282
1,0.35,0.7222222222222222,0.75,0.2777777777777778,0.16666666666666666,0.8888888888888888,0.4722222222222222,0.25,0.027777777777777776,0.5833333333333334,0.7777777777777778,0.5344153784553282,1,-1.0,0,0.35,0.75,0.2777777777777778,0.16666666666666666,0.8888888888888888,0.4722222222222222,0.25,0.027777777777777776,0.5833333333333334,0.7777777777777778,0.19444444444444445,0.5017596161417506
0,0.35,0.75,0.2777777777777778,0.16666666666666666,0.8888888888888888,0.4722222222222222,0.25,0.027777777777777776,0.5833333333333334,0.7777777777777778,0.19444444444444445,0.5017596161417506,0,35.0,1,0.35,0.2777777777777778,0.16666666666666666,0.8888888888888888,0.4722222222222222,0.25,0.027777777777777776,0.5833333333333334,0.7777777777777778,0.19444444444444445,0.5,0.4949660189512869
1,0.35,0.2777777777777778,0.16666666666666666,0.8888888888888888,0.4722222222222222,0.25,0.027777777777777776,0.5833333333333334,0.7777777777777778,0.19444444444444445,0.5,0.4949660189512869,0,35.0,0,1.1,0.16666666666666666,0.8888888888888888,0.4722222222222222,0.25,0.027777777777777776,0.5833333333333334,0.7777777777777778,0.19444444444444445,0.5,0.4444444444444444,0.4640041701577469
0,1.1,0.16666666666666666,0.8888888888888888,0.4722222222222222,0.25,0.027777777777777776,0.5833333333333334,0.7777777777777778,0.19444444444444445,0.5,0.4444444444444444,0.4640041701577469,0,35.0,1,1.1,0.8888888888888888,0.4722222222222222,0.25,0.027777777777777776,0.5833333333333334,0.7777777777777778,0.19444444444444445,0.5,0.4444444444444444,0.3333333333333333,0.4702534838465357
1,1.1,0.8888888888888888,0.4722222222222222,0.25,0.027777777777777776,0.5833333333333334,0.7777777777777778,0.19444444444444445,0.5,0.4444444444444444,0.3333333333333333,0.4702534838465357,0,35.0,0,1.2,0.4722222222222222,0.25,0.027777777777777776,0.5833333333333334,0.7777777777777778,0.19444444444444445,0.5,0.4444444444444444,0.3333333333333333,0.8333333333333334,0.45743702281329823
0,1.2,0.4722222222222222,0.25,0.027777777777777776,0.5833333333333334,0.7777777777777778,0.19444444444444445,0.5,0.4444444444444444,0.3333333333333333,0.8333333333333334,0.45743702281329823,0,-1.0,1,1.15,0.25,0.027777777777777776,0.5833333333333334,0.7777777777777778,0.19444444444444445,0.5,0.4444444444444444,0.3333333333333333,0.8333333333333334,0.3055555555555556,0.5213592860807053
1,1.15,0.25,0.027777777777777776,0.5833333333333334,0.7777777777777778,0.19444444444444445,0.5,0.4444444444444444,0.3333333333333333,0.8333333333333334,0.3055555555555556,0.5213592860807053,1,35.0,0,1.05,0.027777777777777776,0.5833333333333334,0.7777777777777778,0.19444444444444445,0.5,0.4444444444444444,0.3333333333333333,0.8333333333333334,0.3055555555555556,0.7222222222222222,0.5186288349664864
0,1.05,0.027777777777777776,0.5833333333333334,0.7777777777777778,0.19444444444444445,0.5,0.4444444444444444,0.3333333333333333,0.8333333333333334,0.3055555555555556,0.7222222222222222,0.5186288349664864,1,35.0,1,1.15,0.5833333333333334,0.7777777777777778,0.19444444444444445,0.5,0.4444444444444444,0.3333333333333333,0.8333333333333334,0.3055555555555556,0.7222222222222222,0.9166666666666666,0.45207077733304346
1,1.15,0.5833333333333334,0.7777777777777778,0.19444444444444445,0.5,0.4444444444444444,0.3333333333333333,0.8333333333333334,0.3055555555555556,0.7222222222222222,0.9166666666666666,0.45207077733304346,1,35.0,0,1.1,0.7777777777777778,0.19444444444444445,0.5,0.4444444444444444,0.3333333333333333,0.8333333333333334,0.3055555555555556,0.7222222222222222,0.9166666666666666,0.16666666666666666,0.5357821470114976
0,1.1,0.7777777777777778,0.19444444444444445,0.5,0.4444444444444444,0.3333333333333333,0.8333333333333334,0.3055555555555556,0.7222222222222222,0.9166666666666666,0.16666666666666666,0.5357821470114976,1,-1.0,1,1.1,0.19444444444444445,0.5,0.4444444444444444,0.3333333333333333,0.8333333333333334,0.3055555555555556,0.7222222222222222,0.9166666666666666,0.16666666666666666,0.3333333333333333,0.4890778447821276
1,1.1,0.19444444444444445,0.5,0.4444444444444444,0.3333333333333333,0.8333333333333334,0.3055555555555556,0.7222222222222222,0.9166666666666666,0.16666666666666666,0.3333333333333333,0.4890778447821276,0,35.0,0,1.05,0.5,0.4444444444444444,0.3333333333333333,0.8333333333333334,0.3055555555555556,0.7222222222222222,0.9166666666666666,0.16666666666666666,0.3333333333333333,0.9444444444444444,0.47008879126198905
0,1.05,0.5,0.4444444444444444,0.3333333333333333,0.8333333333333334,0.3055555555555556,0.7222222222222222,0.9166666666666666,0.16666666666666666,0.3333333333333333,0.9444444444444444,0.47008879126198905,0,-1.0,1,1.1,0.4444444444444444,0.3333333333333333,0.8333333333333334,0.3055555555555556,0.7222222222222222,0.9166666666666666,0.16666666666666666,0.3333333333333333,0.9444444444444444,0.8055555555555556,0.6083779933893607
1,1.1,0.4444444444444444,0.3333333333333333,0.8333333333333334,0.3055555555555556,0.7222222222222222,0.9166666666666666,0.16666666666666666,0.3333333333333333,0.9444444444444444,0.8055555555555556,0.6083779933893607,1,35.0,0,1.1,0.3333333333333333,0.8333333333333334,0.3055555555555556,0.7222222222222222,0.9166666666666666,0.16666666666666666,0.3333333333333333,0.9444444444444444,0.8055555555555556,0.4722222222222222,0.49887944664944345
0,1.1,0.3333333333333333,0.8333333333333334,0.3055555555555556,0.7222222222222222,0.9166666666666666,0.16666666666666666,0.3333333333333333,0.9444444444444444,0.8055555555555556,0.4722222222222222,0.49887944664944345,1,35.0,1,0.9,0.8333333333333334,0.3055555555555556,0.7222222222222222,0.9166666666666666,0.16666666666666666,0.3333333333333333,0.9444444444444444,0.8055555555555556,0.4722222222222222,0.7222222222222222,0.46785180272038235
1,0.9,0.8333333333333334,0.3055555555555556,0.7222222222222222,0.9166666666666666,0.16666666666666666,0.3333333333333333,0.9444444444444444,0.8055555555555556,0.4722222222222222,0.7222222222222222,0.46785180272038235,1,-1.0,0,1.05,0.3055555555555556,0.7222222222222222,0.9166666666666666,0.16666666666666666,0.3333333333333333,0.9444444444444444,0.8055555555555556,0.4722222222222222,0.7222222222222222,0.3888888888888889,0.44570204506193645
0,1.05,0.3055555555555556,0.7222222222222222,0.9166666666666666,0.16666666666666666,0.3333333333333333,0.9444444444444444,0.8055555555555556,0.4722222222222222,0.7222222222222222,0.3888888888888889,0.44570204506193645,0,35.0,1,1.1,0.7222222222222222,0.9166666666666666,0.16666666666666666,0.3333333333333333,0.9444444444444444,0.8055555555555556,0.4722222222222222,0.7222222222222222,0.3888888888888889,0.5277777777777778,0.5026151712260036
1,1.1,0.7222222222222222,0.9166666666666666,0.16666666666666666,0.3333333333333333,0.9444444444444444,0.8055555555555556,0.4722222222222222,0.7222222222222222,0.3888888888888889,0.5277777777777778,0.5026151712260036,0,-1.0,0,1.2,0.9166666666666666,0.16666666666666666,0.3333333333333333,0.9444444444444444,0.8055555555555556,0.4722222222222222,0.7222222222222222,0.3888888888888889,0.5277777777777778,0.6666666666666666,0.5122665407072184
0,1.2,0.9166666666666666,0.16666666666666666,0.3333333333333333,0.9444444444444444,0.8055555555555556,0.4722222222222222,0.7222222222222222,0.3888888888888889,0.5277777777777778,0.6666666666666666,0.5122665407072184,1,-1.0,1,1.25,0.16666666666666666,0.3333333333333333,0.9444444444444444,0.8055555555555556,0.4722222222222222,0.7222222222222222,0.3888888888888889,0.5277777777777778,0.6666666666666666,0.6944444444444444,0.5261688455471455
1,1.25,0.16666666666666666,0.3333333333333333,0.9444444444444444,0.8055555555555556,0.4722222222222222,0.7222222222222222,0.3888888888888889,0.5277777777777778,0.6666666666666666,0.6944444444444444,0.5261688455471455,0,-1.0,0,1.2,0.3333333333333333,0.9444444444444444,0.8055555555555556,0.4722222222222222,0.7222222222222222,0.3888888888888889,0.5277777777777778,0.6666666666666666,0.6944444444444444,0.8611111111111112,0.5243971039590153
0,1.2,0.3333333333333333,0.9444444444444444,0.8055555555555556,0.4722222222222222,0.7222222222222222,0.3888888888888889,0.5277777777777778,0.6666666666666666,0.6944444444444444,0.8611111111111112,0.5243971039590153,1,-1.0,0,1.25,0.9444444444444444,0.8055555555555556,0.4722222222222222,0.7222222222222222,0.3888888888888889,0.5277777777777778,0.6666666666666666,0.6944444444444444,0.8611111111111112,0.1388888888888889,0.5934240029677629
0,1.25,0.9444444444444444,0.8055555555555556,0.4722222222222222,0.7222222222222222,0.3888888888888889,0.5277777777777778,0.6666666666666666,0.6944444444444444,0.8611111111111112,0.1388888888888889,0.5934240029677629,0,35.0,1,1.1,0.8055555555555556,0.4722222222222222,0.7222222222222222,0.3888888888888889,0.5277777777777778,0.6666666666666666,0.6944444444444444,0.8611111111111112,0.1388888888888889,0.19444444444444445,0.5394333686232412
1,1.1,0.8055555555555556,0.4722222222222222,0.7222222222222222,0.3888888888888889,0.5277777777777778,0.6666666666666666,0.6944444444444444,0.8611111111111112,0.1388888888888889,0.19444444444444445,0.5394333686232412,0,-1.0,0,1.25,0.4722222222222222,0.7222222222222222,0.3888888888888889,0.5277777777777778,0.6666666666666666,0.6944444444444444,0.8611111111111112,0.1388888888888889,0.19444444444444445,0.4166666666666667,0.5594949617463026
0,1.25,0.4722222222222222,0.7222222222222222,0.3888888888888889,0.5277777777777778,0.6666666666666666,0.6944444444444444,0.8611111111111112,0.1388888888888889,0.19444444444444445,0.4166666666666667,0.5594949617463026,1,35.0,1,1.4,0.7222222222222222,0.3888888888888889,0.5277777777777778,0.6666666666666666,0.6944444444444444,0.8611111111111112,0.1388888888888889,0.19444444444444445,0.4166666666666667,0.05555555555555555,0.5262662307432169
1,1.4,0.7222222222222222,0.3888888888888889,0.5277777777777778,0.6666666666666666,0.6944444444444444,0.8611111111111112,0.1388888888888889,0.19444444444444445,0.4166666666666667,0.05555555555555555,0.5262662307432169,1,35.0,0,1.35,0.3888888888888889,0.5277777777777778,0.6666666666666666,0.6944444444444444,0.8611111111111112,0.1388888888888889,0.19444444444444445,0.4166666666666667,0.05555555555555555,0.7777777777777778,0.5031560072739762
0,1.35,0.3888888888888889,0.5277777777777778,0.6666666666666666,0.6944444444444444,0.8611111111111112,0.1388888888888889,0.19444444444444445,0.4166666666666667,0.05555555555555555,0.7777777777777778,0.5031560072739762,1,35.0,1,1.4,0.5277777777777778,0.6666666666666666,0.6944444444444444,0.8611111111111112,0.1388888888888889,0.19444444444444445,0.4166666666666667,0.05555555555555555,0.7777777777777778,0.4722222222222222,0.4641398927629622
1,1.4,0.5277777777777778,0.6666666666666666,0.6944444444444444,0.8611111111111112,0.1388888888888889,0.19444444444444445,0.4166666666666667,0.05555555555555555,0.7777777777777778,0.4722222222222222,0.4641398927629622,1,-1.0,0,1.25,0.6666666666666666,0.6944444444444444,0.8611111111111112,0.1388888888888889,0.19444444444444445,0.4166666666666667,0.05555555555555555,0.7777777777777778,0.4722222222222222,0.1388888888888889,0.4737965962482433
0,1.25,0.6666666666666666,0.6944444444444444,0.8611111111111112,0.1388888888888889,0.19444444444444445,0.4166666666666667,0.05555555555555555,0.7777777777777778,0.4722222222222222,0.1388888888888889,0.4737965962482433,0,-1.0,1,1.15,0.6944444444444444,0.8611111111111112,0.1388888888888889,0.19444444444444445,0.4166666666666667,0.05555555555555555,0.7777777777777778,0.4722222222222222,0.1388888888888889,0.8611111111111112,0.5122125409100323
1,1.15,0.6944444444444444,0.8611111111111112,0.1388888888888889,0.19444444444444445,0.4166666666666667,0.05555555555555555,0.7777777777777778,0.4722222222222222,0.1388888888888889,0.8611111111111112,0.5122125409100323,1,35.0,0,1.15,0.8611111111111112,0.1388888888888889,0.19444444444444445,0.4166666666666667,0.05555555555555555,0.7777777777777778,0.4722222222222222,0.1388888888888889,0.8611111111111112,0.8055555555555556,0.5198897108095873
0,1.15,0.8611111111111112,0.1388888888888889,0.19444444444444445,0.4166666666666667,0.05555555555555555,0.7777777777777778,0.4722222222222222,0.1388888888888889,0.8611111111111112,0.8055555555555556,0.5198897108095873,1,-1.0,1,1.05,0.1388888888888889,0.19444444444444445,0.4166666666666667,0.05555555555555555,0.7777777777777778,0.4722222222222222,0.1388888888888889,0.8611111111111112,0.8055555555555556,0.5833333333333334,0.5749438390640507
1,1.05,0.1388888888888889,0.19444444444444445,0.4166666666666667,0.05555555555555555,0.7777777777777778,0.4722222222222222,0.1388888888888889,0.8611111111111112,0.8055555555555556,0.5833333333333334,0.5749438390640507,0,35.0,0,1.05,0.19444444444444445,0.4166666666666667,0.05555555555555555,0.7777777777777778,0.4722222222222222,0.1388888888888889,0.8611111111111112,0.8055555555555556,0.5833333333333334,0.25,0.4801586957433113
0,1.05,0.19444444444444445,0.4166666666666667,0.05555555555555555,0.7777777777777778,0.4722222222222222,0.1388888888888889,0.8611111111111112,0.8055555555555556,0.5833333333333334,0.25,0.4801586957433113,0,35.0,1,1.15,0.4166666666666667,0.05555555555555555,0.7777777777777778,0.4722222222222222,0.1388888888888889,0.8611111111111112,0.8055555555555556,0.5833333333333334,0.25,0.08333333333333333,0.48960447565202403
1,1.15,0.4166666666666667,0.05555555555555555,0.7777777777777778,0.4722222222222222,0.1388888888888889,0.8611111111111112,0.8055555555555556,0.5833333333333334,0.25,0.08333333333333333,0.48960447565202403,0,-1.0,0,1.15,0.05555555555555555,0.7777777777777778,0.4722222222222222,0.1388888888888889,0.8611111111111112,0.8055555555555556,0.5833333333333334,0.25,0.08333333333333333,0.3611111111111111,0.4877230906166056
0,1.15,0.05555555555555555,0.7777777777777778,0.4722222222222222,0.1388888888888889,0.8611111111111112,0.8055555555555556,0.5833333333333334,0.25,0.08333333333333333,0.3611111111111111,0.4877230906166056,1,-1.0,1,1.05,0.7777777777777778,0.4722222222222222,0.1388888888888889,0.8611111111111112,0.8055555555555556,0.5833333333333334,0.25,0.08333333333333333,0.3611111111111111,0.5,0.4799141070306676
1,1.05,0.7777777777777778,0.4722222222222222,0.1388888888888889,0.8611111111111112,0.8055555555555556,0.5833333333333334,0.25,0.08333333333333333,0.3611111111111111,0.5,0.4799141070306676,0,35.0,0,0.95,0.4722222222222222,0.1388888888888889,0.8611111111111112,0.8055555555555556,0.5833333333333334,0.25,0.08333333333333333,0.3611111111111111,0.5,0.8888888888888888,0.49007690407142207
0,0.95,0.4722222222222222,0.1388888888888889,0.8611111111111112,0.8055555555555556,0.5833333333333334,0.25,0.08333333333333333,0.3611111111111111,0.5,0.8888888888888888,0.49007690407142207,0,35.0,1,1.0,0.1388888888888889,0.8611111111111112,0.8055555555555556,0.5833333333333334,0.25,0.08333333333333333,0.3611111111111111,0.5,0.8888888888888888,0.08333333333333333,0.45863530950646647
1,1.0,0.1388888888888889,0.8611111111111112,0.8055555555555556,0.5833333333333334,0.25,0.08333333333333333,0.3611111111111111,0.5,0.8888888888888888,0.08333333333333333,0.45863530950646647,0,35.0,0,1.0,0.8611111111111112,0.8055555555555556,0.5833333333333334,0.25,0.08333333333333333,0.3611111111111111,0.5,0.8888888888888888,0.08333333333333333,0.25,0.5114691537052977
0,1.0,0.8611111111111112,0.8055555555555556,0.5833333333333334,0.25,0.08333333333333333,0.3611111111111111,0.5,0.8888888888888888,0.08333333333333333,0.25,0.5114691537052977,0,-1.0,1,1.1,0.8055555555555556,0.5833333333333334,0.25,0.08333333333333333,0.3611111111111111,0.5,0.8888888888888888,0.08333333333333333,0.25,0.0,0.5837007329465148
1,1.1,0.8055555555555556,0.5833333333333334,0.25,0.08333333333333333,0.3611111111111111,0.5,0.8888888888888888,0.08333333333333333,0.25,0.0,0.5837007329465148,-1,-1.0,0,1.0,0.5833333333333334,0.25,0.08333333333333333,0.3611111111111111,0.5,0.8888888888888888,0.08333333333333333,0.25,0.0,0.6388888888888888,0.5019279385383404
0,1.0,0.5833333333333334,0.25,0.08333333333333333,0.3611111111111111,0.5,0.8888888888888888,0.08333333333333333,0.25,0.0,0.6388888888888888,0.5019279385383404,0,35.0,1,1.1,0.25,0.08333333333333333,0.3611111111111111,0.5,0.8888888888888888,0.08333333333333333,0.25,0.0,0.6388888888888888,0.1388888888888889,0.5396846475805762
1,1.1,0.25,0.08333333333333333,0.3611111111111111,0.5,0.8888888888888888,0.08333333333333333,0.25,0.0,0.6388888888888888,0.1388888888888889,0.5396846475805762,0,-1.0,0,1.0,0.08333333333333333,0.3611111111111111,0.5,0.8888888888888888,0.08333333333333333,0.25,0.0,0.6388888888888888,0.1388888888888889,0.16666666666666666,0.5400130940688814
0,1.0,0.08333333333333333,0.3611111111111111,0.5,0.8888888888888888,0.08333333333333333,0.25,0.0,0.6388888888888888,0.1388888888888889,0.16666666666666666,0.5400130940688814,1,35.0,1,1.05,0.3611111111111111,0.5,0.8888888888888888,0.08333333333333333,0.25,0.0,0.6388888888888888,0.1388888888888889,0.16666666666666666,0.16666666666666666,0.4457301704667485
1,1.05,0.3611111111111111,0.5,0.8888888888888888,0.08333333333333333,0.25,0.0,0.6388888888888888,0.1388888888888889,0.16666666666666666,0.16666666666666666,0.4457301704667485,1,-1.0,0,1.0,0.5,0.8888888888888888,0.08333333333333333,0.25,0.0,0.6388888888888888,0.1388888888888889,0.16666666666666666,0.16666666666666666,0.75,0.4170741214207448
0,1.0,0.5,0.8888888888888888,0.08333333333333333,0.25,0.0,0.6388888888888888,0.1388888888888889,0.16666666666666666,0.16666666666666666,0.75,0.4170741214207448,0,35.0,1,1.05,0.8888888888888888,0.08333333333333333,0.25,0.0,0.6388888888888888,0.1388888888888889,0.16666666666666666,0.16666666666666666,0.75,0.1388888888888889,0.579342982308512
1,1.05,0.8888888888888888,0.08333333333333333,0.25,0.0,0.6388888888888888,0.1388888888888889,0.16666666666666666,0.16666666666666666,0.75,0.1388888888888889,0.579342982308512,0,35.0,0,1.05,0.08333333333333333,0.25,0.0,0.6388888888888888,0.1388888888888889,0.16666666666666666,0.16666666666666666,0.75,0.1388888888888889,0.4444444444444444,0.4856836072968875
0,1.05,0.08333333333333333,0.25,0.0,0.6388888888888888,0.1388888888888889,0.16666666666666666,0.16666666666666666,0.75,0.1388888888888889,0.4444444444444444,0.4856836072968875,0,35.0,1,1.1,0.25,0.0,0.6388888888888888,0.1388888888888889,0.16666666666666666,0.16666666666666666,0.75,0.1388888888888889,0.4444444444444444,0.027777777777777776,0.4791402035604125
1,1.1,0.25,0.0,0.6388888888888888,0.1388888888888889,0.16666666666666666,0.16666666666666666,0.75,0.1388888888888889,0.4444444444444444,0.027777777777777776,0.4791402035604125,0,-1.0,0,1.1,0.0,0.6388888888888888,0.1388888888888889,0.16666666666666666,0.16666666666666666,0.75,0.1388888888888889,0.4444444444444444,0.027777777777777776,0.2222222222222222,0.5148497863742063
0,1.1,0.0,0.6388888888888888,0.1388888888888889,0.16666666666666666,0.16666666666666666,0.75,0.1388888888888889,0.4444444444444444,0.027777777777777776,0.2222222222222222,0.5148497863742063,1,35.0,1,1.1,0.6388888888888888,0.1388888888888889,0.16666666666666666,0.16666666666666666,0.75,0.1388888888888889,0.4444444444444444,0.027777777777777776,0.2222222222222222,0.7222222222222222,0.6401076641616698
1,1.1,0.6388888888888888,0.1388888888888889,0.16666666666666666,0.16666666666666666,0.75,0.1388888888888889,0.4444444444444444,0.027777777777777776,0.2222222222222222,0.7222222222222222,0.6401076641616698,1,-1.0,0,1.15,0.1388888888888889,0.16666666666666666,0.16666666666666666,0.75,0.1388888888888889,0.4444444444444444,0.027777777777777776,0.2222222222222222,0.7222222222222222,0.3888888888888889,0.48366916029109647
0,1.15,0.1388888888888889,0.16666666666666666,0.16666666666666666,0.75,0.1388888888888889,0.4444444444444444,0.027777777777777776,0.2222222222222222,0.7222222222222222,0.3888888888888889,0.48366916029109647,0,35.0,1,1.15,0.16666666666666666,0.16666666666666666,0.75,0.1388888888888889,0.4444444444444444,0.027777777777777776,0.2222222222222222,0.7222222222222222,0.3888888888888889,0.3333333333333333,0.4812710962674634
1,1.15,0.16666666666666666,0.16666666666666666,0.75,0.1388888888888889,0.4444444444444444,0.027777777777777776,0.2222222222222222,0.7222222222222222,0.3888888888888889,0.3333333333333333,0.4812710962674634,0,35.0,1,0.9,0.16666666666666666,0.75,0.1388888888888889,0.4444444444444444,0.027777777777777776,0.2222222222222222,0.7222222222222222,0.3888888888888889,0.3333333333333333,0.4444444444444444,0.4717334592260974
1,0.9,0.16666666666666666,0.75,0.1388888888888889,0.4444444444444444,0.027777777777777776,0.2222222222222222,0.7222222222222222,0.3888888888888889,0.3333333333333333,0.4444444444444444,0.4717334592260974,0,-1.0,0,0.95,0.75,0.1388888888888889,0.4444444444444444,0.027777777777777776,0.2222222222222222,0.7222222222222222,0.3888888888888889,0.3333333333333333,0.4444444444444444,0.0,0.5596964467839645
0,0.95,0.75,0.1388888888888889,0.4444444444444444,0.027777777777777776,0.2222222222222222,0.7222222222222222,0.3888888888888889,0.3333333333333333,0.4444444444444444,0.0,0.5596964467839645,-1,-1.0,1,1.0,0.1388888888888889,0.4444444444444444,0.027777777777777776,0.2222222222222222,0.7222222222222222,0.3888888888888889,0.3333333333333333,0.4444444444444444,0.0,0.16666666666666666,0.5452452535534165
1,1.0,0.1388888888888889,0.4444444444444444,0.027777777777777776,0.2222222222222222,0.7222222222222222,0.3888888888888889,0.3333333333333333,0.4444444444444444,0.0,0.16666666666666666,0.5452452535534165,1,-1.0,0,1.0,0.4444444444444444,0.027777777777777776,0.2222222222222222,0.7222222222222222,0.3888888888888889,0.3333333333333333,0.4444444444444444,0.0,0.16666666666666666,0.0,0.4907984565434421
0,1.0,0.4444444444444444,0.027777777777777776,0.2222222222222222,0.7222222222222222,0.3888888888888889,0.3333333333333333,0.4444444444444444,0.0,0.16666666666666666,0.0,0.4907984565434421,-1,-1.0,1,0.35,0.027777777777777776,0.2222222222222222,0.7222222222222222,0.3888888888888889,0.3333333333333333,0.4444444444444444,0.0,0.16666666666666666,0.0,0.3055555555555556,0.5629537839637405
1,0.35,0.027777777777777776,0.2222222222222222,0.7222222222222222,0.3888888888888889,0.3333333333333333,0.4444444444444444,0.0,0.16666666666666666,0.0,0.3055555555555556,0.5629537839637405,1,-1.0,0,0.75,0.2222222222222222,0.7222222222222222,0.3888888888888889,0.3333333333333333,0.4444444444444444,0.0,0.16666666666666666,0.0,0.3055555555555556,1.0,0.5862586566258602
0,0.75,0.2222222222222222,0.7222222222222222,0.3888888888888889,0.3333333333333333,0.4444444444444444,0.0,0.16666666666666666,0.0,0.3055555555555556,1.0,0.5862586566258602,0,35.0,1,0.7,0.7222222222222222,0.3888888888888889,0.3333333333333333,0.4444444444444444,0.0,0.16666666666666666,0.0,0.3055555555555556,1.0,0.5833333333333334,0.4636642338886592
1,0.7,0.7222222222222222,0.3888888888888889,0.3333333333333333,0.4444444444444444,0.0,0.16666666666666666,0.0,0.3055555555555556,1.0,0.5833333333333334,0.4636642338886592,0,-1.0,0,0.7,0.3888888888888889,0.3333333333333333,0.4444444444444444,0.0,0.16666666666666666,0.0,0.3055555555555556,1.0,0.5833333333333334,0.8055555555555556,0.4594154264869924
0,0.7,0.3888888888888889,0.3333333333333333,0.4444444444444444,0.0,0.16666666666666666,0.0,0.3055555555555556,1.0,0.5833333333333334,0.8055555555555556,0.4594154264869924,1,-1.0,1,0.7,0.3333333333333333,0.4444444444444444,0.0,0.16666666666666666,0.0,0.3055555555555556,1.0,0.5833333333333334,0.8055555555555556,0.4444444444444444,0.4589461165545026
1,0.7,0.3333333333333333,0.4444444444444444,0.0,0.16666666666666666,0.0,0.3055555555555556,1.0,0.5833333333333334,0.8055555555555556,0.4444444444444444,0.4589461165545026,0,35.0,0,0.65,0.4444444444444444,0.0,0.16666666666666666,0.0,0.3055555555555556,1.0,0.5833333333333334,0.8055555555555556,0.4444444444444444,0.9444444444444444,0.5658303515440088
0,0.65,0.4444444444444444,0.0,0.16666666666666666,0.0,0.3055555555555556,1.0,0.5833333333333334,0.8055555555555556,0.4444444444444444,0.9444444444444444,0.5658303515440088,0,-1.0,1,0.75,0.0,0.16666666666666666,0.0,0.3055555555555556,1.0,0.5833333333333334,0.8055555555555556,0.4444444444444444,0.9444444444444444,0.5555555555555556,0.6276291595907336
1,0.75,0.0,0.16666666666666666,0.0,0.3055555555555556,1.0,0.5833333333333334,0.8055555555555556,0.4444444444444444,0.9444444444444444,0.5555555555555556,0.6276291595907336,1,-1.0,0,0.75,0.16666666666666666,0.0,0.3055555555555556,1.0,0.5833333333333334,0.8055555555555556,0.4444444444444444,0.9444444444444444,0.5555555555555556,0.6388888888888888,0.43762137404477897
0,0.75,0.16666666666666666,0.0,0.3055555555555556,1.0,0.5833333333333334,0.8055555555555556,0.4444444444444444,0.9444444444444444,0.5555555555555556,0.6388888888888888,0.43762137404477897,0,35.0,1,0.75,0.0,0.3055555555555556,1.0,0.5833333333333334,0.8055555555555556,0.4444444444444444,0.9444444444444444,0.5555555555555556,0.6388888888888888,0.3888888888888889,0.4270643881663057
1,0.75,0.0,0.3055555555555556,1.0,0.5833333333333334,0.8055555555555556,0.4444444444444444,0.9444444444444444,0.5555555555555556,0.6388888888888888,0.3888888888888889,0.4270643881663057,0,-1.0,0,0.75,0.3055555555555556,1.0,0.5833333333333334,0.8055555555555556,0.4444444444444444,0.9444444444444444,0.5555555555555556,0.6388888888888888,0.3888888888888889,0.8611111111111112,0.4826694056646177
0,0.75,0.3055555555555556,1.0,0.5833333333333334,0.8055555555555556,0.4444444444444444,0.9444444444444444,0.5555555555555556,0.6388888888888888,0.3888888888888889,0.8611111111111112,0.4826694056646177,1,35.0,1,0.75,1.0,0.5833333333333334,0.8055555555555556,0.4444444444444444,0.9444444444444444,0.5555555555555556,0.6388888888888888,0.3888888888888889,0.8611111111111112,0.1111111111111111,0.48116092415007694
1,0.75,1.0,0.5833333333333334,0.8055555555555556,0.4444444444444444,0.9444444444444444,0.5555555555555556,0.6388888888888888,0.3888888888888889,0.8611111111111112,0.1111111111111111,0.48116092415007694,1,-1.0,0,0.35,0.5833333333333334,0.8055555555555556,0.4444444444444444,0.9444444444444444,0.5555555555555556,0.6388888888888888,0.3888888888888889,0.8611111111111112,0.1111111111111111,0.4444444444444444,0.4385233719740317
0,0.35,0.5833333333333334,0.8055555555555556,0.4444444444444444,0.9444444444444444,0.5555555555555556,0.6388888888888888,0.3888888888888889,0.8611111111111112,0.1111111111111111,0.4444444444444444,0.4385233719740317,0,-1.0,1,0.9,0.8055555555555556,0.4444444444444444,0.9444444444444444,0.5555555555555556,0.6388888888888888,0.3888888888888889,0.8611111111111112,0.1111111111111111,0.4444444444444444,0.4166666666666667,0.46670615803314663
1,0.9,0.8055555555555556,0.4444444444444444,0.9444444444444444,0.5555555555555556,0.6388888888888888,0.3888888888888889,0.8611111111111112,0.1111111111111111,0.4444444444444444,0.4166666666666667,0.46670615803314663,1,-1.0,0,0.95,0.4444444444444444,0.9444444444444444,0.5555555555555556,0.6388888888888888,0.3888888888888889,0.8611111111111112,0.1111111111111111,0.4444444444444444,0.4166666666666667,0.1388888888888889,0.670390652924707
0,0.95,0.4444444444444444,0.9444444444444444,0.5555555555555556,0.6388888888888888,0.3888888888888889,0.8611111111111112,0.1111111111111111,0.4444444444444444,0.4166666666666667,0.1388888888888889,0.670390652924707,0,-1.0,0,0.9,0.9444444444444444,0.5555555555555556,0.6388888888888888,0.3888888888888889,0.8611111111111112,0.1111111111111111,0.4444444444444444,0.4166666666666667,0.1388888888888889,0.8611111111111112,0.5227466171567585
0,0.9,0.9444444444444444,0.5555555555555556,0.6388888888888888,0.3888888888888889,0.8611111111111112,0.1111111111111111,0.4444444444444444,0.4166666666666667,0.1388888888888889,0.8611111111111112,0.5227466171567585,1,-1.0,1,0.35,0.5555555555555556,0.6388888888888888,0.3888888888888889,0.8611111111111112,0.1111111111111111,0.4444444444444444,0.4166666666666667,0.1388888888888889,0.8611111111111112,0.1388888888888889,0.531471131549078
1,0.35,0.5555555555555556,0.6388888888888888,0.3888888888888889,0.8611111111111112,0.1111111111111111,0.4444444444444444,0.4166666666666667,0.1388888888888889,0.8611111111111112,0.1388888888888889,0.531471131549078,0,35.0,0,0.75,0.6388888888888888,0.3888888888888889,0.8611111111111112,0.1111111111111111,0.4444444444444444,0.4166666666666667,0.1388888888888889,0.8611111111111112,0.1388888888888889,0.027777777777777776,0.4847524841128284
0,0.75,0.6388888888888888,0.3888888888888889,0.8611111111111112,0.1111111111111111,0.4444444444444444,0.4166666666666667,0.1388888888888889,0.8611111111111112,0.1388888888888889,0.027777777777777776,0.4847524841128284,0,35.0,1,0.35,0.3888888888888889,0.8611111111111112,0.1111111111111111,0.4444444444444444,0.4166666666666667,0.1388888888888889,0.8611111111111112,0.1388888888888889,0.027777777777777776,0.5277777777777778,0.49181899293836034
1,0.35,0.3888888888888889,0.8611111111111112,0.1111111111111111,0.4444444444444444,0.4166666666666667,0.1388888888888889,0.8611111111111112,0.1388888888888889,0.027777777777777776,0.5277777777777778,0.49181899293836034,0,35.0,0,0.35,0.8611111111111112,0.1111111111111111,0.4444444444444444,0.4166666666666667,0.1388888888888889,0.8611111111111112,0.1388888888888889,0.027777777777777776,0.5277777777777778,0.1388888888888889,0.5856851991410741
0,0.35,0.8611111111111112,0.1111111111111111,0.4444444444444444,0.4166666666666667,0.1388888888888889,0.8611111111111112,0.1388888888888889,0.027777777777777776,0.5277777777777778,0.1388888888888889,0.5856851991410741,0,35.0,1,0.9,0.1111111111111111,0.4444444444444444,0.4166666666666667,0.1388888888888889,0.8611111111111112,0.1388888888888889,0.027777777777777776,0.5277777777777778,0.1388888888888889,0.19444444444444445,0.503583327598173
1,0.9,0.1111111111111111,0.4444444444444444,0.4166666666666667,0.1388888888888889,0.8611111111111112,0.1388888888888889,0.027777777777777776,0.5277777777777778,0.1388888888888889,0.19444444444444445,0.503583327598173,0,35.0,0,0.35,0.4444444444444444,0.4166666666666667,0.1388888888888889,0.8611111111111112,0.1388888888888889,0.027777777777777776,0.5277777777777778,0.1388888888888889,0.19444444444444445,0.5277777777777778,0.5133513400239093
0,0.35,0.4444444444444444,0.4166666666666667,0.1388888888888889,0.8611111111111112,0.1388888888888889,0.027777777777777776,0.5277777777777778,0.1388888888888889,0.19444444444444445,0.5277777777777778,0.5133513400239093,0,35.0,1,1.0,0.4166666666666667,0.1388888888888889,0.8611111111111112,0.1388888888888889,0.027777777777777776,0.5277777777777778,0.1388888888888889,0.19444444444444445,0.5277777777777778,0.8333333333333334,0.5162358517366332
1,1.0,0.4166666666666667,0.1388888888888889,0.8611111111111112,0.1388888888888889,0.027777777777777776,0.5277777777777778,0.1388888888888889,0.19444444444444445,0.5277777777777778,0.8333333333333334,0.5162358517366332,0,-1.0,0,1.05,0.1388888888888889,0.8611111111111112,0.1388888888888889,0.027777777777777776,0.5277777777777778,0.1388888888888889,0.19444444444444445,0.5277777777777778,0.8333333333333334,0.7777777777777778,0.4801872718643176
0,1.05,0.1388888888888889,0.8611111111111112,0.1388888888888889,0.027777777777777776,0.5277777777777778,0.1388888888888889,0.19444444444444445,0.5277777777777778,0.8333333333333334,0.7777777777777778,0.4801872718643176,1,35.0,1,1.0,0.8611111111111112,0.1388888888888889,0.027777777777777776,0.5277777777777778,0.1388888888888889,0.19444444444444445,0.5277777777777778,0.8333333333333334,0.7777777777777778,0.8055555555555556,0.6038750981231013
1,1.0,0.8611111111111112,0.1388888888888889,0.027777777777777776,0.5277777777777778,0.1388888888888889,0.19444444444444445,0.5277777777777778,0.8333333333333334,0.7777777777777778,0.8055555555555556,0.6038750981231013,1,35.0,0,0.6,0.1388888888888889,0.027777777777777776,0.5277777777777778,0.1388888888888889,0.19444444444444445,0.5277777777777778,0.8333333333333334,0.7777777777777778,0.8055555555555556,0.9722222222222222,0.4620562785212815
0,0.6,0.1388888888888889,0.027777777777777776,0.5277777777777778,0.1388888888888889,0.19444444444444445,0.5277777777777778,0.8333333333333334,0.7777777777777778,0.8055555555555556,0.9722222222222222,0.4620562785212815,1,-1.0,1,0.65,0.027777777777777776,0.5277777777777778,0.1388888888888889,0.19444444444444445,0.5277777777777778,0.8333333333333334,0.7777777777777778,0.8055555555555556,0.9722222222222222,0.25,0.5072289064438806
1,0.65,0.027777777777777776,0.5277777777777778,0.1388888888888889,0.19444444444444445,0.5277777777777778,0.8333333333333334,0.7777777777777778,0.8055555555555556,0.9722222222222222,0.25,0.5072289064438806,0,35.0,0,0.65,0.5277777777777778,0.1388888888888889,0.19444444444444445,0.5277777777777778,0.8333333333333334,0.7777777777777778,0.8055555555555556,0.9722222222222222,0.25,0.3333333333333333,0.6200998268576785
0,0.65,0.5277777777777778,0.1388888888888889,0.19444444444444445,0.5277777777777778,0.8333333333333334,0.7777777777777778,0.8055555555555556,0.9722222222222222,0.25,0.3333333333333333,0.6200998268576785,0,35.0,1,0.65,0.1388888888888889,0.19444444444444445,0.5277777777777778,0.8333333333333334,0.7777777777777778,0.8055555555555556,0.9722222222222222,0.25,0.3333333333333333,0.5,0.5729921898426545
1,0.65,0.1388888888888889,0.19444444444444445,0.5277777777777778,0.8333333333333334,0.7777777777777778,0.8055555555555556,0.9722222222222222,0.25,0.3333333333333333,0.5,0.5729921898426545,0,-1.0,0,0.65,0.19444444444444445,0.5277777777777778,0.8333333333333334,0.7777777777777778,0.8055555555555556,0.9722222222222222,0.25,0.3333333333333333,0.5,0.3611111111111111,0.5069923353650581
0,0.65,0.19444444444444445,0.5277777777777778,0.8333333333333334,0.7777777777777778,0.8055555555555556,0.9722222222222222,0.25,0.3333333333333333,0.5,0.3611111111111111,0.5069923353650581,1,-1.0,1,0.65,0.5277777777777778,0.8333333333333334,0.7777777777777778,0.8055555555555556,0.9722222222222222,0.25,0.3333333333333333,0.5,0.3611111111111111,0.0,0.5132635580877164
1,0.65,0.5277777777777778,0.8333333333333334,0.7777777777777778,0.8055555555555556,0.9722222222222222,0.25,0.3333333333333333,0.5,0.3611111111111111,0.0,0.5132635580877164,-1,-1.0,0,0.65,0.8333333333333334,0.7777777777777778,0.8055555555555556,0.9722222222222222,0.25,0.3333333333333333,0.5,0.3611111111111111,0.0,0.3333333333333333,0.4864537365384269
0,0.65,0.8333333333333334,0.7777777777777778,0.8055555555555556,0.9722222222222222,0.25,0.3333333333333333,0.5,0.3611111111111111,0.0,0.3333333333333333,0.4864537365384269,0,-1.0,1,0.7,0.7777777777777778,0.8055555555555556,0.9722222222222222,0.25,0.3333333333333333,0.5,0.3611111111111111,0.0,0.3333333333333333,0.7222222222222222,0.5269365756178623
1,0.7,0.7777777777777778,0.8055555555555556,0.9722222222222222,0.25,0.3333333333333333,0.5,0.3611111111111111,0.0,0.3333333333333333,0.7222222222222222,0.5269365756178623,1,-1.0,0,0.6,0.8055555555555556,0.9722222222222222,0.25,0.3333333333333333,0.5,0.3611111111111111,0.0,0.3333333333333333,0.7222222222222222,0.5277777777777778,0.5206654674987896
0,0.6,0.8055555555555556,0.9722222222222222,0.25,0.3333333333333333,0.5,0.3611111111111111,0.0,0.3333333333333333,0.7222222222222222,0.5277777777777778,0.5206654674987896,0,35.0,1,0.6,0.9722222222222222,0.25,0.3333333333333333,0.5,0.3611111111111111,0.0,0.3333333333333333,0.7222222222222222,0.5277777777777778,0.08333333333333333,0.6276792384361383
1,0.6,0.9722222222222222,0.25,0.3333333333333333,0.5,0.3611111111111111,0.0,0.3333333333333333,0.7222222222222222,0.5277777777777778,0.08333333333333333,0.6276792384361383,0,35.0,0,0.7,0.25,0.3333333333333333,0.5,0.3611111111111111,0.0,0.3333333333333333,0.7222222222222222,0.5277777777777778,0.08333333333333333,0.4444444444444444,0.5404973019232301
0,0.7,0.25,0.3333333333333333,0.5,0.3611111111111111,0.0,0.3333333333333333,0.7222222222222222,0.5277777777777778,0.08333333333333333,0.4444444444444444,0.5404973019232301,0,-1.0,1,0.65,0.3333333333333333,0.5,0.3611111111111111,0.0,0.3333333333333333,0.7222222222222222,0.5277777777777778,0.08333333333333333,0.4444444444444444,0.8611111111111112,0.4624484936690989
1,0.65,0.3333333333333333,0.5,0.3611111111111111,0.0,0.3333333333333333,0.7222222222222222,0.5277777777777778,0.08333333333333333,0.4444444444444444,0.8611111111111112,0.4624484936690989,1,35.0,0,0.6,0.5,0.3611111111111111,0.0,0.3333333333333333,0.7222222222222222,0.5277777777777778,0.08333333333333333,0.4444444444444444,0.8611111111111112,0.6111111111111112,0.47319708412493905
0,0.6,0.5,0.3611111111111111,0.0,0.3333333333333333,0.7222222222222222,0.5277777777777778,0.08333333333333333,0.4444444444444444,0.8611111111111112,0.6111111111111112,0.47319708412493905,1,35.0,1,0.7,0.3611111111111111,0.0,0.3333333333333333,0.7222222222222222,0.5277777777777778,0.08333333333333333,0.4444444444444444,0.8611111111111112,0.6111111111111112,0.4166666666666667,0.5402455607267842
1,0.7,0.3611111111111111,0.0,0.3333333333333333,0.7222222222222222,0.5277777777777778,0.08333333333333333,0.4444444444444444,0.8611111111111112,0.6111111111111112,0.4166666666666667,0.5402455607267842,1,-1.0,0,0.7,0.0,0.3333333333333333,0.7222222222222222,0.5277777777777778,0.08333333333333333,0.4444444444444444,0.8611111111111112,0.6111111111111112,0.4166666666666667,0.19444444444444445,0.43692486626413085
0,0.7,0.0,0.3333333333333333,0.7222222222222222,0.5277777777777778,0.08333333333333333,0.4444444444444444,0.8611111111111112,0.6111111111111112,0.4166666666666667,0.19444444444444445,0.43692486626413085,0,-1.0,1,0.7,0.3333333333333333,0.7222222222222222,0.5277777777777778,0.08333333333333333,0.4444444444444444,0.8611111111111112,0.6111111111111112,0.4166666666666667,0.19444444444444445,0.9722222222222222,0.6442299105065348
1,0.7,0.3333333333333333,0.7222222222222222,0.5277777777777778,0.08333333333333333,0.4444444444444444,0.8611111111111112,0.6111111111111112,0.4166666666666667,0.19444444444444445,0.9722222222222222,0.6442299105065348,1,-1.0,0,0.6,0.7222222222222222,0.5277777777777778,0.08333333333333333,0.4444444444444444,0.8611111111111112,0.6111111111111112,0.4166666666666667,0.19444444444444445,0.9722222222222222,0.5277777777777778,0.4860765378504482
0,0.6,0.7222222222222222,0.5277777777777778,0.08333333333333333,0.4444444444444444,0.8611111111111112,0.6111111111111112,0.4166666666666667,0.19444444444444445,0.9722222222222222,0.5277777777777778,0.4860765378504482,0,35.0,1,0.65,0.5277777777777778,0.08333333333333333,0.4444444444444444,0.8611111111111112,0.6111111111111112,0.4166666666666667,0.19444444444444445,0.9722222222222222,0.5277777777777778,0.3888888888888889,0.4463727457589924
1,0.65,0.5277777777777778,0.08333333333333333,0.4444444444444444,0.8611111111111112,0.6111111111111112,0.4166666666666667,0.19444444444444445,0.9722222222222222,0.5277777777777778,0.3888888888888889,0.4463727457589924,0,-1.0,0,0.65,0.08333333333333333,0.4444444444444444,0.8611111111111112,0.6111111111111112,0.4166666666666667,0.19444444444444445,0.9722222222222222,0.5277777777777778,0.3888888888888889,0.4722222222222222,0.7378184890235778
0,0.65,0.08333333333333333,0.4444444444444444,0.8611111111111112,0.6111111111111112,0.4166666666666667,0.19444444444444445,0.9722222222222222,0.5277777777777778,0.3888888888888889,0.4722222222222222,0.7378184890235778,1,-1.0,1,0.05,0.4444444444444444,0.8611111111111112,0.6111111111111112,0.4166666666666667,0.19444444444444445,0.9722222222222222,0.5277777777777778,0.3888888888888889,0.4722222222222222,0.19444444444444445,0.47354915221005967
1,0.05,0.4444444444444444,0.8611111111111112,0.6111111111111112,0.4166666666666667,0.19444444444444445,0.9722222222222222,0.5277777777777778,0.3888888888888889,0.4722222222222222,0.19444444444444445,0.47354915221005967,0,-1.0,0,0.6,0.8611111111111112,0.6111111111111112,0.4166666666666667,0.19444444444444445,0.9722222222222222,0.5277777777777778,0.3888888888888889,0.4722222222222222,0.19444444444444445,0.7777777777777778,0.48352241264515344
0,0.6,0.8611111111111112,0.6111111111111112,0.4166666666666667,0.19444444444444445,0.9722222222222222,0.5277777777777778,0.3888888888888889,0.4722222222222222,0.19444444444444445,0.7777777777777778,0.48352241264515344,1,35.0,1,0.6,0.6111111111111112,0.4166666666666667,0.19444444444444445,0.9722222222222222,0.5277777777777778,0.3888888888888889,0.4722222222222222,0.19444444444444445,0.7777777777777778,0.2777777777777778,0.5012218691961369
1,0.6,0.6111111111111112,0.4166666666666667,0.19444444444444445,0.9722222222222222,0.5277777777777778,0.3888888888888889,0.4722222222222222,0.19444444444444445,0.7777777777777778,0.2777777777777778,0.5012218691961369,1,-1.0,0,0.6,0.4166666666666667,0.19444444444444445,0.9722222222222222,0.5277777777777778,0.3888888888888889,0.4722222222222222,0.19444444444444445,0.7777777777777778,0.2777777777777778,0.75,0.49835544502025647
0,0.6,0.4166666666666667,0.19444444444444445,0.9722222222222222,0.5277777777777778,0.3888888888888889,0.4722222222222222,0.19444444444444445,0.7777777777777778,0.2777777777777778,0.75,0.49835544502025647,0,35.0,1,0.65,0.19444444444444445,0.9722222222222222,0.5277777777777778,0.3888888888888889,0.4722222222222222,0.19444444444444445,0.7777777777777778,0.2777777777777778,0.75,0.3333333333333333,0.46353763991090235
1,0.65,0.19444444444444445,0.9722222222222222,0.5277777777777778,0.3888888888888889,0.4722222222222222,0.19444444444444445,0.7777777777777778,0.2777777777777778,0.75,0.3333333333333333,0.46353763991090235,0,-1.0,0,0.6,0.9722222222222222,0.5277777777777778,0.3888888888888889,0.4722222222222222,0.19444444444444445,0.7777777777777778,0.2777777777777778,0.75,0.3333333333333333,0.3611111111111111,0.4876324752051222
0,0.6,0.9722222222222222,0.5277777777777778,0.3888888888888889,0.4722222222222222,0.19444444444444445,0.7777777777777778,0.2777777777777778,0.75,0.3333333333333333,0.3611111111111111,0.4876324752051222,1,-1.0,1,0.5,0.5277777777777778,0.3888888888888889,0.4722222222222222,0.19444444444444445,0.7777777777777778,0.2777777777777778,0.75,0.3333333333333333,0.3611111111111111,0.6388888888888888,0.4770695184689612
1,0.5,0.5277777777777778,0.3888888888888889,0.4722222222222222,0.19444444444444445,0.7777777777777778,0.2777777777777778,0.75,0.3333333333333333,0.3611111111111111,0.6388888888888888,0.4770695184689612,0,35.0,0,0.5,0.3888888888888889,0.4722222222222222,0.19444444444444445,0.7777777777777778,0.2777777777777778,0.75,0.3333333333333333,0.3611111111111111,0.6388888888888888,0.8333333333333334,0.6311510371526368
0,0.5,0.3888888888888889,0.4722222222222222,0.19444444444444445,0.7777777777777778,0.2777777777777778,0.75,0.3333333333333333,0.3611111111111111,0.6388888888888888,0.8333333333333334,0.6311510371526368,0,35.0,1,0.5,0.4722222222222222,0.19444444444444445,0.7777777777777778,0.2777777777777778,0.75,0.3333333333333333,0.3611111111111111,0.6388888888888888,0.8333333333333334,0.3333333333333333,0.46010836250743253
1,0.5,0.4722222222222222,0.19444444444444445,0.7777777777777778,0.2777777777777778,0.75,0.3333333333333333,0.3611111111111111,0.6388888888888888,0.8333333333333334,0.3333333333333333,0.46010836250743253,0,-1.0,0,0.5,0.19444444444444445,0.7777777777777778,0.2777777777777778,0.75,0.3333333333333333,0.3611111111111111,0.6388888888888888,0.8333333333333334,0.3333333333333333,0.5555555555555556,0.5417633960456015
0,0.5,0.19444444444444445,0.7777777777777778,0.2777777777777778,0.75,0.3333333333333333,0.3611111111111111,0.6388888888888888,0.8333333333333334,0.3333333333333333,0.5555555555555556,0.5417633960456015,1,35.0,0,1.0,0.7777777777777778,0.2777777777777778,0.75,0.3333333333333333,0.3611111111111111,0.6388888888888888,0.8333333333333334,0.3333333333333333,0.5555555555555556,0.4166666666666667,0.47407857499474326
0,1.0,0.7777777777777778,0.2777777777777778,0.75,0.3333333333333333,0.3611111111111111,0.6388888888888888,0.8333333333333334,0.3333333333333333,0.5555555555555556,0.4166666666666667,0.47407857499474326,1,-1.0,1,0.95,0.2777777777777778,0.75,0.3333333333333333,0.3611111111111111,0.6388888888888888,0.8333333333333334,0.3333333333333333,0.5555555555555556,0.4166666666666667,0.0,0.4858491306195337
1,0.95,0.2777777777777778,0.75,0.3333333333333333,0.3611111111111111,0.6388888888888888,0.8333333333333334,0.3333333333333333,0.5555555555555556,0.4166666666666667,0.0,0.4858491306195337,-1,-1.0,0,1.0,0.75,0.3333333333333333,0.3611111111111111,0.6388888888888888,0.8333333333333334,0.3333333333333333,0.5555555555555556,0.4166666666666667,0.0,0.5833333333333334,0.5885049310849824
0,1.0,0.75,0.3333333333333333,0.3611111111111111,0.6388888888888888,0.8333333333333334,0.3333333333333333,0.5555555555555556,0.4166666666666667,0.0,0.5833333333333334,0.5885049310849824,0,-1.0,1,1.05,0.3333333333333333,0.3611111111111111,0.6388888888888888,0.8333333333333334,0.3333333333333333,0.5555555555555556,0.4166666666666667,0.0,0.5833333333333334,0.16666666666666666,0.46870674393905853
1,1.05,0.3333333333333333,0.3611111111111111,0.6388888888888888,0.8333333333333334,0.3333333333333333,0.5555555555555556,0.4166666666666667,0.0,0.5833333333333334,0.16666666666666666,0.46870674393905853,1,-1.0,0,0.95,0.3611111111111111,0.6388888888888888,0.8333333333333334,0.3333333333333333,0.5555555555555556,0.4166666666666667,0.0,0.5833333333333334,0.16666666666666666,0.6388888888888888,0.516544985429697
0,0.95,0.3611111111111111,0.6388888888888888,0.8333333333333334,0.3333333333333333,0.5555555555555556,0.4166666666666667,0.0,0.5833333333333334,0.16666666666666666,0.6388888888888888,0.516544985429697,0,35.0,1,1.05,0.6388888888888888,0.8333333333333334,0.3333333333333333,0.5555555555555556,0.4166666666666667,0.0,0.5833333333333334,0.16666666666666666,0.6388888888888888,0.3333333333333333,0.4375955590064196
1,1.05,0.6388888888888888,0.8333333333333334,0.3333333333333333,0.5555555555555556,0.4166666666666667,0.0,0.5833333333333334,0.16666666666666666,0.6388888888888888,0.3333333333333333,0.4375955590064196,0,35.0,0,1.1,0.8333333333333334,0.3333333333333333,0.5555555555555556,0.4166666666666667,0.0,0.5833333333333334,0.16666666666666666,0.6388888888888888,0.3333333333333333,0.027777777777777776,0.5064822911688384
0,1.1,0.8333333333333334,0.3333333333333333,0.5555555555555556,0.4166666666666667,0.0,0.5833333333333334,0.16666666666666666,0.6388888888888888,0.3333333333333333,0.027777777777777776,0.5064822911688384,0,-1.0,1,1.05,0.3333333333333333,0.5555555555555556,0.4166666666666667,0.0,0.5833333333333334,0.16666666666666666,0.6388888888888888,0.3333333333333333,0.027777777777777776,0.2777777777777778,0.4913839779565416
1,1.05,0.3333333333333333,0.5555555555555556,0.4166666666666667,0.0,0.5833333333333334,0.16666666666666666,0.6388888888888888,0.3333333333333333,0.027777777777777776,0.2777777777777778,0.4913839779565416,1,35.0,0,1.05,0.5555555555555556,0.4166666666666667,0.0,0.5833333333333334,0.16666666666666666,0.6388888888888888,0.3333333333333333,0.027777777777777776,0.2777777777777778,0.1111111111111111,0.6027641560866805
0,1.05,0.5555555555555556,0.4166666666666667,0.0,0.5833333333333334,0.16666666666666666,0.6388888888888888,0.3333333333333333,0.027777777777777776,0.2777777777777778,0.1111111111111111,0.6027641560866805,1,35.0,1,0.35,0.4166666666666667,0.0,0.5833333333333334,0.16666666666666666,0.6388888888888888,0.3333333333333333,0.027777777777777776,0.2777777777777778,0.1111111111111111,0.3055555555555556,0.5052664939157006
1,0.35,0.4166666666666667,0.0,0.5833333333333334,0.16666666666666666,0.6388888888888888,0.3333333333333333,0.027777777777777776,0.2777777777777778,0.1111111111111111,0.3055555555555556,0.5052664939157006,1,-1.0,0,0.8,0.0,0.5833333333333334,0.16666666666666666,0.6388888888888888,0.3333333333333333,0.027777777777777776,0.2777777777777778,0.1111111111111111,0.3055555555555556,0.25,0.46652051950579904
0,0.8,0.0,0.5833333333333334,0.16666666666666666,0.6388888888888888,0.3333333333333333,0.027777777777777776,0.2777777777777778,0.1111111111111111,0.3055555555555556,0.25,0.46652051950579904,0,-1.0,1,0.8,0.5833333333333334,0.16666666666666666,0.6388888888888888,0.3333333333333333,0.027777777777777776,0.2777777777777778,0.1111111111111111,0.3055555555555556,0.25,0.5555555555555556,0.5094016705504141
1,0.8,0.5833333333333334,0.16666666666666666,0.6388888888888888,0.3333333333333333,0.027777777777777776,0.2777777777777778,0.1111111111111111,0.3055555555555556,0.25,0.5555555555555556,0.5094016705504141,1,-1.0,0,0.75,0.16666666666666666,0.6388888888888888,0.3333333333333333,0.027777777777777776,0.2777777777777778,0.1111111111111111,0.3055555555555556,0.25,0.5555555555555556,0.0,0.47804100822021695
0,0.75,0.16666666666666666,0.6388888888888888,0.3333333333333333,0.027777777777777776,0.2777777777777778,0.1111111111111111,0.3055555555555556,0.25,0.5555555555555556,0.0,0.47804100822021695,-1,-1.0,1,0.75,0.6388888888888888,0.3333333333333333,0.027777777777777776,0.2777777777777778,0.1111111111111111,0.3055555555555556,0.25,0.5555555555555556,0.0,0.027777777777777776,0.499136747129756
1,0.75,0.6388888888888888,0.3333333333333333,0.027777777777777776,0.2777777777777778,0.1111111111111111,0.3055555555555556,0.25,0.5555555555555556,0.0,0.027777777777777776,0.499136747129756,0,-1.0,0,0.75,0.3333333333333333,0.027777777777777776,0.2777777777777778,0.1111111111111111,0.3055555555555556,0.25,0.5555555555555556,0.0,0.027777777777777776,0.4166666666666667,0.4576023298357251
0,0.75,0.3333333333333333,0.027777777777777776,0.2777777777777778,0.1111111111111111,0.3055555555555556,0.25,0.5555555555555556,0.0,0.027777777777777776,0.4166666666666667,0.4576023298357251,1,35.0,1,0.7,0.027777777777777776,0.2777777777777778,0.1111111111111111,0.3055555555555556,0.25,0.5555555555555556,0.0,0.027777777777777776,0.4166666666666667,0.6111111111111112,0.5632223007010743
1,0.7,0.027777777777777776,0.2777777777777778,0.1111111111111111,0.3055555555555556,0.25,0.5555555555555556,0.0,0.027777777777777776,0.4166666666666667,0.6111111111111112,0.5632223007010743,1,35.0,0,0.7,0.2777777777777778,0.1111111111111111,0.3055555555555556,0.25,0.5555555555555556,0.0,0.027777777777777776,0.4166666666666667,0.6111111111111112,0.8611111111111112,0.49114030202700315
0,0.7,0.2777777777777778,0.1111111111111111,0.3055555555555556,0.25,0.5555555555555556,0.0,0.027777777777777776,0.4166666666666667,0.6111111111111112,0.8611111111111112,0.49114030202700315,1,-1.0,1,0.75,0.1111111111111111,0.3055555555555556,0.25,0.5555555555555556,0.0,0.027777777777777776,0.4166666666666667,0.6111111111111112,0.8611111111111112,0.027777777777777776,0.5845088072164555
1,0.75,0.1111111111111111,0.3055555555555556,0.25,0.5555555555555556,0.0,0.027777777777777776,0.4166666666666667,0.6111111111111112,0.8611111111111112,0.027777777777777776,0.5845088072164555,0,35.0,0,0.75,0.3055555555555556,0.25,0.5555555555555556,0.0,0.027777777777777776,0.4166666666666667,0.6111111111111112,0.8611111111111112,0.027777777777777776,0.3888888888888889,0.5072183355142778
0,0.75,0.3055555555555556,0.25,0.5555555555555556,0.0,0.027777777777777776,0.4166666666666667,0.6111111111111112,0.8611111111111112,0.027777777777777776,0.3888888888888889,0.5072183355142778,0,-1.0,1,0.65,0.25,0.5555555555555556,0.0,0.027777777777777776,0.4166666666666667,0.6111111111111112,0.8611111111111112,0.027777777777777776,0.3888888888888889,0.8611111111111112,0.6616729413750551
1,0.65,0.25,0.5555555555555556,0.0,0.027777777777777776,0.4166666666666667,0.6111111111111112,0.8611111111111112,0.027777777777777776,0.3888888888888889,0.8611111111111112,0.6616729413750551,1,-1.0,0,0.75,0.5555555555555556,0.0,0.027777777777777776,0.4166666666666667,0.6111111111111112,0.8611111111111112,0.027777777777777776,0.3888888888888889,0.8611111111111112,0.3888888888888889,0.6363558961548458
0,0.75,0.5555555555555556,0.0,0.027777777777777776,0.4166666666666667,0.6111111111111112,0.8611111111111112,0.027777777777777776,0.3888888888888889,0.8611111111111112,0.3888888888888889,0.6363558961548458,0,35.0,1,0.7,0.0,0.027777777777777776,0.4166666666666667,0.6111111111111112,0.8611111111111112,0.027777777777777776,0.3888888888888889,0.8611111111111112,0.3888888888888889,0.75,0.5899841496202715
1,0.7,0.0,0.027777777777777776,0.4166666666666667,0.6111111111111112,0.8611111111111112,0.027777777777777776,0.3888888888888889,0.8611111111111112,0.3888888888888889,0.75,0.5899841496202715,0,-1.0,0,0.7,0.027777777777777776,0.4166666666666667,0.6111111111111112,0.8611111111111112,0.027777777777777776,0.3888888888888889,0.8611111111111112,0.3888888888888889,0.75,0.4722222222222222,0.5298868956001087
0,0.7,0.027777777777777776,0.4166666666666667,0.6111111111111112,0.8611111111111112,0.027777777777777776,0.3888888888888889,0.8611111111111112,0.3888888888888889,0.75,0.4722222222222222,0.5298868956001087,1,35.0,1,0.7,0.4166666666666667,0.6111111111111112,0.8611111111111112,0.027777777777777776,0.3888888888888889,0.8611111111111112,0.3888888888888889,0.75,0.4722222222222222,0.8611111111111112,0.5246880425398507
1,0.7,0.4166666666666667,0.6111111111111112,0.8611111111111112,0.027777777777777776,0.3888888888888889,0.8611111111111112,0.3888888888888889,0.75,0.4722222222222222,0.8611111111111112,0.5246880425398507,1,35.0,0,0.5,0.6111111111111112,0.8611111111111112,0.027777777777777776,0.3888888888888889,0.8611111111111112,0.3888888888888889,0.75,0.4722222222222222,0.8611111111111112,0.6666666666666666,0.6601768581144737
0,0.5,0.6111111111111112,0.8611111111111112,0.027777777777777776,0.3888888888888889,0.8611111111111112,0.3888888888888889,0.75,0.4722222222222222,0.8611111111111112,0.6666666666666666,0.6601768581144737,1,35.0,1,0.05,0.8611111111111112,0.027777777777777776,0.3888888888888889,0.8611111111111112,0.3888888888888889,0.75,0.4722222222222222,0.8611111111111112,0.6666666666666666,0.05555555555555555,0.6387831076999476
1,0.05,0.8611111111111112,0.027777777777777776,0.3888888888888889,0.8611111111111112,0.3888888888888889,0.75,0.4722222222222222,0.8611111111111112,0.6666666666666666,0.05555555555555555,0.6387831076999476,1,35.0,0,0.7,0.027777777777777776,0.3888888888888889,0.8611111111111112,0.3888888888888889,0.75,0.4722222222222222,0.8611111111111112,0.6666666666666666,0.05555555555555555,0.4722222222222222,0.5185843020284253
0,0.7,0.027777777777777776,0.3888888888888889,0.8611111111111112,0.3888888888888889,0.75,0.4722222222222222,0.8611111111111112,0.6666666666666666,0.05555555555555555,0.4722222222222222,0.5185843020284253,1,-1.0,1,0.75,0.3888888888888889,0.8611111111111112,0.3888888888888889,0.75,0.4722222222222222,0.8611111111111112,0.6666666666666666,0.05555555555555555,0.4722222222222222,0.08333333333333333,0.5171126371926494
1,0.75,0.3888888888888889,0.8611111111111112,0.3888888888888889,0.75,0.4722222222222222,0.8611111111111112,0.6666666666666666,0.05555555555555555,0.4722222222222222,0.08333333333333333,0.5171126371926494,0,-1.0,0,0.7,0.8611111111111112,0.3888888888888889,0.75,0.4722222222222222,0.8611111111111112,0.6666666666666666,0.05555555555555555,0.4722222222222222,0.08333333333333333,0.9166666666666666,0.4261680240313494
0,0.7,0.8611111111111112,0.3888888888888889,0.75,0.4722222222222222,0.8611111111111112,0.6666666666666666,0.05555555555555555,0.4722222222222222,0.08333333333333333,0.9166666666666666,0.4261680240313494,1,35.0,1,0.7,0.3888888888888889,0.75,0.4722222222222222,0.8611111111111112,0.6666666666666666,0.05555555555555555,0.4722222222222222,0.08333333333333333,0.9166666666666666,0.8611111111111112,0.4917470252968168
1,0.7,0.3888888888888889,0.75,0.4722222222222222,0.8611111111111112,0.6666666666666666,0.05555555555555555,0.4722222222222222,0.08333333333333333,0.9166666666666666,0.8611111111111112,0.4917470252968168,1,35.0,0,0.65,0.75,0.4722222222222222,0.8611111111111112,0.6666666666666666,0.05555555555555555,0.4722222222222222,0.08333333333333333,0.9166666666666666,0.8611111111111112,0.5555555555555556,0.6670985329445032
0,0.65,0.75,0.4722222222222222,0.8611111111111112,0.6666666666666666,0.05555555555555555,0.4722222222222222,0.08333333333333333,0.9166666666666666,0.8611111111111112,0.5555555555555556,0.6670985329445032,1,35.0,1,0.65,0.4722222222222222,0.8611111111111112,0.6666666666666666,0.05555555555555555,0.4722222222222222,0.08333333333333333,0.9166666666666666,0.8611111111111112,0.5555555555555556,0.5555555555555556,0.6241279945516977
1,0.65,0.4722222222222222,0.8611111111111112,0.6666666666666666,0.05555555555555555,0.4722222222222222,0.08333333333333333,0.9166666666666666,0.8611111111111112,0.5555555555555556,0.5555555555555556,0.6241279945516977,1,-1.0,0,0.6,0.8611111111111112,0.6666666666666666,0.05555555555555555,0.4722222222222222,0.08333333333333333,0.9166666666666666,0.8611111111111112,0.5555555555555556,0.5555555555555556,0.19444444444444445,0.4991646033611214
0,0.6,0.8611111111111112,0.6666666666666666,0.05555555555555555,0.4722222222222222,0.08333333333333333,0.9166666666666666,0.8611111111111112,0.5555555555555556,0.5555555555555556,0.19444444444444445,0.4991646033611214,0,35.0,1,0.65,0.6666666666666666,0.05555555555555555,0.4722222222222222,0.08333333333333333,0.9166666666666666,0.8611111111111112,0.5555555555555556,0.5555555555555556,0.19444444444444445,0.75,0.490029258497368
1,0.65,0.6666666666666666,0.05555555555555555,0.4722222222222222,0.08333333333333333,0.9166666666666666,0.8611111111111112,0.5555555555555556,0.5555555555555556,0.19444444444444445,0.75,0.490029258497368,0,35.0,0,0.7,0.05555555555555555,0.4722222222222222,0.08333333333333333,0.9166666666666666,0.8611111111111112,0.5555555555555556,0.5555555555555556,0.19444444444444445,0.75,0.3333333333333333,0.4944202936547679
0,0.7,0.05555555555555555,0.4722222222222222,0.08333333333333333,0.9166666666666666,0.8611111111111112,0.5555555555555556,0.5555555555555556,0.19444444444444445,0.75,0.3333333333333333,0.4944202936547679,0,-1.0,1,0.75,0.4722222222222222,0.08333333333333333,0.9166666666666666,0.8611111111111112,0.5555555555555556,0.5555555555555556,0.19444444444444445,0.75,0.3333333333333333,0.6111111111111112,0.512300729837957
1,0.75,0.4722222222222222,0.08333333333333333,0.9166666666666666,0.8611111111111112,0.5555555555555556,0.5555555555555556,0.19444444444444445,0.75,0.3333333333333333,0.6111111111111112,0.512300729837957,1,-1.0,0,0.75,0.08333333333333333,0.9166666666666666,0.8611111111111112,0.5555555555555556,0.5555555555555556,0.19444444444444445,0.75,0.3333333333333333,0.6111111111111112,0.08333333333333333,0.4623786638038848
0,0.75,0.08333333333333333,0.9166666666666666,0.8611111111111112,0.5555555555555556,0.5555555555555556,0.19444444444444445,0.75,0.3333333333333333,0.6111111111111112,0.08333333333333333,0.4623786638038848,0,-1.0,1,0.75,0.9166666666666666,0.8611111111111112,0.5555555555555556,0.5555555555555556,0.19444444444444445,0.75,0.3333333333333333,0.6111111111111112,0.08333333333333333,0.4166666666666667,0.47467027785643895
1,0.75,0.9166666666666666,0.8611111111111112,0.5555555555555556,0.5555555555555556,0.19444444444444445,0.75,0.3333333333333333,0.6111111111111112,0.08333333333333333,0.4166666666666667,0.47467027785643895,1,35.0,0,0.7,0.8611111111111112,0.5555555555555556,0.5555555555555556,0.19444444444444445,0.75,0.3333333333333333,0.6111111111111112,0.08333333333333333,0.4166666666666667,0.3611111111111111,0.46386484531572136
0,0.7,0.8611111111111112,0.5555555555555556,0.5555555555555556,0.19444444444444445,0.75,0.3333333333333333,0.6111111111111112,0.08333333333333333,0.4166666666666667,0.3611111111111111,0.46386484531572136,1,-1.0,1,0.7,0.5555555555555556,0.5555555555555556,0.19444444444444445,0.75,0.3333333333333333,0.6111111111111112,0.08333333333333333,0.4166666666666667,0.3611111111111111,0.1388888888888889,0.4291287575201704
1,0.7,0.5555555555555556,0.5555555555555556,0.19444444444444445,0.75,0.3333333333333333,0.6111111111111112,0.08333333333333333,0.4166666666666667,0.3611111111111111,0.1388888888888889,0.4291287575201704,0,35.0,0,0.7,0.5555555555555556,0.19444444444444445,0.75,0.3333333333333333,0.6111111111111112,0.08333333333333333,0.4166666666666667,0.3611111111111111,0.1388888888888889,0.6944444444444444,0.46369868881958726
0,0.7,0.5555555555555556,0.19444444444444445,0.75,0.3333333333333333,0.6111111111111112,0.08333333333333333,0.4166666666666667,0.3611111111111111,0.1388888888888889,0.6944444444444444,0.46369868881958726,0,-1.0,1,0.7,0.19444444444444445,0.75,0.3333333333333333,0.6111111111111112,0.08333333333333333,0.4166666666666667,0.3611111111111111,0.1388888888888889,0.6944444444444444,0.9722222222222222,0.6899741415938945
1,0.7,0.19444444444444445,0.75,0.3333333333333333,0.6111111111111112,0.08333333333333333,0.4166666666666667,0.3611111111111111,0.1388888888888889,0.6944444444444444,0.9722222222222222,0.6899741415938945,1,-1.0,0,0.65,0.75,0.3333333333333333,0.6111111111111112,0.08333333333333333,0.4166666666666667,0.3611111111111111,0.1388888888888889,0.6944444444444444,0.9722222222222222,0.19444444444444445,0.5411117311684153
0,0.65,0.75,0.3333333333333333,0.6111111111111112,0.08333333333333333,0.4166666666666667,0.3611111111111111,0.1388888888888889,0.6944444444444444,0.9722222222222222,0.19444444444444445,0.5411117311684153,0,-1.0,1,0.65,0.3333333333333333,0.6111111111111112,0.08333333333333333,0.4166666666666667,0.3611111111111111,0.1388888888888889,0.6944444444444444,0.9722222222222222,0.19444444444444445,0.4722222222222222,0.5838784192240672
1,0.65,0.3333333333333333,0.6111111111111112,0.08333333333333333,0.4166666666666667,0.3611111111111111,0.1388888888888889,0.6944444444444444,0.9722222222222222,0.19444444444444445,0.4722222222222222,0.5838784192240672,1,35.0,0,0.65,0.6111111111111112,0.08333333333333333,0.4166666666666667,0.3611111111111111,0.1388888888888889,0.6944444444444444,0.9722222222222222,0.19444444444444445,0.4722222222222222,0.7222222222222222,0.6457300940207261
0,0.65,0.6111111111111112,0.08333333333333333,0.4166666666666667,0.3611111111111111,0.1388888888888889,0.6944444444444444,0.9722222222222222,0.19444444444444445,0.4722222222222222,0.7222222222222222,0.6457300940207261,1,-1.0,1,0.65,0.08333333333333333,0.4166666666666667,0.3611111111111111,0.1388888888888889,0.6944444444444444,0.9722222222222222,0.19444444444444445,0.4722222222222222,0.7222222222222222,0.9444444444444444,0.5234910420003264
1,0.65,0.08333333333333333,0.4166666666666667,0.3611111111111111,0.1388888888888889,0.6944444444444444,0.9722222222222222,0.19444444444444445,0.4722222222222222,0.7222222222222222,0.9444444444444444,0.5234910420003264,0,-1.0,0,0.7,0.4166666666666667,0.3611111111111111,0.1388888888888889,0.6944444444444444,0.9722222222222222,0.19444444444444445,0.4722222222222222,0.7222222222222222,0.9444444444444444,0.9722222222222222,0.47826213221624625
0,0.7,0.4166666666666667,0.3611111111111111,0.1388888888888889,0.6944444444444444,0.9722222222222222,0.19444444444444445,0.4722222222222222,0.7222222222222222,0.9444444444444444,0.9722222222222222,0.47826213221624625,1,35.0,1,0.7,0.3611111111111111,0.1388888888888889,0.6944444444444444,0.9722222222222222,0.19444444444444445,0.4722222222222222,0.7222222222222222,0.9444444444444444,0.9722222222222222,0.3055555555555556,0.46825544562179283
1,0.7,0.3611111111111111,0.1388888888888889,0.6944444444444444,0.9722222222222222,0.19444444444444445,0.4722222222222222,0.7222222222222222,0.9444444444444444,0.9722222222222222,0.3055555555555556,0.46825544562179283,1,-1.0,0,0.65,0.1388888888888889,0.6944444444444444,0.9722222222222222,0.19444444444444445,0.4722222222222222,0.7222222222222222,0.9444444444444444,0.9722222222222222,0.3055555555555556,0.5833333333333334,0.5063588367370789
0,0.65,0.1388888888888889,0.6944444444444444,0.9722222222222222,0.19444444444444445,0.4722222222222222,0.7222222222222222,0.9444444444444444,0.9722222222222222,0.3055555555555556,0.5833333333333334,0.5063588367370789,0,-1.0,1,0.7,0.6944444444444444,0.9722222222222222,0.19444444444444445,0.4722222222222222,0.7222222222222222,0.9444444444444444,0.9722222222222222,0.3055555555555556,0.5833333333333334,0.8055555555555556,0.45727084144411384
1,0.7,0.6944444444444444,0.9722222222222222,0.19444444444444445,0.4722222222222222,0.7222222222222222,0.9444444444444444,0.9722222222222222,0.3055555555555556,0.5833333333333334,0.8055555555555556,0.45727084144411384,1,35.0,0,0.75,0.9722222222222222,0.19444444444444445,0.4722222222222222,0.7222222222222222,0.9444444444444444,0.9722222222222222,0.3055555555555556,0.5833333333333334,0.8055555555555556,0.3611111111111111,0.40741245264479065
0,0.75,0.9722222222222222,0.19444444444444445,0.4722222222222222,0.7222222222222222,0.9444444444444444,0.9722222222222222,0.3055555555555556,0.5833333333333334,0.8055555555555556,0.3611111111111111,0.40741245264479065,1,-1.0,1,0.35,0.19444444444444445,0.4722222222222222,0.7222222222222222,0.9444444444444444,0.9722222222222222,0.3055555555555556,0.5833333333333334,0.8055555555555556,0.3611111111111111,1.0,0.5285936171397898
1,0.35,0.19444444444444445,0.4722222222222222,0.7222222222222222,0.9444444444444444,0.9722222222222222,0.3055555555555556,0.5833333333333334,0.8055555555555556,0.3611111111111111,1.0,0.5285936171397898,0,35.0,0,0.35,0.4722222222222222,0.7222222222222222,0.9444444444444444,0.9722222222222222,0.3055555555555556,0.5833333333333334,0.8055555555555556,0.3611111111111111,1.0,0.8888888888888888,0.47555971255919305
0,0.35,0.4722222222222222,0.7222222222222222,0.9444444444444444,0.9722222222222222,0.3055555555555556,0.5833333333333334,0.8055555555555556,0.3611111111111111,1.0,0.8888888888888888,0.47555971255919305,0,35.0,1,0.35,0.7222222222222222,0.9444444444444444,0.9722222222222222,0.3055555555555556,0.5833333333333334,0.8055555555555556,0.3611111111111111,1.0,0.8888888888888888,0.75,0.5540841965076805
1,0.35,0.7222222222222222,0.9444444444444444,0.9722222222222222,0.3055555555555556,0.5833333333333334,0.8055555555555556,0.3611111111111111,1.0,0.8888888888888888,0.75,0.5540841965076805,0,35.0,0,0.35,0.9444444444444444,0.9722222222222222,0.3055555555555556,0.5833333333333334,0.8055555555555556,0.3611111111111111,1.0,0.8888888888888888,0.75,0.6944444444444444,0.5236991194786104
0,0.35,0.9444444444444444,0.9722222222222222,0.3055555555555556,0.5833333333333334,0.8055555555555556,0.3611111111111111,1.0,0.8888888888888888,0.75,0.6944444444444444,0.5236991194786104,0,35.0,1,0.75,0.9722222222222222,0.3055555555555556,0.5833333333333334,0.8055555555555556,0.3611111111111111,1.0,0.8888888888888888,0.75,0.6944444444444444,1.0,0.5260367329167687
1,0.75,0.9722222222222222,0.3055555555555556,0.5833333333333334,0.8055555555555556,0.3611111111111111,1.0,0.8888888888888888,0.75,0.6944444444444444,1.0,0.5260367329167687,0,35.0,0,0.8,0.3055555555555556,0.5833333333333334,0.8055555555555556,0.3611111111111111,1.0,0.8888888888888888,0.75,0.6944444444444444,1.0,0.6944444444444444,0.46916049916828845
0,0.8,0.3055555555555556,0.5833333333333334,0.8055555555555556,0.3611111111111111,1.0,0.8888888888888888,0.75,0.6944444444444444,1.0,0.6944444444444444,0.46916049916828845,0,-1.0,1,0.95,0.5833333333333334,0.8055555555555556,0.3611111111111111,1.0,0.8888888888888888,0.75,0.6944444444444444,1.0,0.6944444444444444,0.9722222222222222,0.5662318476775431
1,0.95,0.5833333333333334,0.8055555555555556,0.3611111111111111,1.0,0.8888888888888888,0.75,0.6944444444444444,1.0,0.6944444444444444,0.9722222222222222,0.5662318476775431,1,35.0,0,0.9,0.8055555555555556,0.3611111111111111,1.0,0.8888888888888888,0.75,0.6944444444444444,1.0,0.6944444444444444,0.9722222222222222,0.2777777777777778,0.4400413245028133
0,0.9,0.8055555555555556,0.3611111111111111,1.0,0.8888888888888888,0.75,0.6944444444444444,1.0,0.6944444444444444,0.9722222222222222,0.2777777777777778,0.4400413245028133,1,35.0,1,0.8,0.3611111111111111,1.0,0.8888888888888888,0.75,0.6944444444444444,1.0,0.6944444444444444,0.9722222222222222,0.2777777777777778,0.9722222222222222,0.4168872128091681
1,0.8,0.3611111111111111,1.0,0.8888888888888888,0.75,0.6944444444444444,1.0,0.6944444444444444,0.9722222222222222,0.2777777777777778,0.9722222222222222,0.4168872128091681,1,35.0,0,0.75,1.0,0.8888888888888888,0.75,0.6944444444444444,1.0,0.6944444444444444,0.9722222222222222,0.2777777777777778,0.9722222222222222,0.5555555555555556,0.4826671629816383
0,0.75,1.0,0.8888888888888888,0.75,0.6944444444444444,1.0,0.6944444444444444,0.9722222222222222,0.2777777777777778,0.9722222222222222,0.5555555555555556,0.4826671629816383,1,-1.0,1,0.65,0.8888888888888888,0.75,0.6944444444444444,1.0,0.6944444444444444,0.9722222222222222,0.2777777777777778,0.9722222222222222,0.5555555555555556,0.08333333333333333,0.48056982819113503
1,0.65,0.8888888888888888,0.75,0.6944444444444444,1.0,0.6944444444444444,0.9722222222222222,0.2777777777777778,0.9722222222222222,0.5555555555555556,0.08333333333333333,0.48056982819113503,0,35.0,0,0.8,0.75,0.6944444444444444,1.0,0.6944444444444444,0.9722222222222222,0.2777777777777778,0.9722222222222222,0.5555555555555556,0.08333333333333333,0.5,0.49854586114353217
0,0.8,0.75,0.6944444444444444,1.0,0.6944444444444444,0.9722222222222222,0.2777777777777778,0.9722222222222222,0.5555555555555556,0.08333333333333333,0.5,0.49854586114353217,0,-1.0,1,0.65,0.6944444444444444,1.0,0.6944444444444444,0.9722222222222222,0.2777777777777778,0.9722222222222222,0.5555555555555556,0.08333333333333333,0.5,0.6111111111111112,0.4583135748965353
1,0.65,0.6944444444444444,1.0,0.6944444444444444,0.9722222222222222,0.2777777777777778,0.9722222222222222,0.5555555555555556,0.08333333333333333,0.5,0.6111111111111112,0.4583135748965353,1,-1.0,0,0.65,1.0,0.6944444444444444,0.9722222222222222,0.2777777777777778,0.9722222222222222,0.5555555555555556,0.08333333333333333,0.5,0.6111111111111112,0.5277777777777778,0.5359177476250484
0,0.65,1.0,0.6944444444444444,0.9722222222222222,0.2777777777777778,0.9722222222222222,0.5555555555555556,0.08333333333333333,0.5,0.6111111111111112,0.5277777777777778,0.5359177476250484,0,35.0,1,0.65,0.6944444444444444,0.9722222222222222,0.2777777777777778,0.9722222222222222,0.5555555555555556,0.08333333333333333,0.5,0.6111111111111112,0.5277777777777778,0.19444444444444445,0.494130639404287
1,0.65,0.6944444444444444,0.9722222222222222,0.2777777777777778,0.9722222222222222,0.5555555555555556,0.08333333333333333,0.5,0.6111111111111112,0.5277777777777778,0.19444444444444445,0.494130639404287,0,35.0,0,0.65,0.9722222222222222,0.2777777777777778,0.9722222222222222,0.5555555555555556,0.08333333333333333,0.5,0.6111111111111112,0.5277777777777778,0.19444444444444445,0.6388888888888888,0.454322559913196
0,0.65,0.9722222222222222,0.2777777777777778,0.9722222222222222,0.5555555555555556,0.08333333333333333,0.5,0.6111111111111112,0.5277777777777778,0.19444444444444445,0.6388888888888888,0.454322559913196,0,35.0,1,0.65,0.2777777777777778,0.9722222222222222,0.5555555555555556,0.08333333333333333,0.5,0.6111111111111112,0.5277777777777778,0.19444444444444445,0.6388888888888888,0.25,0.5856519115740326
1,0.65,0.2777777777777778,0.9722222222222222,0.5555555555555556,0.08333333333333333,0.5,0.6111111111111112,0.5277777777777778,0.19444444444444445,0.6388888888888888,0.25,0.5856519115740326,0,35.0,0,0.7,0.9722222222222222,0.5555555555555556,0.08333333333333333,0.5,0.6111111111111112,0.5277777777777778,0.19444444444444445,0.6388888888888888,0.25,0.25,0.4512786789155501
0,0.7,0.9722222222222222,0.5555555555555556,0.08333333333333333,0.5,0.6111111111111112,0.5277777777777778,0.19444444444444445,0.6388888888888888,0.25,0.25,0.4512786789155501,0,35.0,1,0.35,0.5555555555555556,0.08333333333333333,0.5,0.6111111111111112,0.5277777777777778,0.19444444444444445,0.6388888888888888,0.25,0.25,0.5,0.5122125409100323
1,0.35,0.5555555555555556,0.08333333333333333,0.5,0.6111111111111112,0.5277777777777778,0.19444444444444445,0.6388888888888888,0.25,0.25,0.5,0.5122125409100323,0,-1.0,0,0.8,0.08333333333333333,0.5,0.6111111111111112,0.5277777777777778,0.19444444444444445,0.6388888888888888,0.25,0.25,0.5,0.5555555555555556,0.420071043771581
0,0.8,0.08333333333333333,0.5,0.6111111111111112,0.5277777777777778,0.19444444444444445,0.6388888888888888,0.25,0.25,0.5,0.5555555555555556,0.420071043771581,1,35.0,1,0.7,0.5,0.6111111111111112,0.5277777777777778,0.19444444444444445,0.6388888888888888,0.25,0.25,0.5,0.5555555555555556,0.2777777777777778,0.5695571188722033
1,0.7,0.5,0.6111111111111112,0.5277777777777778,0.19444444444444445,0.6388888888888888,0.25,0.25,0.5,0.5555555555555556,0.2777777777777778,0.5695571188722033,1,-1.0,0,0.5,0.6111111111111112,0.5277777777777778,0.19444444444444445,0.6388888888888888,0.25,0.25,0.5,0.5555555555555556,0.2777777777777778,0.8333333333333334,0.4769596419157844
0,0.5,0.6111111111111112,0.5277777777777778,0.19444444444444445,0.6388888888888888,0.25,0.25,0.5,0.5555555555555556,0.2777777777777778,0.8333333333333334,0.4769596419157844,0,-1.0,1,0.65,0.5277777777777778,0.19444444444444445,0.6388888888888888,0.25,0.25,0.5,0.5555555555555556,0.2777777777777778,0.8333333333333334,0.9722222222222222,0.4761618294704559
1,0.65,0.5277777777777778,0.19444444444444445,0.6388888888888888,0.25,0.25,0.5,0.5555555555555556,0.2777777777777778,0.8333333333333334,0.9722222222222222,0.4761618294704559,1,35.0,0,0.65,0.19444444444444445,0.6388888888888888,0.25,0.25,0.5,0.5555555555555556,0.2777777777777778,0.8333333333333334,0.9722222222222222,0.4722222222222222,0.47879302437958304
0,0.65,0.19444444444444445,0.6388888888888888,0.25,0.25,0.5,0.5555555555555556,0.2777777777777778,0.8333333333333334,0.9722222222222222,0.4722222222222222,0.47879302437958304,1,35.0,1,0.5,0.6388888888888888,0.25,0.25,0.5,0.5555555555555556,0.2777777777777778,0.8333333333333334,0.9722222222222222,0.4722222222222222,0.3055555555555556,0.4818193976712808
1,0.5,0.6388888888888888,0.25,0.25,0.5,0.5555555555555556,0.2777777777777778,0.8333333333333334,0.9722222222222222,0.4722222222222222,0.3055555555555556,0.4818193976712808,1,-1.0,0,0.5,0.25,0.25,0.5,0.5555555555555556,0.2777777777777778,0.8333333333333334,0.9722222222222222,0.4722222222222222,0.3055555555555556,0.5277777777777778,0.5287800094759236
0,0.5,0.25,0.25,0.5,0.5555555555555556,0.2777777777777778,0.8333333333333334,0.9722222222222222,0.4722222222222222,0.3055555555555556,0.5277777777777778,0.5287800094759236,0,-1.0,1,0.5,0.25,0.5,0.5555555555555556,0.2777777777777778,0.8333333333333334,0.9722222222222222,0.4722222222222222,0.3055555555555556,0.5277777777777778,0.3055555555555556,0.5785111541503436
1,0.5,0.25,0.5,0.5555555555555556,0.2777777777777778,0.8333333333333334,0.9722222222222222,0.4722222222222222,0.3055555555555556,0.5277777777777778,0.3055555555555556,0.5785111541503436,1,35.0,0,0.45,0.5,0.5555555555555556,0.2777777777777778,0.8333333333333334,0.9722222222222222,0.4722222222222222,0.3055555555555556,0.5277777777777778,0.3055555555555556,0.6111111111111112,0.47231675623643116
0,0.45,0.5,0.5555555555555556,0.2777777777777778,0.8333333333333334,0.9722222222222222,0.4722222222222222,0.3055555555555556,0.5277777777777778,0.3055555555555556,0.6111111111111112,0.47231675623643116,1,-1.0,1,0.5,0.5555555555555556,0.2777777777777778,0.8333333333333334,0.9722222222222222,0.4722222222222222,0.3055555555555556,0.5277777777777778,0.3055555555555556,0.6111111111111112,1.0,0.5679614978253525
1,0.5,0.5555555555555556,0.2777777777777778,0.8333333333333334,0.9722222222222222,0.4722222222222222,0.3055555555555556,0.5277777777777778,0.3055555555555556,0.6111111111111112,1.0,0.5679614978253525,0,-1.0,0,0.4,0.2777777777777778,0.8333333333333334,0.9722222222222222,0.4722222222222222,0.3055555555555556,0.5277777777777778,0.3055555555555556,0.6111111111111112,1.0,0.9722222222222222,0.4886715398072566
0,0.4,0.2777777777777778,0.8333333333333334,0.9722222222222222,0.4722222222222222,0.3055555555555556,0.5277777777777778,0.3055555555555556,0.6111111111111112,1.0,0.9722222222222222,0.4886715398072566,1,35.0,1,0.5,0.8333333333333334,0.9722222222222222,0.4722222222222222,0.3055555555555556,0.5277777777777778,0.3055555555555556,0.6111111111111112,1.0,0.9722222222222222,0.3611111111111111,0.4562460998111261
1,0.5,0.8333333333333334,0.9722222222222222,0.4722222222222222,0.3055555555555556,0.5277777777777778,0.3055555555555556,0.6111111111111112,1.0,0.9722222222222222,0.3611111111111111,0.4562460998111261,1,-1.0,0,0.05,0.9722222222222222,0.4722222222222222,0.3055555555555556,0.5277777777777778,0.3055555555555556,0.6111111111111112,1.0,0.9722222222222222,0.3611111111111111,0.3333333333333333,0.5069783398555832
0,0.05,0.9722222222222222,0.4722222222222222,0.3055555555555556,0.5277777777777778,0.3055555555555556,0.6111111111111112,1.0,0.9722222222222222,0.3611111111111111,0.3333333333333333,0.5069783398555832,0,35.0,1,0.5,0.4722222222222222,0.3055555555555556,0.5277777777777778,0.3055555555555556,0.6111111111111112,1.0,0.9722222222222222,0.3611111111111111,0.3333333333333333,0.6388888888888888,0.506193584737619
1,0.5,0.4722222222222222,0.3055555555555556,0.5277777777777778,0.3055555555555556,0.6111111111111112,1.0,0.9722222222222222,0.3611111111111111,0.3333333333333333,0.6388888888888888,0.506193584737619,0,-1.0,0,0.5,0.3055555555555556,0.5277777777777778,0.3055555555555556,0.6111111111111112,1.0,0.9722222222222222,0.3611111111111111,0.3333333333333333,0.6388888888888888,0.16666666666666666,0.5198630445283249
0,0.5,0.3055555555555556,0.5277777777777778,0.3055555555555556,0.6111111111111112,1.0,0.9722222222222222,0.3611111111111111,0.3333333333333333,0.6388888888888888,0.16666666666666666,0.5198630445283249,1,35.0,1,0.45,0.5277777777777778,0.3055555555555556,0.6111111111111112,1.0,0.9722222222222222,0.3611111111111111,0.3333333333333333,0.6388888888888888,0.16666666666666666,0.3611111111111111,0.6323180422300141
1,0.45,0.5277777777777778,0.3055555555555556,0.6111111111111112,1.0,0.9722222222222222,0.3611111111111111,0.3333333333333333,0.6388888888888888,0.16666666666666666,0.3611111111111111,0.6323180422300141,1,-1.0,0,0.4,0.3055555555555556,0.6111111111111112,1.0,0.9722222222222222,0.3611111111111111,0.3333333333333333,0.6388888888888888,0.16666666666666666,0.3611111111111111,0.4444444444444444,0.46721500380414227
0,0.4,0.3055555555555556,0.6111111111111112,1.0,0.9722222222222222,0.3611111111111111,0.3333333333333333,0.6388888888888888,0.16666666666666666,0.3611111111111111,0.4444444444444444,0.46721500380414227,0,-1.0,1,0.45,0.6111111111111112,1.0,0.9722222222222222,0.3611111111111111,0.3333333333333333,0.6388888888888888,0.16666666666666666,0.3611111111111111,0.4444444444444444,0.4166666666666667,0.42716013041632694
1,0.45,0.6111111111111112,1.0,0.9722222222222222,0.3611111111111111,0.3333333333333333,0.6388888888888888,0.16666666666666666,0.3611111111111111,0.4444444444444444,0.4166666666666667,0.42716013041632694,1,35.0,0,0.45,1.0,0.9722222222222222,0.3611111111111111,0.3333333333333333,0.6388888888888888,0.16666666666666666,0.3611111111111111,0.4444444444444444,0.4166666666666667,0.7222222222222222,0.5311729378146094
0,0.45,1.0,0.9722222222222222,0.3611111111111111,0.3333333333333333,0.6388888888888888,0.16666666666666666,0.3611111111111111,0.4444444444444444,0.4166666666666667,0.7222222222222222,0.5311729378146094,1,35.0,0,0.2,0.9722222222222222,0.3611111111111111,0.3333333333333333,0.6388888888888888,0.16666666666666666,0.3611111111111111,0.4444444444444444,0.4166666666666667,0.7222222222222222,0.4166666666666667,0.5720958419581311
0,0.2,0.9722222222222222,0.3611111111111111,0.3333333333333333,0.6388888888888888,0.16666666666666666,0.3611111111111111,0.4444444444444444,0.4166666666666667,0.7222222222222222,0.4166666666666667,0.5720958419581311,1,35.0,1,0.2,0.3611111111111111,0.3333333333333333,0.6388888888888888,0.16666666666666666,0.3611111111111111,0.4444444444444444,0.4166666666666667,0.7222222222222222,0.4166666666666667,0.2222222222222222,0.5987214354924038
1,0.2,0.3611111111111111,0.3333333333333333,0.6388888888888888,0.16666666666666666,0.3611111111111111,0.4444444444444444,0.4166666666666667,0.7222222222222222,0.4166666666666667,0.2222222222222222,0.5987214354924038,1,35.0,0,0.15,0.3333333333333333,0.6388888888888888,0.16666666666666666,0.3611111111111111,0.4444444444444444,0.4166666666666667,0.7222222222222222,0.4166666666666667,0.2222222222222222,0.7222222222222222,0.4855241172537471
0,0.15,0.3333333333333333,0.6388888888888888,0.16666666666666666,0.3611111111111111,0.4444444444444444,0.4166666666666667,0.7222222222222222,0.4166666666666667,0.2222222222222222,0.7222222222222222,0.4855241172537471,1,-1.0,1,0.15,0.6388888888888888,0.16666666666666666,0.3611111111111111,0.4444444444444444,0.4166666666666667,0.7222222222222222,0.4166666666666667,0.2222222222222222,0.7222222222222222,1.0,0.5049912572750447
1,0.15,0.6388888888888888,0.16666666666666666,0.3611111111111111,0.4444444444444444,0.4166666666666667,0.7222222222222222,0.4166666666666667,0.2222222222222222,0.7222222222222222,1.0,0.5049912572750447,0,35.0,0,0.15,0.16666666666666666,0.3611111111111111,0.4444444444444444,0.4166666666666667,0.7222222222222222,0.4166666666666667,0.2222222222222222,0.7222222222222222,1.0,0.6944444444444444,0.4523879171777777
0,0.15,0.16666666666666666,0.3611111111111111,0.4444444444444444,0.4166666666666667,0.7222222222222222,0.4166666666666667,0.2222222222222222,0.7222222222222222,1.0,0.6944444444444444,0.4523879171777777,0,35.0,1,0.25,0.3611111111111111,0.4444444444444444,0.4166666666666667,0.7222222222222222,0.4166666666666667,0.2222222222222222,0.7222222222222222,1.0,0.6944444444444444,0.08333333333333333,0.49270046918886
1,0.25,0.3611111111111111,0.4444444444444444,0.4166666666666667,0.7222222222222222,0.4166666666666667,0.2222222222222222,0.7222222222222222,1.0,0.6944444444444444,0.08333333333333333,0.49270046918886,0,35.0,0,0.3,0.4444444444444444,0.4166666666666667,0.7222222222222222,0.4166666666666667,0.2222222222222222,0.7222222222222222,1.0,0.6944444444444444,0.08333333333333333,0.6944444444444444,0.5146772247642917
0,0.3,0.4444444444444444,0.4166666666666667,0.7222222222222222,0.4166666666666667,0.2222222222222222,0.7222222222222222,1.0,0.6944444444444444,0.08333333333333333,0.6944444444444444,0.5146772247642917,0,-1.0,1,0.25,0.4166666666666667,0.7222222222222222,0.4166666666666667,0.2222222222222222,0.7222222222222222,1.0,0.6944444444444444,0.08333333333333333,0.6944444444444444,0.8611111111111112,0.4507583344165414
1,0.25,0.4166666666666667,0.7222222222222222,0.4166666666666667,0.2222222222222222,0.7222222222222222,1.0,0.6944444444444444,0.08333333333333333,0.6944444444444444,0.8611111111111112,0.4507583344165414,1,35.0,0,0.3,0.7222222222222222,0.4166666666666667,0.2222222222222222,0.7222222222222222,1.0,0.6944444444444444,0.08333333333333333,0.6944444444444444,0.8611111111111112,0.4166666666666667,0.5079760962869319
0,0.3,0.7222222222222222,0.4166666666666667,0.2222222222222222,0.7222222222222222,1.0,0.6944444444444444,0.08333333333333333,0.6944444444444444,0.8611111111111112,0.4166666666666667,0.5079760962869319,1,35.0,1,0.4,0.4166666666666667,0.2222222222222222,0.7222222222222222,1.0,0.6944444444444444,0.08333333333333333,0.6944444444444444,0.8611111111111112,0.4166666666666667,0.4722222222222222,0.478429937583129
1,0.4,0.4166666666666667,0.2222222222222222,0.7222222222222222,1.0,0.6944444444444444,0.08333333333333333,0.6944444444444444,0.8611111111111112,0.4166666666666667,0.4722222222222222,0.478429937583129,1,35.0,0,0.35,0.2222222222222222,0.7222222222222222,1.0,0.6944444444444444,0.08333333333333333,0.6944444444444444,0.8611111111111112,0.4166666666666667,0.4722222222222222,0.8611111111111112,0.5069835232159744
0,0.35,0.2222222222222222,0.7222222222222222,1.0,0.6944444444444444,0.08333333333333333,0.6944444444444444,0.8611111111111112,0.4166666666666667,0.4722222222222222,0.8611111111111112,0.5069835232159744,1,-1.0,1,0.35,0.7222222222222222,1.0,0.6944444444444444,0.08333333333333333,0.6944444444444444,0.8611111111111112,0.4166666666666667,0.4722222222222222,0.8611111111111112,0.0,0.46546052363605456
1,0.35,0.7222222222222222,1.0,0.6944444444444444,0.08333333333333333,0.6944444444444444,0.8611111111111112,0.4166666666666667,0.4722222222222222,0.8611111111111112,0.0,0.46546052363605456,-1,-1.0,0,0.35,1.0,0.6944444444444444,0.08333333333333333,0.6944444444444444,0.8611111111111112,0.4166666666666667,0.4722222222222222,0.8611111111111112,0.0,0.7222222222222222,0.4246268802215091
0,0.35,1.0,0.6944444444444444,0.08333333333333333,0.6944444444444444,0.8611111111111112,0.4166666666666667,0.4722222222222222,0.8611111111111112,0.0,0.7222222222222222,0.4246268802215091,1,-1.0,1,0.35,0.6944444444444444,0.08333333333333333,0.6944444444444444,0.8611111111111112,0.4166666666666667,0.4722222222222222,0.8611111111111112,0.0,0.7222222222222222,1.0,0.4443610995475778
1,0.35,0.6944444444444444,0.08333333333333333,0.6944444444444444,0.8611111111111112,0.4166666666666667,0.4722222222222222,0.8611111111111112,0.0,0.7222222222222222,1.0,0.4443610995475778,0,-1.0,0,0.35,0.08333333333333333,0.6944444444444444,0.8611111111111112,0.4166666666666667,0.4722222222222222,0.8611111111111112,0.0,0.7222222222222222,1.0,0.1111111111111111,0.5700544497032087
0,0.35,0.08333333333333333,0.6944444444444444,0.8611111111111112,0.4166666666666667,0.4722222222222222,0.8611111111111112,0.0,0.7222222222222222,1.0,0.1111111111111111,0.5700544497032087,1,35.0,1,0.4,0.6944444444444444,0.8611111111111112,0.4166666666666667,0.4722222222222222,0.8611111111111112,0.0,0.7222222222222222,1.0,0.1111111111111111,0.8055555555555556,0.6337822646682028
1,0.4,0.6944444444444444,0.8611111111111112,0.4166666666666667,0.4722222222222222,0.8611111111111112,0.0,0.7222222222222222,1.0,0.1111111111111111,0.8055555555555556,0.6337822646682028,1,35.0,0,0.4,0.8611111111111112,0.4166666666666667,0.4722222222222222,0.8611111111111112,0.0,0.7222222222222222,1.0,0.1111111111111111,0.8055555555555556,0.3611111111111111,0.5003467088433142
0,0.4,0.8611111111111112,0.4166666666666667,0.4722222222222222,0.8611111111111112,0.0,0.7222222222222222,1.0,0.1111111111111111,0.8055555555555556,0.3611111111111111,0.5003467088433142,1,-1.0,1,0.4,0.4166666666666667,0.4722222222222222,0.8611111111111112,0.0,0.7222222222222222,1.0,0.1111111111111111,0.8055555555555556,0.3611111111111111,0.6388888888888888,0.43205896610041294
1,0.4,0.4166666666666667,0.4722222222222222,0.8611111111111112,0.0,0.7222222222222222,1.0,0.1111111111111111,0.8055555555555556,0.3611111111111111,0.6388888888888888,0.43205896610041294,0,-1.0,0,0.35,0.4722222222222222,0.8611111111111112,0.0,0.7222222222222222,1.0,0.1111111111111111,0.8055555555555556,0.3611111111111111,0.6388888888888888,0.0,0.7365358582611387
0,0.35,0.4722222222222222,0.8611111111111112,0.0,0.7222222222222222,1.0,0.1111111111111111,0.8055555555555556,0.3611111111111111,0.6388888888888888,0.0,0.7365358582611387,-1,-1.0,1,0.4,0.8611111111111112,0.0,0.7222222222222222,1.0,0.1111111111111111,0.8055555555555556,0.3611111111111111,0.6388888888888888,0.0,0.16666666666666666,0.473983021176786
1,0.4,0.8611111111111112,0.0,0.7222222222222222,1.0,0.1111111111111111,0.8055555555555556,0.3611111111111111,0.6388888888888888,0.0,0.16666666666666666,0.473983021176786,1,-1.0,0,0.4,0.0,0.7222222222222222,1.0,0.1111111111111111,0.8055555555555556,0.3611111111111111,0.6388888888888888,0.0,0.16666666666666666,0.027777777777777776,0.46411030950941035
0,0.4,0.0,0.7222222222222222,1.0,0.1111111111111111,0.8055555555555556,0.3611111111111111,0.6388888888888888,0.0,0.16666666666666666,0.027777777777777776,0.46411030950941035,0,35.0,1,0.4,0.7222222222222222,1.0,0.1111111111111111,0.8055555555555556,0.3611111111111111,0.6388888888888888,0.0,0.16666666666666666,0.027777777777777776,0.5833333333333334,0.4975564483500224
1,0.4,0.7222222222222222,1.0,0.1111111111111111,0.8055555555555556,0.3611111111111111,0.6388888888888888,0.0,0.16666666666666666,0.027777777777777776,0.5833333333333334,0.4975564483500224,0,35.0,0,0.4,1.0,0.1111111111111111,0.8055555555555556,0.3611111111111111,0.6388888888888888,0.0,0.16666666666666666,0.027777777777777776,0.5833333333333334,0.6388888888888888,0.6962837782595289
0,0.4,1.0,0.1111111111111111,0.8055555555555556,0.3611111111111111,0.6388888888888888,0.0,0.16666666666666666,0.027777777777777776,0.5833333333333334,0.6388888888888888,0.6962837782595289,0,-1.0,1,0.5,0.1111111111111111,0.8055555555555556,0.3611111111111111,0.6388888888888888,0.0,0.16666666666666666,0.027777777777777776,0.5833333333333334,0.6388888888888888,0.5555555555555556,0.4929771351118805
1,0.5,0.1111111111111111,0.8055555555555556,0.3611111111111111,0.6388888888888888,0.0,0.16666666666666666,0.027777777777777776,0.5833333333333334,0.6388888888888888,0.5555555555555556,0.4929771351118805,1,-1.0,0,0.45,0.8055555555555556,0.3611111111111111,0.6388888888888888,0.0,0.16666666666666666,0.027777777777777776,0.5833333333333334,0.6388888888888888,0.5555555555555556,0.6388888888888888,0.6304266170372742
0,0.45,0.8055555555555556,0.3611111111111111,0.6388888888888888,0.0,0.16666666666666666,0.027777777777777776,0.5833333333333334,0.6388888888888888,0.5555555555555556,0.6388888888888888,0.6304266170372742,0,-1.0,1,0.05,0.3611111111111111,0.6388888888888888,0.0,0.16666666666666666,0.027777777777777776,0.5833333333333334,0.6388888888888888,0.5555555555555556,0.6388888888888888,0.7777777777777778,0.5383023175418937
1,0.05,0.3611111111111111,0.6388888888888888,0.0,0.16666666666666666,0.027777777777777776,0.5833333333333334,0.6388888888888888,0.5555555555555556,0.6388888888888888,0.7777777777777778,0.5383023175418937,1,35.0,0,0.45,0.6388888888888888,0.0,0.16666666666666666,0.027777777777777776,0.5833333333333334,0.6388888888888888,0.5555555555555556,0.6388888888888888,0.7777777777777778,0.16666666666666666,0.6129851476344851
0,0.45,0.6388888888888888,0.0,0.16666666666666666,0.027777777777777776,0.5833333333333334,0.6388888888888888,0.5555555555555556,0.6388888888888888,0.7777777777777778,0.16666666666666666,0.6129851476344851,1,35.0,1,0.45,0.0,0.16666666666666666,0.027777777777777776,0.5833333333333334,0.6388888888888888,0.5555555555555556,0.6388888888888888,0.7777777777777778,0.16666666666666666,0.2777777777777778,0.48403097159167857
1,0.45,0.0,0.16666666666666666,0.027777777777777776,0.5833333333333334,0.6388888888888888,0.5555555555555556,0.6388888888888888,0.7777777777777778,0.16666666666666666,0.2777777777777778,0.48403097159167857,1,35.0,0,0.45,0.16666666666666666,0.027777777777777776,0.5833333333333334,0.6388888888888888,0.5555555555555556,0.6388888888888888,0.7777777777777778,0.16666666666666666,0.2777777777777778,0.3055555555555556,0.4920214179788582
0,0.45,0.16666666666666666,0.027777777777777776,0.5833333333333334,0.6388888888888888,0.5555555555555556,0.6388888888888888,0.7777777777777778,0.16666666666666666,0.2777777777777778,0.3055555555555556,0.4920214179788582,1,35.0,1,0.05,0.027777777777777776,0.5833333333333334,0.6388888888888888,0.5555555555555556,0.6388888888888888,0.7777777777777778,0.16666666666666666,0.2777777777777778,0.3055555555555556,0.6111111111111112,0.5311376305949943
1,0.05,0.027777777777777776,0.5833333333333334,0.6388888888888888,0.5555555555555556,0.6388888888888888,0.7777777777777778,0.16666666666666666,0.2777777777777778,0.3055555555555556,0.6111111111111112,0.5311376305949943,1,35.0,1,0.5,0.5833333333333334,0.6388888888888888,0.5555555555555556,0.6388888888888888,0.7777777777777778,0.16666666666666666,0.2777777777777778,0.3055555555555556,0.6111111111111112,0.05555555555555555,0.5319867898213113
1,0.5,0.5833333333333334,0.6388888888888888,0.5555555555555556,0.6388888888888888,0.7777777777777778,0.16666666666666666,0.2777777777777778,0.3055555555555556,0.6111111111111112,0.05555555555555555,0.5319867898213113,1,-1.0,0,0.5,0.6388888888888888,0.5555555555555556,0.6388888888888888,0.7777777777777778,0.16666666666666666,0.2777777777777778,0.3055555555555556,0.6111111111111112,0.05555555555555555,0.6944444444444444,0.5236638288931749
0,0.5,0.6388888888888888,0.5555555555555556,0.6388888888888888,0.7777777777777778,0.16666666666666666,0.2777777777777778,0.3055555555555556,0.6111111111111112,0.05555555555555555,0.6944444444444444,0.5236638288931749,0,-1.0,1,0.5,0.5555555555555556,0.6388888888888888,0.7777777777777778,0.16666666666666666,0.2777777777777778,0.3055555555555556,0.6111111111111112,0.05555555555555555,0.6944444444444444,0.2777777777777778,0.4843417859997885
1,0.5,0.5555555555555556,0.6388888888888888,0.7777777777777778,0.16666666666666666,0.2777777777777778,0.3055555555555556,0.6111111111111112,0.05555555555555555,0.6944444444444444,0.2777777777777778,0.4843417859997885,1,-1.0,0,0.5,0.6388888888888888,0.7777777777777778,0.16666666666666666,0.2777777777777778,0.3055555555555556,0.6111111111111112,0.05555555555555555,0.6944444444444444,0.2777777777777778,0.3888888888888889,0.4855443130022394
0,0.5,0.6388888888888888,0.7777777777777778,0.16666666666666666,0.2777777777777778,0.3055555555555556,0.6111111111111112,0.05555555555555555,0.6944444444444444,0.2777777777777778,0.3888888888888889,0.4855443130022394,0,35.0,1,0.5,0.7777777777777778,0.16666666666666666,0.2777777777777778,0.3055555555555556,0.6111111111111112,0.05555555555555555,0.6944444444444444,0.2777777777777778,0.3888888888888889,0.4444444444444444,0.5087466940856024
1,0.5,0.7777777777777778,0.16666666666666666,0.2777777777777778,0.3055555555555556,0.6111111111111112,0.05555555555555555,0.6944444444444444,0.2777777777777778,0.3888888888888889,0.4444444444444444,0.5087466940856024,0,35.0,0,0.45,0.16666666666666666,0.2777777777777778,0.3055555555555556,0.6111111111111112,0.05555555555555555,0.6944444444444444,0.2777777777777778,0.3888888888888889,0.4444444444444444,0.5,0.525670221401403
0,0.45,0.16666666666666666,0.2777777777777778,0.3055555555555556,0.6111111111111112,0.05555555555555555,0.6944444444444444,0.2777777777777778,0.3888888888888889,0.4444444444444444,0.5,0.525670221401403,0,-1.0,1,0.45,0.2777777777777778,0.3055555555555556,0.6111111111111112,0.05555555555555555,0.6944444444444444,0.2777777777777778,0.3888888888888889,0.4444444444444444,0.5,0.0,0.4856547411973078
1,0.45,0.2777777777777778,0.3055555555555556,0.6111111111111112,0.05555555555555555,0.6944444444444444,0.2777777777777778,0.3888888888888889,0.4444444444444444,0.5,0.0,0.4856547411973078,-1,-1.0,0,0.4,0.3055555555555556,0.6111111111111112,0.05555555555555555,0.6944444444444444,0.2777777777777778,0.3888888888888889,0.4444444444444444,0.5,0.0,0.08333333333333333,0.5359010168135075
0,0.4,0.3055555555555556,0.6111111111111112,0.05555555555555555,0.6944444444444444,0.2777777777777778,0.3888888888888889,0.4444444444444444,0.5,0.0,0.08333333333333333,0.5359010168135075,0,-1.0,1,0.45,0.6111111111111112,0.05555555555555555,0.6944444444444444,0.2777777777777778,0.3888888888888889,0.4444444444444444,0.5,0.0,0.08333333333333333,0.6111111111111112,0.5870551382101297
1,0.45,0.6111111111111112,0.05555555555555555,0.6944444444444444,0.2777777777777778,0.3888888888888889,0.4444444444444444,0.5,0.0,0.08333333333333333,0.6111111111111112,0.5870551382101297,1,35.0,0,0.45,0.05555555555555555,0.6944444444444444,0.2777777777777778,0.3888888888888889,0.4444444444444444,0.5,0.0,0.08333333333333333,0.6111111111111112,0.1111111111111111,0.4625444286877712
0,0.45,0.05555555555555555,0.6944444444444444,0.2777777777777778,0.3888888888888889,0.4444444444444444,0.5,0.0,0.08333333333333333,0.6111111111111112,0.1111111111111111,0.4625444286877712,1,35.0,1,0.45,0.6944444444444444,0.2777777777777778,0.3888888888888889,0.4444444444444444,0.5,0.0,0.08333333333333333,0.6111111111111112,0.1111111111111111,0.7222222222222222,0.44282844683165673
1,0.45,0.6944444444444444,0.2777777777777778,0.3888888888888889,0.4444444444444444,0.5,0.0,0.08333333333333333,0.6111111111111112,0.1111111111111111,0.7222222222222222,0.44282844683165673,1,-1.0,0,0.45,0.2777777777777778,0.3888888888888889,0.4444444444444444,0.5,0.0,0.08333333333333333,0.6111111111111112,0.1111111111111111,0.7222222222222222,0.1388888888888889,0.4620473232438488
0,0.45,0.2777777777777778,0.3888888888888889,0.4444444444444444,0.5,0.0,0.08333333333333333,0.6111111111111112,0.1111111111111111,0.7222222222222222,0.1388888888888889,0.4620473232438488,0,35.0,1,0.5,0.3888888888888889,0.4444444444444444,0.5,0.0,0.08333333333333333,0.6111111111111112,0.1111111111111111,0.7222222222222222,0.1388888888888889,0.4444444444444444,0.5395701061577127
1,0.5,0.3888888888888889,0.4444444444444444,0.5,0.0,0.08333333333333333,0.6111111111111112,0.1111111111111111,0.7222222222222222,0.1388888888888889,0.4444444444444444,0.5395701061577127,0,-1.0,0,0.45,0.4444444444444444,0.5,0.0,0.08333333333333333,0.6111111111111112,0.1111111111111111,0.7222222222222222,0.1388888888888889,0.4444444444444444,0.3055555555555556,0.5238975082405021
0,0.45,0.4444444444444444,0.5,0.0,0.08333333333333333,0.6111111111111112,0.1111111111111111,0.7222222222222222,0.1388888888888889,0.4444444444444444,0.3055555555555556,0.5238975082405021,1,35.0,0,0.5,0.5,0.0,0.08333333333333333,0.6111111111111112,0.1111111111111111,0.7222222222222222,0.1388888888888889,0.4444444444444444,0.3055555555555556,0.4166666666666667,0.46164248851861933
0,0.5,0.5,0.0,0.08333333333333333,0.6111111111111112,0.1111111111111111,0.7222222222222222,0.1388888888888889,0.4444444444444444,0.3055555555555556,0.4166666666666667,0.46164248851861933,1,-1.0,1,0.5,0.0,0.08333333333333333,0.6111111111111112,0.1111111111111111,0.7222222222222222,0.1388888888888889,0.4444444444444444,0.3055555555555556,0.4166666666666667,0.25,0.41717456025952976
1,0.5,0.0,0.08333333333333333,0.6111111111111112,0.1111111111111111,0.7222222222222222,0.1388888888888889,0.4444444444444444,0.3055555555555556,0.4166666666666667,0.25,0.41717456025952976,0,-1.0,0,0.45,0.08333333333333333,0.6111111111111112,0.1111111111111111,0.7222222222222222,0.1388888888888889,0.4444444444444444,0.3055555555555556,0.4166666666666667,0.25,0.9722222222222222,0.4492850385089992
0,0.45,0.08333333333333333,0.6111111111111112,0.1111111111111111,0.7222222222222222,0.1388888888888889,0.4444444444444444,0.3055555555555556,0.4166666666666667,0.25,0.9722222222222222,0.4492850385089992,1,35.0,1,0.5,0.6111111111111112,0.1111111111111111,0.7222222222222222,0.1388888888888889,0.4444444444444444,0.3055555555555556,0.4166666666666667,0.25,0.9722222222222222,0.4722222222222222,0.4863232426764929
1,0.5,0.6111111111111112,0.1111111111111111,0.7222222222222222,0.1388888888888889,0.4444444444444444,0.3055555555555556,0.4166666666666667,0.25,0.9722222222222222,0.4722222222222222,0.4863232426764929,1,35.0,0,0.5,0.1111111111111111,0.7222222222222222,0.1388888888888889,0.4444444444444444,0.3055555555555556,0.4166666666666667,0.25,0.9722222222222222,0.4722222222222222,0.1111111111111111,0.4499910484121028
0,0.5,0.1111111111111111,0.7222222222222222,0.1388888888888889,0.4444444444444444,0.3055555555555556,0.4166666666666667,0.25,0.9722222222222222,0.4722222222222222,0.1111111111111111,0.4499910484121028,1,35.0,1,0.6,0.7222222222222222,0.1388888888888889,0.4444444444444444,0.3055555555555556,0.4166666666666667,0.25,0.9722222222222222,0.4722222222222222,0.1111111111111111,0.8611111111111112,0.4707464217112871
1,0.6,0.7222222222222222,0.1388888888888889,0.4444444444444444,0.3055555555555556,0.4166666666666667,0.25,0.9722222222222222,0.4722222222222222,0.1111111111111111,0.8611111111111112,0.4707464217112871,1,-1.0,0,0.5,0.1388888888888889,0.4444444444444444,0.3055555555555556,0.4166666666666667,0.25,0.9722222222222222,0.4722222222222222,0.1111111111111111,0.8611111111111112,1.0,0.4532645419563803
0,0.5,0.1388888888888889,0.4444444444444444,0.3055555555555556,0.4166666666666667,0.25,0.9722222222222222,0.4722222222222222,0.1111111111111111,0.8611111111111112,1.0,0.4532645419563803,0,-1.0,1,0.05,0.4444444444444444,0.3055555555555556,0.4166666666666667,0.25,0.9722222222222222,0.4722222222222222,0.1111111111111111,0.8611111111111112,1.0,0.9166666666666666,0.5218599937700578
1,0.05,0.4444444444444444,0.3055555555555556,0.4166666666666667,0.25,0.9722222222222222,0.4722222222222222,0.1111111111111111,0.8611111111111112,1.0,0.9166666666666666,0.5218599937700578,1,-1.0,0,0.05,0.3055555555555556,0.4166666666666667,0.25,0.9722222222222222,0.4722222222222222,0.1111111111111111,0.8611111111111112,1.0,0.9166666666666666,0.1388888888888889,0.5358494185785571
0,0.05,0.3055555555555556,0.4166666666666667,0.25,0.9722222222222222,0.4722222222222222,0.1111111111111111,0.8611111111111112,1.0,0.9166666666666666,0.1388888888888889,0.5358494185785571,0,35.0,1,0.05,0.4166666666666667,0.25,0.9722222222222222,0.4722222222222222,0.1111111111111111,0.8611111111111112,1.0,0.9166666666666666,0.1388888888888889,0.9444444444444444,0.46803198415310665
1,0.05,0.4166666666666667,0.25,0.9722222222222222,0.4722222222222222,0.1111111111111111,0.8611111111111112,1.0,0.9166666666666666,0.1388888888888889,0.9444444444444444,0.46803198415310665,0,-1.0,0,0.05,0.25,0.9722222222222222,0.4722222222222222,0.1111111111111111,0.8611111111111112,1.0,0.9166666666666666,0.1388888888888889,0.9444444444444444,0.05555555555555555,0.5049689046633749
0,0.05,0.25,0.9722222222222222,0.4722222222222222,0.1111111111111111,0.8611111111111112,1.0,0.9166666666666666,0.1388888888888889,0.9444444444444444,0.05555555555555555,0.5049689046633749,1,35.0,1,0.5,0.9722222222222222,0.4722222222222222,0.1111111111111111,0.8611111111111112,1.0,0.9166666666666666,0.1388888888888889,0.9444444444444444,0.05555555555555555,0.16666666666666666,0.43246762834638347
1,0.5,0.9722222222222222,0.4722222222222222,0.1111111111111111,0.8611111111111112,1.0,0.9166666666666666,0.1388888888888889,0.9444444444444444,0.05555555555555555,0.16666666666666666,0.43246762834638347,1,35.0,0,0.5,0.4722222222222222,0.1111111111111111,0.8611111111111112,1.0,0.9166666666666666,0.1388888888888889,0.9444444444444444,0.05555555555555555,0.16666666666666666,0.4166666666666667,0.730767885230901
0,0.5,0.4722222222222222,0.1111111111111111,0.8611111111111112,1.0,0.9166666666666666,0.1388888888888889,0.9444444444444444,0.05555555555555555,0.16666666666666666,0.4166666666666667,0.730767885230901,1,-1.0,1,0.5,0.1111111111111111,0.8611111111111112,1.0,0.9166666666666666,0.1388888888888889,0.9444444444444444,0.05555555555555555,0.16666666666666666,0.4166666666666667,0.027777777777777776,0.5182224949880981
1,0.5,0.1111111111111111,0.8611111111111112,1.0,0.9166666666666666,0.1388888888888889,0.9444444444444444,0.05555555555555555,0.16666666666666666,0.4166666666666667,0.027777777777777776,0.5182224949880981,0,35.0,0,0.05,0.8611111111111112,1.0,0.9166666666666666,0.1388888888888889,0.9444444444444444,0.05555555555555555,0.16666666666666666,0.4166666666666667,0.027777777777777776,0.8888888888888888,0.48234771552185296
0,0.05,0.8611111111111112,1.0,0.9166666666666666,0.1388888888888889,0.9444444444444444,0.05555555555555555,0.16666666666666666,0.4166666666666667,0.027777777777777776,0.8888888888888888,0.48234771552185296,0,35.0,1,0.05,1.0,0.9166666666666666,0.1388888888888889,0.9444444444444444,0.05555555555555555,0.16666666666666666,0.4166666666666667,0.027777777777777776,0.8888888888888888,0.75,0.5091450437964667
1,0.05,1.0,0.9166666666666666,0.1388888888888889,0.9444444444444444,0.05555555555555555,0.16666666666666666,0.4166666666666667,0.027777777777777776,0.8888888888888888,0.75,0.5091450437964667,0,-1.0,0,0.5,0.9166666666666666,0.1388888888888889,0.9444444444444444,0.05555555555555555,0.16666666666666666,0.4166666666666667,0.027777777777777776,0.8888888888888888,0.75,0.2777777777777778,0.4802876341463335
0,0.5,0.9166666666666666,0.1388888888888889,0.9444444444444444,0.05555555555555555,0.16666666666666666,0.4166666666666667,0.027777777777777776,0.8888888888888888,0.75,0.2777777777777778,0.4802876341463335,1,-1.0,1,0.05,0.1388888888888889,0.9444444444444444,0.05555555555555555,0.16666666666666666,0.4166666666666667,0.027777777777777776,0.8888888888888888,0.75,0.2777777777777778,0.75,0.4949733531001365
1,0.05,0.1388888888888889,0.9444444444444444,0.05555555555555555,0.16666666666666666,0.4166666666666667,0.027777777777777776,0.8888888888888888,0.75,0.2777777777777778,0.75,0.4949733531001365,0,-1.0,0,0.5,0.9444444444444444,0.05555555555555555,0.16666666666666666,0.4166666666666667,0.027777777777777776,0.8888888888888888,0.75,0.2777777777777778,0.75,0.0,0.4623744286703132
0,0.5,0.9444444444444444,0.05555555555555555,0.16666666666666666,0.4166666666666667,0.027777777777777776,0.8888888888888888,0.75,0.2777777777777778,0.75,0.0,0.4623744286703132,-1,35.0,1,0.35,0.05555555555555555,0.16666666666666666,0.4166666666666667,0.027777777777777776,0.8888888888888888,0.75,0.2777777777777778,0.75,0.0,0.0,0.4580199769575863
1,0.35,0.05555555555555555,0.16666666666666666,0.4166666666666667,0.027777777777777776,0.8888888888888888,0.75,0.2777777777777778,0.75,0.0,0.0,0.4580199769575863,-1,-1.0,0,0.35,0.16666666666666666,0.4166666666666667,0.027777777777777776,0.8888888888888888,0.75,0.2777777777777778,0.75,0.0,0.0,0.6388888888888888,0.4457763787939419
0,0.35,0.16666666666666666,0.4166666666666667,0.027777777777777776,0.8888888888888888,0.75,0.2777777777777778,0.75,0.0,0.0,0.6388888888888888,0.4457763787939419,0,35.0,1,0.3,0.4166666666666667,0.027777777777777776,0.8888888888888888,0.75,0.2777777777777778,0.75,0.0,0.0,0.6388888888888888,0.3333333333333333,0.49634809456494655
1,0.3,0.4166666666666667,0.027777777777777776,0.8888888888888888,0.75,0.2777777777777778,0.75,0.0,0.0,0.6388888888888888,0.3333333333333333,0.49634809456494655,0,-1.0,0,0.4,0.027777777777777776,0.8888888888888888,0.75,0.2777777777777778,0.75,0.0,0.0,0.6388888888888888,0.3333333333333333,0.8055555555555556,0.4809399214684521
0,0.4,0.027777777777777776,0.8888888888888888,0.75,0.2777777777777778,0.75,0.0,0.0,0.6388888888888888,0.3333333333333333,0.8055555555555556,0.4809399214684521,1,35.0,1,0.5,0.8888888888888888,0.75,0.2777777777777778,0.75,0.0,0.0,0.6388888888888888,0.3333333333333333,0.8055555555555556,0.6666666666666666,0.4840796470292987
1,0.5,0.8888888888888888,0.75,0.2777777777777778,0.75,0.0,0.0,0.6388888888888888,0.3333333333333333,0.8055555555555556,0.6666666666666666,0.4840796470292987,1,-1.0,0,0.05,0.75,0.2777777777777778,0.75,0.0,0.0,0.6388888888888888,0.3333333333333333,0.8055555555555556,0.6666666666666666,0.6388888888888888,0.5209274192709206
0,0.05,0.75,0.2777777777777778,0.75,0.0,0.0,0.6388888888888888,0.3333333333333333,0.8055555555555556,0.6666666666666666,0.6388888888888888,0.5209274192709206,0,-1.0,1,0.65,0.2777777777777778,0.75,0.0,0.0,0.6388888888888888,0.3333333333333333,0.8055555555555556,0.6666666666666666,0.6388888888888888,0.4722222222222222,0.4782348993076374
1,0.65,0.2777777777777778,0.75,0.0,0.0,0.6388888888888888,0.3333333333333333,0.8055555555555556,0.6666666666666666,0.6388888888888888,0.4722222222222222,0.4782348993076374,1,35.0,0,0.05,0.75,0.0,0.0,0.6388888888888888,0.3333333333333333,0.8055555555555556,0.6666666666666666,0.6388888888888888,0.4722222222222222,0.1111111111111111,0.5361738279825625
0,0.05,0.75,0.0,0.0,0.6388888888888888,0.3333333333333333,0.8055555555555556,0.6666666666666666,0.6388888888888888,0.4722222222222222,0.1111111111111111,0.5361738279825625,1,35.0,1,0.6,0.0,0.0,0.6388888888888888,0.3333333333333333,0.8055555555555556,0.6666666666666666,0.6388888888888888,0.4722222222222222,0.1111111111111111,0.8611111111111112,0.462777812521431
1,0.6,0.0,0.0,0.6388888888888888,0.3333333333333333,0.8055555555555556,0.6666666666666666,0.6388888888888888,0.4722222222222222,0.1111111111111111,0.8611111111111112,0.462777812521431,1,-1.0,0,0.05,0.0,0.6388888888888888,0.3333333333333333,0.8055555555555556,0.6666666666666666,0.6388888888888888,0.4722222222222222,0.1111111111111111,0.8611111111111112,0.6944444444444444,0.5437670509880536
0,0.05,0.0,0.6388888888888888,0.3333333333333333,0.8055555555555556,0.6666666666666666,0.6388888888888888,0.4722222222222222,0.1111111111111111,0.8611111111111112,0.6944444444444444,0.5437670509880536,0,35.0,1,0.45,0.6388888888888888,0.3333333333333333,0.8055555555555556,0.6666666666666666,0.6388888888888888,0.4722222222222222,0.1111111111111111,0.8611111111111112,0.6944444444444444,0.3333333333333333,0.5002748687768053
1,0.45,0.6388888888888888,0.3333333333333333,0.8055555555555556,0.6666666666666666,0.6388888888888888,0.4722222222222222,0.1111111111111111,0.8611111111111112,0.6944444444444444,0.3333333333333333,0.5002748687768053,0,-1.0,0,0.4,0.3333333333333333,0.8055555555555556,0.6666666666666666,0.6388888888888888,0.4722222222222222,0.1111111111111111,0.8611111111111112,0.6944444444444444,0.3333333333333333,0.4722222222222222,0.44289985445064983
0,0.4,0.3333333333333333,0.8055555555555556,0.6666666666666666,0.6388888888888888,0.4722222222222222,0.1111111111111111,0.8611111111111112,0.6944444444444444,0.3333333333333333,0.4722222222222222,0.44289985445064983,1,35.0,1,0.45,0.8055555555555556,0.6666666666666666,0.6388888888888888,0.4722222222222222,0.1111111111111111,0.8611111111111112,0.6944444444444444,0.3333333333333333,0.4722222222222222,0.9166666666666666,0.5740667737477122
1,0.45,0.8055555555555556,0.6666666666666666,0.6388888888888888,0.4722222222222222,0.1111111111111111,0.8611111111111112,0.6944444444444444,0.3333333333333333,0.4722222222222222,0.9166666666666666,0.5740667737477122,1,-1.0,0,0.05,0.6666666666666666,0.6388888888888888,0.4722222222222222,0.1111111111111111,0.8611111111111112,0.6944444444444444,0.3333333333333333,0.4722222222222222,0.9166666666666666,0.9444444444444444,0.4248194096519365
0,0.05,0.6666666666666666,0.6388888888888888,0.4722222222222222,0.1111111111111111,0.8611111111111112,0.6944444444444444,0.3333333333333333,0.4722222222222222,0.9166666666666666,0.9444444444444444,0.4248194096519365,0,-1.0,1,0.5,0.6388888888888888,0.4722222222222222,0.1111111111111111,0.8611111111111112,0.6944444444444444,0.3333333333333333,0.4722222222222222,0.9166666666666666,0.9444444444444444,0.8055555555555556,0.4262965372634089
1,0.5,0.6388888888888888,0.4722222222222222,0.1111111111111111,0.8611111111111112,0.6944444444444444,0.3333333333333333,0.4722222222222222,0.9166666666666666,0.9444444444444444,0.8055555555555556,0.4262965372634089,1,-1.0,0,0.5,0.4722222222222222,0.1111111111111111,0.8611111111111112,0.6944444444444444,0.3333333333333333,0.4722222222222222,0.9166666666666666,0.9444444444444444,0.8055555555555556,0.6388888888888888,0.6328139791115024
0,0.5,0.4722222222222222,0.1111111111111111,0.8611111111111112,0.6944444444444444,0.3333333333333333,0.4722222222222222,0.9166666666666666,0.9444444444444444,0.8055555555555556,0.6388888888888888,0.6328139791115024,0,-1.0,1,0.45,0.1111111111111111,0.8611111111111112,0.6944444444444444,0.3333333333333333,0.4722222222222222,0.9166666666666666,0.9444444444444444,0.8055555555555556,0.6388888888888888,0.05555555555555555,0.4292649998269746
1,0.45,0.1111111111111111,0.8611111111111112,0.6944444444444444,0.3333333333333333,0.4722222222222222,0.9166666666666666,0.9444444444444444,0.8055555555555556,0.6388888888888888,0.05555555555555555,0.4292649998269746,1,-1.0,0,0.5,0.8611111111111112,0.6944444444444444,0.3333333333333333,0.4722222222222222,0.9166666666666666,0.9444444444444444,0.8055555555555556,0.6388888888888888,0.05555555555555555,0.9444444444444444,0.4744381457995773
0,0.5,0.8611111111111112,0.6944444444444444,0.3333333333333333,0.4722222222222222,0.9166666666666666,0.9444444444444444,0.8055555555555556,0.6388888888888888,0.05555555555555555,0.9444444444444444,0.4744381457995773,0,-1.0,1,0.45,0.6944444444444444,0.3333333333333333,0.4722222222222222,0.9166666666666666,0.9444444444444444,0.8055555555555556,0.6388888888888888,0.05555555555555555,0.9444444444444444,0.4166666666666667,0.6696587591908986
1,0.45,0.6944444444444444,0.3333333333333333,0.4722222222222222,0.9166666666666666,0.9444444444444444,0.8055555555555556,0.6388888888888888,0.05555555555555555,0.9444444444444444,0.4166666666666667,0.6696587591908986,1,35.0,0,0.45,0.3333333333333333,0.4722222222222222,0.9166666666666666,0.9444444444444444,0.8055555555555556,0.6388888888888888,0.05555555555555555,0.9444444444444444,0.4166666666666667,0.9722222222222222,0.6161267625831749
0,0.45,0.3333333333333333,0.4722222222222222,0.9166666666666666,0.9444444444444444,0.8055555555555556,0.6388888888888888,0.05555555555555555,0.9444444444444444,0.4166666666666667,0.9722222222222222,0.6161267625831749,1,-1.0,1,0.4,0.4722222222222222,0.9166666666666666,0.9444444444444444,0.8055555555555556,0.6388888888888888,0.05555555555555555,0.9444444444444444,0.4166666666666667,0.9722222222222222,0.027777777777777776,0.4547542067803127
1,0.4,0.4722222222222222,0.9166666666666666,0.9444444444444444,0.8055555555555556,0.6388888888888888,0.05555555555555555,0.9444444444444444,0.4166666666666667,0.9722222222222222,0.027777777777777776,0.4547542067803127,0,-1.0,0,0.45,0.9166666666666666,0.9444444444444444,0.8055555555555556,0.6388888888888888,0.05555555555555555,0.9444444444444444,0.4166666666666667,0.9722222222222222,0.027777777777777776,0.6666666666666666,0.4615114435403609
0,0.45,0.9166666666666666,0.9444444444444444,0.8055555555555556,0.6388888888888888,0.05555555555555555,0.9444444444444444,0.4166666666666667,0.9722222222222222,0.027777777777777776,0.6666666666666666,0.4615114435403609,1,-1.0,1,0.45,0.9444444444444444,0.8055555555555556,0.6388888888888888,0.05555555555555555,0.9444444444444444,0.4166666666666667,0.9722222222222222,0.027777777777777776,0.6666666666666666,0.19444444444444445,0.5003510913934894
1,0.45,0.9444444444444444,0.8055555555555556,0.6388888888888888,0.05555555555555555,0.9444444444444444,0.4166666666666667,0.9722222222222222,0.027777777777777776,0.6666666666666666,0.19444444444444445,0.5003510913934894,0,35.0,0,0.45,0.8055555555555556,0.6388888888888888,0.05555555555555555,0.9444444444444444,0.4166666666666667,0.9722222222222222,0.027777777777777776,0.6666666666666666,0.19444444444444445,0.75,0.5193063647954372
0,0.45,0.8055555555555556,0.6388888888888888,0.05555555555555555,0.9444444444444444,0.4166666666666667,0.9722222222222222,0.027777777777777776,0.6666666666666666,0.19444444444444445,0.75,0.5193063647954372,0,-1.0,0,0.5,0.6388888888888888,0.05555555555555555,0.9444444444444444,0.4166666666666667,0.9722222222222222,0.027777777777777776,0.6666666666666666,0.19444444444444445,0.75,0.7777777777777778,0.4842722830587233
0,0.5,0.6388888888888888,0.05555555555555555,0.9444444444444444,0.4166666666666667,0.9722222222222222,0.027777777777777776,0.6666666666666666,0.19444444444444445,0.75,0.7777777777777778,0.4842722830587233,1,35.0,1,0.45,0.05555555555555555,0.9444444444444444,0.4166666666666667,0.9722222222222222,0.027777777777777776,0.6666666666666666,0.19444444444444445,0.75,0.7777777777777778,0.05555555555555555,0.5160505242184734
1,0.45,0.05555555555555555,0.9444444444444444,0.4166666666666667,0.9722222222222222,0.027777777777777776,0.6666666666666666,0.19444444444444445,0.75,0.7777777777777778,0.05555555555555555,0.5160505242184734,1,-1.0,0,0.45,0.9444444444444444,0.4166666666666667,0.9722222222222222,0.027777777777777776,0.6666666666666666,0.19444444444444445,0.75,0.7777777777777778,0.05555555555555555,0.3333333333333333,0.47922037593028866
0,0.45,0.9444444444444444,0.4166666666666667,0.9722222222222222,0.027777777777777776,0.6666666666666666,0.19444444444444445,0.75,0.7777777777777778,0.05555555555555555,0.3333333333333333,0.47922037593028866,0,35.0,1,0.4,0.4166666666666667,0.9722222222222222,0.027777777777777776,0.6666666666666666,0.19444444444444445,0.75,0.7777777777777778,0.05555555555555555,0.3333333333333333,0.19444444444444445,0.5377862049372752
1,0.4,0.4166666666666667,0.9722222222222222,0.027777777777777776,0.6666666666666666,0.19444444444444445,0.75,0.7777777777777778,0.05555555555555555,0.3333333333333333,0.19444444444444445,0.5377862049372752,0,35.0,0,0.3,0.9722222222222222,0.027777777777777776,0.6666666666666666,0.19444444444444445,0.75,0.7777777777777778,0.05555555555555555,0.3333333333333333,0.19444444444444445,0.4444444444444444,0.48286986266829623
0,0.3,0.9722222222222222,0.027777777777777776,0.6666666666666666,0.19444444444444445,0.75,0.7777777777777778,0.05555555555555555,0.3333333333333333,0.19444444444444445,0.4444444444444444,0.48286986266829623,0,-1.0,1,0.4,0.027777777777777776,0.6666666666666666,0.19444444444444445,0.75,0.7777777777777778,0.05555555555555555,0.3333333333333333,0.19444444444444445,0.4444444444444444,0.05555555555555555,0.5451782844733963
1,0.4,0.027777777777777776,0.6666666666666666,0.19444444444444445,0.75,0.7777777777777778,0.05555555555555555,0.3333333333333333,0.19444444444444445,0.4444444444444444,0.05555555555555555,0.5451782844733963,1,35.0,0,0.35,0.6666666666666666,0.19444444444444445,0.75,0.7777777777777778,0.05555555555555555,0.3333333333333333,0.19444444444444445,0.4444444444444444,0.05555555555555555,0.9722222222222222,0.48643780741943365
0,0.35,0.6666666666666666,0.19444444444444445,0.75,0.7777777777777778,0.05555555555555555,0.3333333333333333,0.19444444444444445,0.4444444444444444,0.05555555555555555,0.9722222222222222,0.48643780741943365,1,-1.0,1,0.4,0.19444444444444445,0.75,0.7777777777777778,0.05555555555555555,0.3333333333333333,0.19444444444444445,0.4444444444444444,0.05555555555555555,0.9722222222222222,0.6388888888888888,0.47731979336610153
1,0.4,0.19444444444444445,0.75,0.7777777777777778,0.05555555555555555,0.3333333333333333,0.19444444444444445,0.4444444444444444,0.05555555555555555,0.9722222222222222,0.6388888888888888,0.47731979336610153,0,-1.0,0,0.4,0.75,0.7777777777777778,0.05555555555555555,0.3333333333333333,0.19444444444444445,0.4444444444444444,0.05555555555555555,0.9722222222222222,0.6388888888888888,0.6666666666666666,0.4115777800260798
0,0.4,0.75,0.7777777777777778,0.05555555555555555,0.3333333333333333,0.19444444444444445,0.4444444444444444,0.05555555555555555,0.9722222222222222,0.6388888888888888,0.6666666666666666,0.4115777800260798,1,-1.0,1,0.4,0.7777777777777778,0.05555555555555555,0.3333333333333333,0.19444444444444445,0.4444444444444444,0.05555555555555555,0.9722222222222222,0.6388888888888888,0.6666666666666666,0.75,0.5441671816330385
1,0.4,0.7777777777777778,0.05555555555555555,0.3333333333333333,0.19444444444444445,0.4444444444444444,0.05555555555555555,0.9722222222222222,0.6388888888888888,0.6666666666666666,0.75,0.5441671816330385,0,35.0,0,0.4,0.05555555555555555,0.3333333333333333,0.19444444444444445,0.4444444444444444,0.05555555555555555,0.9722222222222222,0.6388888888888888,0.6666666666666666,0.75,0.027777777777777776,0.4654146646984008
0,0.4,0.05555555555555555,0.3333333333333333,0.19444444444444445,0.4444444444444444,0.05555555555555555,0.9722222222222222,0.6388888888888888,0.6666666666666666,0.75,0.027777777777777776,0.4654146646984008,0,35.0,1,0.45,0.3333333333333333,0.19444444444444445,0.4444444444444444,0.05555555555555555,0.9722222222222222,0.6388888888888888,0.6666666666666666,0.75,0.027777777777777776,0.8333333333333334,0.5068550246643525
1,0.45,0.3333333333333333,0.19444444444444445,0.4444444444444444,0.05555555555555555,0.9722222222222222,0.6388888888888888,0.6666666666666666,0.75,0.027777777777777776,0.8333333333333334,0.5068550246643525,0,35.0,0,0.45,0.19444444444444445,0.4444444444444444,0.05555555555555555,0.9722222222222222,0.6388888888888888,0.6666666666666666,0.75,0.027777777777777776,0.8333333333333334,0.19444444444444445,0.48409967017932815
0,0.45,0.19444444444444445,0.4444444444444444,0.05555555555555555,0.9722222222222222,0.6388888888888888,0.6666666666666666,0.75,0.027777777777777776,0.8333333333333334,0.19444444444444445,0.48409967017932815,0,35.0,1,0.45,0.4444444444444444,0.05555555555555555,0.9722222222222222,0.6388888888888888,0.6666666666666666,0.75,0.027777777777777776,0.8333333333333334,0.19444444444444445,0.4444444444444444,0.4861968106903717
1,0.45,0.4444444444444444,0.05555555555555555,0.9722222222222222,0.6388888888888888,0.6666666666666666,0.75,0.027777777777777776,0.8333333333333334,0.19444444444444445,0.4444444444444444,0.4861968106903717,0,35.0,0,0.05,0.05555555555555555,0.9722222222222222,0.6388888888888888,0.6666666666666666,0.75,0.027777777777777776,0.8333333333333334,0.19444444444444445,0.4444444444444444,0.19444444444444445,0.49470769180977525
0,0.05,0.05555555555555555,0.9722222222222222,0.6388888888888888,0.6666666666666666,0.75,0.027777777777777776,0.8333333333333334,0.19444444444444445,0.4444444444444444,0.19444444444444445,0.49470769180977525,0,35.0,1,0.05,0.9722222222222222,0.6388888888888888,0.6666666666666666,0.75,0.027777777777777776,0.8333333333333334,0.19444444444444445,0.4444444444444444,0.19444444444444445,0.8888888888888888,0.48699478752188313
1,0.05,0.9722222222222222,0.6388888888888888,0.6666666666666666,0.75,0.027777777777777776,0.8333333333333334,0.19444444444444445,0.4444444444444444,0.19444444444444445,0.8888888888888888,0.48699478752188313,0,-1.0,0,0.05,0.6388888888888888,0.6666666666666666,0.75,0.027777777777777776,0.8333333333333334,0.19444444444444445,0.4444444444444444,0.19444444444444445,0.8888888888888888,0.2777777777777778,0.5097926767416259
0,0.05,0.6388888888888888,0.6666666666666666,0.75,0.027777777777777776,0.8333333333333334,0.19444444444444445,0.4444444444444444,0.19444444444444445,0.8888888888888888,0.2777777777777778,0.5097926767416259,1,35.0,1,0.4,0.6666666666666666,0.75,0.027777777777777776,0.8333333333333334,0.19444444444444445,0.4444444444444444,0.19444444444444445,0.8888888888888888,0.2777777777777778,0.05555555555555555,0.4879718406793755
1,0.4,0.6666666666666666,0.75,0.027777777777777776,0.8333333333333334,0.19444444444444445,0.4444444444444444,0.19444444444444445,0.8888888888888888,0.2777777777777778,0.05555555555555555,0.4879718406793755,1,35.0,0,0.45,0.75,0.027777777777777776,0.8333333333333334,0.19444444444444445,0.4444444444444444,0.19444444444444445,0.8888888888888888,0.2777777777777778,0.05555555555555555,0.8055555555555556,0.5213385861474741
0,0.45,0.75,0.027777777777777776,0.8333333333333334,0.19444444444444445,0.4444444444444444,0.19444444444444445,0.8888888888888888,0.2777777777777778,0.05555555555555555,0.8055555555555556,0.5213385861474741,1,-1.0,1,0.35,0.027777777777777776,0.8333333333333334,0.19444444444444445,0.4444444444444444,0.19444444444444445,0.8888888888888888,0.2777777777777778,0.05555555555555555,0.8055555555555556,1.0,0.5272293373864448
1,0.35,0.027777777777777776,0.8333333333333334,0.19444444444444445,0.4444444444444444,0.19444444444444445,0.8888888888888888,0.2777777777777778,0.05555555555555555,0.8055555555555556,1.0,0.5272293373864448,0,35.0,0,0.45,0.8333333333333334,0.19444444444444445,0.4444444444444444,0.19444444444444445,0.8888888888888888,0.2777777777777778,0.05555555555555555,0.8055555555555556,1.0,0.25,0.5459161089150507
0,0.45,0.8333333333333334,0.19444444444444445,0.4444444444444444,0.19444444444444445,0.8888888888888888,0.2777777777777778,0.05555555555555555,0.8055555555555556,1.0,0.25,0.5459161089150507,0,35.0,1,0.45,0.19444444444444445,0.4444444444444444,0.19444444444444445,0.8888888888888888,0.2777777777777778,0.05555555555555555,0.8055555555555556,1.0,0.25,0.1388888888888889,0.5413356616715604
1,0.45,0.19444444444444445,0.4444444444444444,0.19444444444444445,0.8888888888888888,0.2777777777777778,0.05555555555555555,0.8055555555555556,1.0,0.25,0.1388888888888889,0.5413356616715604,0,-1.0,0,0.45,0.4444444444444444,0.19444444444444445,0.8888888888888888,0.2777777777777778,0.05555555555555555,0.8055555555555556,1.0,0.25,0.1388888888888889,0.8055555555555556,0.5898068812641838
0,0.45,0.4444444444444444,0.19444444444444445,0.8888888888888888,0.2777777777777778,0.05555555555555555,0.8055555555555556,1.0,0.25,0.1388888888888889,0.8055555555555556,0.5898068812641838,1,35.0,1,0.4,0.19444444444444445,0.8888888888888888,0.2777777777777778,0.05555555555555555,0.8055555555555556,1.0,0.25,0.1388888888888889,0.8055555555555556,0.9722222222222222,0.5283616728960849
1,0.4,0.19444444444444445,0.8888888888888888,0.2777777777777778,0.05555555555555555,0.8055555555555556,1.0,0.25,0.1388888888888889,0.8055555555555556,0.9722222222222222,0.5283616728960849,1,35.0,0,0.4,0.8888888888888888,0.2777777777777778,0.05555555555555555,0.8055555555555556,1.0,0.25,0.1388888888888889,0.8055555555555556,0.9722222222222222,0.4722222222222222,0.4734900799353477
0,0.4,0.8888888888888888,0.2777777777777778,0.05555555555555555,0.8055555555555556,1.0,0.25,0.1388888888888889,0.8055555555555556,0.9722222222222222,0.4722222222222222,0.4734900799353477,1,35.0,1,0.4,0.2777777777777778,0.05555555555555555,0.8055555555555556,1.0,0.25,0.1388888888888889,0.8055555555555556,0.9722222222222222,0.4722222222222222,0.05555555555555555,0.5743692628145675
1,0.4,0.2777777777777778,0.05555555555555555,0.8055555555555556,1.0,0.25,0.1388888888888889,0.8055555555555556,0.9722222222222222,0.4722222222222222,0.05555555555555555,0.5743692628145675,1,-1.0,0,0.05,0.05555555555555555,0.8055555555555556,1.0,0.25,0.1388888888888889,0.8055555555555556,0.9722222222222222,0.4722222222222222,0.05555555555555555,0.3888888888888889,0.5961115191185343
0,0.05,0.05555555555555555,0.8055555555555556,1.0,0.25,0.1388888888888889,0.8055555555555556,0.9722222222222222,0.4722222222222222,0.05555555555555555,0.3888888888888889,0.5961115191185343,0,-1.0,1,0.5,0.8055555555555556,1.0,0.25,0.1388888888888889,0.8055555555555556,0.9722222222222222,0.4722222222222222,0.05555555555555555,0.3888888888888889,0.4722222222222222,0.5604579812292474
1,0.5,0.8055555555555556,1.0,0.25,0.1388888888888889,0.8055555555555556,0.9722222222222222,0.4722222222222222,0.05555555555555555,0.3888888888888889,0.4722222222222222,0.5604579812292474,1,35.0,0,0.05,1.0,0.25,0.1388888888888889,0.8055555555555556,0.9722222222222222,0.4722222222222222,0.05555555555555555,0.3888888888888889,0.4722222222222222,0.4722222222222222,0.41454133610832045
0,0.05,1.0,0.25,0.1388888888888889,0.8055555555555556,0.9722222222222222,0.4722222222222222,0.05555555555555555,0.3888888888888889,0.4722222222222222,0.4722222222222222,0.41454133610832045,1,35.0,0,0.05,0.25,0.1388888888888889,0.8055555555555556,0.9722222222222222,0.4722222222222222,0.05555555555555555,0.3888888888888889,0.4722222222222222,0.4722222222222222,0.05555555555555555,0.49280018052203006
0,0.05,0.25,0.1388888888888889,0.8055555555555556,0.9722222222222222,0.4722222222222222,0.05555555555555555,0.3888888888888889,0.4722222222222222,0.4722222222222222,0.05555555555555555,0.49280018052203006,1,-1.0,1,0.05,0.1388888888888889,0.8055555555555556,0.9722222222222222,0.4722222222222222,0.05555555555555555,0.3888888888888889,0.4722222222222222,0.4722222222222222,0.05555555555555555,0.75,0.4874905296593286
1,0.05,0.1388888888888889,0.8055555555555556,0.9722222222222222,0.4722222222222222,0.05555555555555555,0.3888888888888889,0.4722222222222222,0.4722222222222222,0.05555555555555555,0.75,0.4874905296593286,0,35.0,0,0.4,0.8055555555555556,0.9722222222222222,0.4722222222222222,0.05555555555555555,0.3888888888888889,0.4722222222222222,0.4722222222222222,0.05555555555555555,0.75,0.75,0.5135152691234065
0,0.4,0.8055555555555556,0.9722222222222222,0.4722222222222222,0.05555555555555555,0.3888888888888889,0.4722222222222222,0.4722222222222222,0.05555555555555555,0.75,0.75,0.5135152691234065,0,35.0,1,0.5,0.9722222222222222,0.4722222222222222,0.05555555555555555,0.3888888888888889,0.4722222222222222,0.4722222222222222,0.05555555555555555,0.75,0.75,0.3333333333333333,0.4461447603821674
1,0.5,0.9722222222222222,0.4722222222222222,0.05555555555555555,0.3888888888888889,0.4722222222222222,0.4722222222222222,0.05555555555555555,0.75,0.75,0.3333333333333333,0.4461447603821674,0,-1.0,0,0.5,0.4722222222222222,0.05555555555555555,0.3888888888888889,0.4722222222222222,0.4722222222222222,0.05555555555555555,0.75,0.75,0.3333333333333333,0.9166666666666666,0.5363865012222836
0,0.5,0.4722222222222222,0.05555555555555555,0.3888888888888889,0.4722222222222222,0.4722222222222222,0.05555555555555555,0.75,0.75,0.3333333333333333,0.9166666666666666,0.5363865012222836,1,35.0,1,0.35,0.05555555555555555,0.3888888888888889,0.4722222222222222,0.4722222222222222,0.05555555555555555,0.75,0.75,0.3333333333333333,0.9166666666666666,0.9722222222222222,0.5222110114623626
1,0.35,0.05555555555555555,0.3888888888888889,0.4722222222222222,0.4722222222222222,0.05555555555555555,0.75,0.75,0.3333333333333333,0.9166666666666666,0.9722222222222222,0.5222110114623626,1,35.0,0,0.45,0.3888888888888889,0.4722222222222222,0.4722222222222222,0.05555555555555555,0.75,0.75,0.3333333333333333,0.9166666666666666,0.9722222222222222,0.6666666666666666,0.5792197859191119
0,0.45,0.3888888888888889,0.4722222222222222,0.4722222222222222,0.05555555555555555,0.75,0.75,0.3333333333333333,0.9166666666666666,0.9722222222222222,0.6666666666666666,0.5792197859191119,1,-1.0,1,0.45,0.4722222222222222,0.4722222222222222,0.05555555555555555,0.75,0.75,0.3333333333333333,0.9166666666666666,0.9722222222222222,0.6666666666666666,0.8333333333333334,0.5328549176883025
1,0.45,0.4722222222222222,0.4722222222222222,0.05555555555555555,0.75,0.75,0.3333333333333333,0.9166666666666666,0.9722222222222222,0.6666666666666666,0.8333333333333334,0.5328549176883025,0,-1.0,0,0.35,0.4722222222222222,0.05555555555555555,0.75,0.75,0.3333333333333333,0.9166666666666666,0.9722222222222222,0.6666666666666666,0.8333333333333334,0.2222222222222222,0.5121965005933191
0,0.35,0.4722222222222222,0.05555555555555555,0.75,0.75,0.3333333333333333,0.9166666666666666,0.9722222222222222,0.6666666666666666,0.8333333333333334,0.2222222222222222,0.5121965005933191,1,-1.0,1,0.35,0.05555555555555555,0.75,0.75,0.3333333333333333,0.9166666666666666,0.9722222222222222,0.6666666666666666,0.8333333333333334,0.2222222222222222,0.027777777777777776,0.4941144127293532
1,0.35,0.05555555555555555,0.75,0.75,0.3333333333333333,0.9166666666666666,0.9722222222222222,0.6666666666666666,0.8333333333333334,0.2222222222222222,0.027777777777777776,0.4941144127293532,0,35.0,0,0.35,0.75,0.75,0.3333333333333333,0.9166666666666666,0.9722222222222222,0.6666666666666666,0.8333333333333334,0.2222222222222222,0.027777777777777776,0.5277777777777778,0.5688518715399999
0,0.35,0.75,0.75,0.3333333333333333,0.9166666666666666,0.9722222222222222,0.6666666666666666,0.8333333333333334,0.2222222222222222,0.027777777777777776,0.5277777777777778,0.5688518715399999,0,-1.0,1,0.4,0.75,0.3333333333333333,0.9166666666666666,0.9722222222222222,0.6666666666666666,0.8333333333333334,0.2222222222222222,0.027777777777777776,0.5277777777777778,0.4722222222222222,0.6490580564047876
1,0.4,0.75,0.3333333333333333,0.9166666666666666,0.9722222222222222,0.6666666666666666,0.8333333333333334,0.2222222222222222,0.027777777777777776,0.5277777777777778,0.4722222222222222,0.6490580564047876,1,35.0,0,0.4,0.3333333333333333,0.9166666666666666,0.9722222222222222,0.6666666666666666,0.8333333333333334,0.2222222222222222,0.027777777777777776,0.5277777777777778,0.4722222222222222,0.2222222222222222,0.627363659674914
0,0.4,0.3333333333333333,0.9166666666666666,0.9722222222222222,0.6666666666666666,0.8333333333333334,0.2222222222222222,0.027777777777777776,0.5277777777777778,0.4722222222222222,0.2222222222222222,0.627363659674914,1,35.0,1,0.4,0.9166666666666666,0.9722222222222222,0.6666666666666666,0.8333333333333334,0.2222222222222222,0.027777777777777776,0.5277777777777778,0.4722222222222222,0.2222222222222222,0.3611111111111111,0.5201155404448282
1,0.4,0.9166666666666666,0.9722222222222222,0.6666666666666666,0.8333333333333334,0.2222222222222222,0.027777777777777776,0.5277777777777778,0.4722222222222222,0.2222222222222222,0.3611111111111111,0.5201155404448282,1,-1.0,0,0.45,0.9722222222222222,0.6666666666666666,0.8333333333333334,0.2222222222222222,0.027777777777777776,0.5277777777777778,0.4722222222222222,0.2222222222222222,0.3611111111111111,0.1388888888888889,0.46495102575273944
0,0.45,0.9722222222222222,0.6666666666666666,0.8333333333333334,0.2222222222222222,0.027777777777777776,0.5277777777777778,0.4722222222222222,0.2222222222222222,0.3611111111111111,0.1388888888888889,0.46495102575273944,0,-1.0,1,0.5,0.6666666666666666,0.8333333333333334,0.2222222222222222,0.027777777777777776,0.5277777777777778,0.4722222222222222,0.2222222222222222,0.3611111111111111,0.1388888888888889,0.8055555555555556,0.5366292855011524
1,0.5,0.6666666666666666,0.8333333333333334,0.2222222222222222,0.027777777777777776,0.5277777777777778,0.4722222222222222,0.2222222222222222,0.3611111111111111,0.1388888888888889,0.8055555555555556,0.5366292855011524,1,35.0,0,0.6,0.8333333333333334,0.2222222222222222,0.027777777777777776,0.5277777777777778,0.4722222222222222,0.2222222222222222,0.3611111111111111,0.1388888888888889,0.8055555555555556,0.7777777777777778,0.49736638317165816
0,0.6,0.8333333333333334,0.2222222222222222,0.027777777777777776,0.5277777777777778,0.4722222222222222,0.2222222222222222,0.3611111111111111,0.1388888888888889,0.8055555555555556,0.7777777777777778,0.49736638317165816,1,-1.0,1,0.7,0.2222222222222222,0.027777777777777776,0.5277777777777778,0.4722222222222222,0.2222222222222222,0.3611111111111111,0.1388888888888889,0.8055555555555556,0.7777777777777778,0.3333333333333333,0.48028052506081115
1,0.7,0.2222222222222222,0.027777777777777776,0.5277777777777778,0.4722222222222222,0.2222222222222222,0.3611111111111111,0.1388888888888889,0.8055555555555556,0.7777777777777778,0.3333333333333333,0.48028052506081115,0,35.0,0,0.6,0.027777777777777776,0.5277777777777778,0.4722222222222222,0.2222222222222222,0.3611111111111111,0.1388888888888889,0.8055555555555556,0.7777777777777778,0.3333333333333333,0.1388888888888889,0.5556255673166336
0,0.6,0.027777777777777776,0.5277777777777778,0.4722222222222222,0.2222222222222222,0.3611111111111111,0.1388888888888889,0.8055555555555556,0.7777777777777778,0.3333333333333333,0.1388888888888889,0.5556255673166336,0,35.0,1,0.6,0.5277777777777778,0.4722222222222222,0.2222222222222222,0.3611111111111111,0.1388888888888889,0.8055555555555556,0.7777777777777778,0.3333333333333333,0.1388888888888889,0.6388888888888888,0.48413029298957005
1,0.6,0.5277777777777778,0.4722222222222222,0.2222222222222222,0.3611111111111111,0.1388888888888889,0.8055555555555556,0.7777777777777778,0.3333333333333333,0.1388888888888889,0.6388888888888888,0.48413029298957005,0,-1.0,0,0.5,0.4722222222222222,0.2222222222222222,0.3611111111111111,0.1388888888888889,0.8055555555555556,0.7777777777777778,0.3333333333333333,0.1388888888888889,0.6388888888888888,0.3611111111111111,0.5296280442413842
0,0.5,0.4722222222222222,0.2222222222222222,0.3611111111111111,0.1388888888888889,0.8055555555555556,0.7777777777777778,0.3333333333333333,0.1388888888888889,0.6388888888888888,0.3611111111111111,0.5296280442413842,1,-1.0,1,0.05,0.2222222222222222,0.3611111111111111,0.1388888888888889,0.8055555555555556,0.7777777777777778,0.3333333333333333,0.1388888888888889,0.6388888888888888,0.3611111111111111,0.6944444444444444,0.5397398471497337
1,0.05,0.2222222222222222,0.3611111111111111,0.1388888888888889,0.8055555555555556,0.7777777777777778,0.3333333333333333,0.1388888888888889,0.6388888888888888,0.3611111111111111,0.6944444444444444,0.5397398471497337,0,35.0,0,0.5,0.3611111111111111,0.1388888888888889,0.8055555555555556,0.7777777777777778,0.3333333333333333,0.1388888888888889,0.6388888888888888,0.3611111111111111,0.6944444444444444,0.19444444444444445,0.49073144569320987
0,0.5,0.3611111111111111,0.1388888888888889,0.8055555555555556,0.7777777777777778,0.3333333333333333,0.1388888888888889,0.6388888888888888,0.3611111111111111,0.6944444444444444,0.19444444444444445,0.49073144569320987,0,-1.0,1,0.45,0.1388888888888889,0.8055555555555556,0.7777777777777778,0.3333333333333333,0.1388888888888889,0.6388888888888888,0.3611111111111111,0.6944444444444444,0.19444444444444445,0.9722222222222222,0.5410523142994432
1,0.45,0.1388888888888889,0.8055555555555556,0.7777777777777778,0.3333333333333333,0.1388888888888889,0.6388888888888888,0.3611111111111111,0.6944444444444444,0.19444444444444445,0.9722222222222222,0.5410523142994432,1,35.0,0,0.45,0.8055555555555556,0.7777777777777778,0.3333333333333333,0.1388888888888889,0.6388888888888888,0.3611111111111111,0.6944444444444444,0.19444444444444445,0.9722222222222222,0.4722222222222222,0.5363752688314808
0,0.45,0.8055555555555556,0.7777777777777778,0.3333333333333333,0.1388888888888889,0.6388888888888888,0.3611111111111111,0.6944444444444444,0.19444444444444445,0.9722222222222222,0.4722222222222222,0.5363752688314808,1,35.0,1,0.5,0.7777777777777778,0.3333333333333333,0.1388888888888889,0.6388888888888888,0.3611111111111111,0.6944444444444444,0.19444444444444445,0.9722222222222222,0.4722222222222222,0.9722222222222222,0.5502003184141107
1,0.5,0.7777777777777778,0.3333333333333333,0.1388888888888889,0.6388888888888888,0.3611111111111111,0.6944444444444444,0.19444444444444445,0.9722222222222222,0.4722222222222222,0.9722222222222222,0.5502003184141107,1,35.0,0,0.05,0.3333333333333333,0.1388888888888889,0.6388888888888888,0.3611111111111111,0.6944444444444444,0.19444444444444445,0.9722222222222222,0.4722222222222222,0.9722222222222222,0.8611111111111112,0.5103485315059905
0,0.05,0.3333333333333333,0.1388888888888889,0.6388888888888888,0.3611111111111111,0.6944444444444444,0.19444444444444445,0.9722222222222222,0.4722222222222222,0.9722222222222222,0.8611111111111112,0.5103485315059905,1,35.0,1,0.6,0.1388888888888889,0.6388888888888888,0.3611111111111111,0.6944444444444444,0.19444444444444445,0.9722222222222222,0.4722222222222222,0.9722222222222222,0.8611111111111112,0.8055555555555556,0.5090996346704668
1,0.6,0.1388888888888889,0.6388888888888888,0.3611111111111111,0.6944444444444444,0.19444444444444445,0.9722222222222222,0.4722222222222222,0.9722222222222222,0.8611111111111112,0.8055555555555556,0.5090996346704668,1,35.0,0,0.7,0.6388888888888888,0.3611111111111111,0.6944444444444444,0.19444444444444445,0.9722222222222222,0.4722222222222222,0.9722222222222222,0.8611111111111112,0.8055555555555556,0.16666666666666666,0.4597111657739288
0,0.7,0.6388888888888888,0.3611111111111111,0.6944444444444444,0.19444444444444445,0.9722222222222222,0.4722222222222222,0.9722222222222222,0.8611111111111112,0.8055555555555556,0.16666666666666666,0.4597111657739288,1,35.0,1,0.6,0.3611111111111111,0.6944444444444444,0.19444444444444445,0.9722222222222222,0.4722222222222222,0.9722222222222222,0.8611111111111112,0.8055555555555556,0.16666666666666666,0.7777777777777778,0.5874385644681128
1,0.6,0.3611111111111111,0.6944444444444444,0.19444444444444445,0.9722222222222222,0.4722222222222222,0.9722222222222222,0.8611111111111112,0.8055555555555556,0.16666666666666666,0.7777777777777778,0.5874385644681128,1,-1.0,1,0.05,0.6944444444444444,0.19444444444444445,0.9722222222222222,0.4722222222222222,0.9722222222222222,0.8611111111111112,0.8055555555555556,0.16666666666666666,0.7777777777777778,0.3888888888888889,0.5826057025372734
